[2025-11-18 12:27:49] local.ERROR: SQLSTATE[HY000] [1049] Unknown database 'frontendsec' (Connection: mysql, SQL: select * from `sessions` where `id` = dXN4cEvFtXiyES8mXnRdlQq4LjQhRVxbKyjoWKur limit 1) {"exception":"[object] (Illuminate\\Database\\QueryException(code: 1049): SQLSTATE[HY000] [1049] Unknown database 'frontendsec' (Connection: mysql, SQL: select * from `sessions` where `id` = dXN4cEvFtXiyES8mXnRdlQq4LjQhRVxbKyjoWKur limit 1) at C:\\xampp\\htdocs\\secprog\\SecPro\\FrontEndSec\\vendor\\laravel\\framework\\src\\Illuminate\\Database\\Connection.php:824)
[stacktrace]
#0 C:\\xampp\\htdocs\\secprog\\SecPro\\FrontEndSec\\vendor\\laravel\\framework\\src\\Illuminate\\Database\\Connection.php(778): Illuminate\\Database\\Connection->runQueryCallback('select * from `...', Array, Object(Closure))
#1 C:\\xampp\\htdocs\\secprog\\SecPro\\FrontEndSec\\vendor\\laravel\\framework\\src\\Illuminate\\Database\\Connection.php(397): Illuminate\\Database\\Connection->run('select * from `...', Array, Object(Closure))
#2 C:\\xampp\\htdocs\\secprog\\SecPro\\FrontEndSec\\vendor\\laravel\\framework\\src\\Illuminate\\Database\\Query\\Builder.php(3188): Illuminate\\Database\\Connection->select('select * from `...', Array, false)
#3 C:\\xampp\\htdocs\\secprog\\SecPro\\FrontEndSec\\vendor\\laravel\\framework\\src\\Illuminate\\Database\\Query\\Builder.php(3173): Illuminate\\Database\\Query\\Builder->runSelect()
#4 C:\\xampp\\htdocs\\secprog\\SecPro\\FrontEndSec\\vendor\\laravel\\framework\\src\\Illuminate\\Database\\Query\\Builder.php(3763): Illuminate\\Database\\Query\\Builder->Illuminate\\Database\\Query\\{closure}()
#5 C:\\xampp\\htdocs\\secprog\\SecPro\\FrontEndSec\\vendor\\laravel\\framework\\src\\Illuminate\\Database\\Query\\Builder.php(3172): Illuminate\\Database\\Query\\Builder->onceWithColumns(Array, Object(Closure))
#6 C:\\xampp\\htdocs\\secprog\\SecPro\\FrontEndSec\\vendor\\laravel\\framework\\src\\Illuminate\\Database\\Concerns\\BuildsQueries.php(366): Illuminate\\Database\\Query\\Builder->get(Array)
#7 C:\\xampp\\htdocs\\secprog\\SecPro\\FrontEndSec\\vendor\\laravel\\framework\\src\\Illuminate\\Database\\Query\\Builder.php(3095): Illuminate\\Database\\Query\\Builder->first(Array)
#8 C:\\xampp\\htdocs\\secprog\\SecPro\\FrontEndSec\\vendor\\laravel\\framework\\src\\Illuminate\\Session\\DatabaseSessionHandler.php(96): Illuminate\\Database\\Query\\Builder->find('dXN4cEvFtXiyES8...')
#9 C:\\xampp\\htdocs\\secprog\\SecPro\\FrontEndSec\\vendor\\laravel\\framework\\src\\Illuminate\\Session\\Store.php(117): Illuminate\\Session\\DatabaseSessionHandler->read('dXN4cEvFtXiyES8...')
#10 C:\\xampp\\htdocs\\secprog\\SecPro\\FrontEndSec\\vendor\\laravel\\framework\\src\\Illuminate\\Session\\Store.php(105): Illuminate\\Session\\Store->readFromHandler()
#11 C:\\xampp\\htdocs\\secprog\\SecPro\\FrontEndSec\\vendor\\laravel\\framework\\src\\Illuminate\\Session\\Store.php(89): Illuminate\\Session\\Store->loadSession()
#12 C:\\xampp\\htdocs\\secprog\\SecPro\\FrontEndSec\\vendor\\laravel\\framework\\src\\Illuminate\\Session\\Middleware\\StartSession.php(146): Illuminate\\Session\\Store->start()
#13 C:\\xampp\\htdocs\\secprog\\SecPro\\FrontEndSec\\vendor\\laravel\\framework\\src\\Illuminate\\Support\\helpers.php(390): Illuminate\\Session\\Middleware\\StartSession->Illuminate\\Session\\Middleware\\{closure}(Object(Illuminate\\Session\\Store))
#14 C:\\xampp\\htdocs\\secprog\\SecPro\\FrontEndSec\\vendor\\laravel\\framework\\src\\Illuminate\\Session\\Middleware\\StartSession.php(143): tap(Object(Illuminate\\Session\\Store), Object(Closure))
#15 C:\\xampp\\htdocs\\secprog\\SecPro\\FrontEndSec\\vendor\\laravel\\framework\\src\\Illuminate\\Session\\Middleware\\StartSession.php(115): Illuminate\\Session\\Middleware\\StartSession->startSession(Object(Illuminate\\Http\\Request), Object(Illuminate\\Session\\Store))
#16 C:\\xampp\\htdocs\\secprog\\SecPro\\FrontEndSec\\vendor\\laravel\\framework\\src\\Illuminate\\Session\\Middleware\\StartSession.php(63): Illuminate\\Session\\Middleware\\StartSession->handleStatefulRequest(Object(Illuminate\\Http\\Request), Object(Illuminate\\Session\\Store), Object(Closure))
#17 C:\\xampp\\htdocs\\secprog\\SecPro\\FrontEndSec\\vendor\\laravel\\framework\\src\\Illuminate\\Pipeline\\Pipeline.php(219): Illuminate\\Session\\Middleware\\StartSession->handle(Object(Illuminate\\Http\\Request), Object(Closure))
#18 C:\\xampp\\htdocs\\secprog\\SecPro\\FrontEndSec\\vendor\\laravel\\framework\\src\\Illuminate\\Cookie\\Middleware\\AddQueuedCookiesToResponse.php(36): Illuminate\\Pipeline\\Pipeline->Illuminate\\Pipeline\\{closure}(Object(Illuminate\\Http\\Request))
#19 C:\\xampp\\htdocs\\secprog\\SecPro\\FrontEndSec\\vendor\\laravel\\framework\\src\\Illuminate\\Pipeline\\Pipeline.php(219): Illuminate\\Cookie\\Middleware\\AddQueuedCookiesToResponse->handle(Object(Illuminate\\Http\\Request), Object(Closure))
#20 C:\\xampp\\htdocs\\secprog\\SecPro\\FrontEndSec\\vendor\\laravel\\framework\\src\\Illuminate\\Cookie\\Middleware\\EncryptCookies.php(74): Illuminate\\Pipeline\\Pipeline->Illuminate\\Pipeline\\{closure}(Object(Illuminate\\Http\\Request))
#21 C:\\xampp\\htdocs\\secprog\\SecPro\\FrontEndSec\\vendor\\laravel\\framework\\src\\Illuminate\\Pipeline\\Pipeline.php(219): Illuminate\\Cookie\\Middleware\\EncryptCookies->handle(Object(Illuminate\\Http\\Request), Object(Closure))
#22 C:\\xampp\\htdocs\\secprog\\SecPro\\FrontEndSec\\vendor\\laravel\\framework\\src\\Illuminate\\Pipeline\\Pipeline.php(137): Illuminate\\Pipeline\\Pipeline->Illuminate\\Pipeline\\{closure}(Object(Illuminate\\Http\\Request))
#23 C:\\xampp\\htdocs\\secprog\\SecPro\\FrontEndSec\\vendor\\laravel\\framework\\src\\Illuminate\\Routing\\Router.php(821): Illuminate\\Pipeline\\Pipeline->then(Object(Closure))
#24 C:\\xampp\\htdocs\\secprog\\SecPro\\FrontEndSec\\vendor\\laravel\\framework\\src\\Illuminate\\Routing\\Router.php(800): Illuminate\\Routing\\Router->runRouteWithinStack(Object(Illuminate\\Routing\\Route), Object(Illuminate\\Http\\Request))
#25 C:\\xampp\\htdocs\\secprog\\SecPro\\FrontEndSec\\vendor\\laravel\\framework\\src\\Illuminate\\Routing\\Router.php(764): Illuminate\\Routing\\Router->runRoute(Object(Illuminate\\Http\\Request), Object(Illuminate\\Routing\\Route))
#26 C:\\xampp\\htdocs\\secprog\\SecPro\\FrontEndSec\\vendor\\laravel\\framework\\src\\Illuminate\\Routing\\Router.php(753): Illuminate\\Routing\\Router->dispatchToRoute(Object(Illuminate\\Http\\Request))
#27 C:\\xampp\\htdocs\\secprog\\SecPro\\FrontEndSec\\vendor\\laravel\\framework\\src\\Illuminate\\Foundation\\Http\\Kernel.php(200): Illuminate\\Routing\\Router->dispatch(Object(Illuminate\\Http\\Request))
#28 C:\\xampp\\htdocs\\secprog\\SecPro\\FrontEndSec\\vendor\\laravel\\framework\\src\\Illuminate\\Pipeline\\Pipeline.php(180): Illuminate\\Foundation\\Http\\Kernel->Illuminate\\Foundation\\Http\\{closure}(Object(Illuminate\\Http\\Request))
#29 C:\\xampp\\htdocs\\secprog\\SecPro\\FrontEndSec\\vendor\\laravel\\framework\\src\\Illuminate\\Foundation\\Http\\Middleware\\TransformsRequest.php(21): Illuminate\\Pipeline\\Pipeline->Illuminate\\Pipeline\\{closure}(Object(Illuminate\\Http\\Request))
#30 C:\\xampp\\htdocs\\secprog\\SecPro\\FrontEndSec\\vendor\\laravel\\framework\\src\\Illuminate\\Foundation\\Http\\Middleware\\ConvertEmptyStringsToNull.php(31): Illuminate\\Foundation\\Http\\Middleware\\TransformsRequest->handle(Object(Illuminate\\Http\\Request), Object(Closure))
#31 C:\\xampp\\htdocs\\secprog\\SecPro\\FrontEndSec\\vendor\\laravel\\framework\\src\\Illuminate\\Pipeline\\Pipeline.php(219): Illuminate\\Foundation\\Http\\Middleware\\ConvertEmptyStringsToNull->handle(Object(Illuminate\\Http\\Request), Object(Closure))
#32 C:\\xampp\\htdocs\\secprog\\SecPro\\FrontEndSec\\vendor\\laravel\\framework\\src\\Illuminate\\Foundation\\Http\\Middleware\\TransformsRequest.php(21): Illuminate\\Pipeline\\Pipeline->Illuminate\\Pipeline\\{closure}(Object(Illuminate\\Http\\Request))
#33 C:\\xampp\\htdocs\\secprog\\SecPro\\FrontEndSec\\vendor\\laravel\\framework\\src\\Illuminate\\Foundation\\Http\\Middleware\\TrimStrings.php(51): Illuminate\\Foundation\\Http\\Middleware\\TransformsRequest->handle(Object(Illuminate\\Http\\Request), Object(Closure))
#34 C:\\xampp\\htdocs\\secprog\\SecPro\\FrontEndSec\\vendor\\laravel\\framework\\src\\Illuminate\\Pipeline\\Pipeline.php(219): Illuminate\\Foundation\\Http\\Middleware\\TrimStrings->handle(Object(Illuminate\\Http\\Request), Object(Closure))
#35 C:\\xampp\\htdocs\\secprog\\SecPro\\FrontEndSec\\vendor\\laravel\\framework\\src\\Illuminate\\Http\\Middleware\\ValidatePostSize.php(27): Illuminate\\Pipeline\\Pipeline->Illuminate\\Pipeline\\{closure}(Object(Illuminate\\Http\\Request))
#36 C:\\xampp\\htdocs\\secprog\\SecPro\\FrontEndSec\\vendor\\laravel\\framework\\src\\Illuminate\\Pipeline\\Pipeline.php(219): Illuminate\\Http\\Middleware\\ValidatePostSize->handle(Object(Illuminate\\Http\\Request), Object(Closure))
#37 C:\\xampp\\htdocs\\secprog\\SecPro\\FrontEndSec\\vendor\\laravel\\framework\\src\\Illuminate\\Foundation\\Http\\Middleware\\PreventRequestsDuringMaintenance.php(109): Illuminate\\Pipeline\\Pipeline->Illuminate\\Pipeline\\{closure}(Object(Illuminate\\Http\\Request))
#38 C:\\xampp\\htdocs\\secprog\\SecPro\\FrontEndSec\\vendor\\laravel\\framework\\src\\Illuminate\\Pipeline\\Pipeline.php(219): Illuminate\\Foundation\\Http\\Middleware\\PreventRequestsDuringMaintenance->handle(Object(Illuminate\\Http\\Request), Object(Closure))
#39 C:\\xampp\\htdocs\\secprog\\SecPro\\FrontEndSec\\vendor\\laravel\\framework\\src\\Illuminate\\Http\\Middleware\\HandleCors.php(48): Illuminate\\Pipeline\\Pipeline->Illuminate\\Pipeline\\{closure}(Object(Illuminate\\Http\\Request))
#40 C:\\xampp\\htdocs\\secprog\\SecPro\\FrontEndSec\\vendor\\laravel\\framework\\src\\Illuminate\\Pipeline\\Pipeline.php(219): Illuminate\\Http\\Middleware\\HandleCors->handle(Object(Illuminate\\Http\\Request), Object(Closure))
#41 C:\\xampp\\htdocs\\secprog\\SecPro\\FrontEndSec\\vendor\\laravel\\framework\\src\\Illuminate\\Http\\Middleware\\TrustProxies.php(58): Illuminate\\Pipeline\\Pipeline->Illuminate\\Pipeline\\{closure}(Object(Illuminate\\Http\\Request))
#42 C:\\xampp\\htdocs\\secprog\\SecPro\\FrontEndSec\\vendor\\laravel\\framework\\src\\Illuminate\\Pipeline\\Pipeline.php(219): Illuminate\\Http\\Middleware\\TrustProxies->handle(Object(Illuminate\\Http\\Request), Object(Closure))
#43 C:\\xampp\\htdocs\\secprog\\SecPro\\FrontEndSec\\vendor\\laravel\\framework\\src\\Illuminate\\Foundation\\Http\\Middleware\\InvokeDeferredCallbacks.php(22): Illuminate\\Pipeline\\Pipeline->Illuminate\\Pipeline\\{closure}(Object(Illuminate\\Http\\Request))
#44 C:\\xampp\\htdocs\\secprog\\SecPro\\FrontEndSec\\vendor\\laravel\\framework\\src\\Illuminate\\Pipeline\\Pipeline.php(219): Illuminate\\Foundation\\Http\\Middleware\\InvokeDeferredCallbacks->handle(Object(Illuminate\\Http\\Request), Object(Closure))
#45 C:\\xampp\\htdocs\\secprog\\SecPro\\FrontEndSec\\vendor\\laravel\\framework\\src\\Illuminate\\Http\\Middleware\\ValidatePathEncoding.php(26): Illuminate\\Pipeline\\Pipeline->Illuminate\\Pipeline\\{closure}(Object(Illuminate\\Http\\Request))
#46 C:\\xampp\\htdocs\\secprog\\SecPro\\FrontEndSec\\vendor\\laravel\\framework\\src\\Illuminate\\Pipeline\\Pipeline.php(219): Illuminate\\Http\\Middleware\\ValidatePathEncoding->handle(Object(Illuminate\\Http\\Request), Object(Closure))
#47 C:\\xampp\\htdocs\\secprog\\SecPro\\FrontEndSec\\vendor\\laravel\\framework\\src\\Illuminate\\Pipeline\\Pipeline.php(137): Illuminate\\Pipeline\\Pipeline->Illuminate\\Pipeline\\{closure}(Object(Illuminate\\Http\\Request))
#48 C:\\xampp\\htdocs\\secprog\\SecPro\\FrontEndSec\\vendor\\laravel\\framework\\src\\Illuminate\\Foundation\\Http\\Kernel.php(175): Illuminate\\Pipeline\\Pipeline->then(Object(Closure))
#49 C:\\xampp\\htdocs\\secprog\\SecPro\\FrontEndSec\\vendor\\laravel\\framework\\src\\Illuminate\\Foundation\\Http\\Kernel.php(144): Illuminate\\Foundation\\Http\\Kernel->sendRequestThroughRouter(Object(Illuminate\\Http\\Request))
#50 C:\\xampp\\htdocs\\secprog\\SecPro\\FrontEndSec\\vendor\\laravel\\framework\\src\\Illuminate\\Foundation\\Application.php(1220): Illuminate\\Foundation\\Http\\Kernel->handle(Object(Illuminate\\Http\\Request))
#51 C:\\xampp\\htdocs\\secprog\\SecPro\\FrontEndSec\\public\\index.php(20): Illuminate\\Foundation\\Application->handleRequest(Object(Illuminate\\Http\\Request))
#52 C:\\xampp\\htdocs\\secprog\\SecPro\\FrontEndSec\\vendor\\laravel\\framework\\src\\Illuminate\\Foundation\\resources\\server.php(23): require_once('C:\\\\xampp\\\\htdocs...')
#53 {main}

[previous exception] [object] (PDOException(code: 1049): SQLSTATE[HY000] [1049] Unknown database 'frontendsec' at C:\\xampp\\htdocs\\secprog\\SecPro\\FrontEndSec\\vendor\\laravel\\framework\\src\\Illuminate\\Database\\Connectors\\Connector.php:66)
[stacktrace]
#0 C:\\xampp\\htdocs\\secprog\\SecPro\\FrontEndSec\\vendor\\laravel\\framework\\src\\Illuminate\\Database\\Connectors\\Connector.php(66): PDO->__construct('mysql:host=127....', 'root', Object(SensitiveParameterValue), Array)
#1 C:\\xampp\\htdocs\\secprog\\SecPro\\FrontEndSec\\vendor\\laravel\\framework\\src\\Illuminate\\Database\\Connectors\\Connector.php(44): Illuminate\\Database\\Connectors\\Connector->createPdoConnection('mysql:host=127....', 'root', Object(SensitiveParameterValue), Array)
#2 C:\\xampp\\htdocs\\secprog\\SecPro\\FrontEndSec\\vendor\\laravel\\framework\\src\\Illuminate\\Database\\Connectors\\MySqlConnector.php(24): Illuminate\\Database\\Connectors\\Connector->createConnection('mysql:host=127....', Array, Array)
#3 C:\\xampp\\htdocs\\secprog\\SecPro\\FrontEndSec\\vendor\\laravel\\framework\\src\\Illuminate\\Database\\Connectors\\ConnectionFactory.php(184): Illuminate\\Database\\Connectors\\MySqlConnector->connect(Array)
#4 [internal function]: Illuminate\\Database\\Connectors\\ConnectionFactory->Illuminate\\Database\\Connectors\\{closure}()
#5 C:\\xampp\\htdocs\\secprog\\SecPro\\FrontEndSec\\vendor\\laravel\\framework\\src\\Illuminate\\Database\\Connection.php(1230): call_user_func(Object(Closure))
#6 C:\\xampp\\htdocs\\secprog\\SecPro\\FrontEndSec\\vendor\\laravel\\framework\\src\\Illuminate\\Database\\Connection.php(511): Illuminate\\Database\\Connection->getPdo()
#7 C:\\xampp\\htdocs\\secprog\\SecPro\\FrontEndSec\\vendor\\laravel\\framework\\src\\Illuminate\\Database\\Connection.php(406): Illuminate\\Database\\Connection->getPdoForSelect(false)
#8 C:\\xampp\\htdocs\\secprog\\SecPro\\FrontEndSec\\vendor\\laravel\\framework\\src\\Illuminate\\Database\\Connection.php(811): Illuminate\\Database\\Connection->Illuminate\\Database\\{closure}('select * from `...', Array)
#9 C:\\xampp\\htdocs\\secprog\\SecPro\\FrontEndSec\\vendor\\laravel\\framework\\src\\Illuminate\\Database\\Connection.php(778): Illuminate\\Database\\Connection->runQueryCallback('select * from `...', Array, Object(Closure))
#10 C:\\xampp\\htdocs\\secprog\\SecPro\\FrontEndSec\\vendor\\laravel\\framework\\src\\Illuminate\\Database\\Connection.php(397): Illuminate\\Database\\Connection->run('select * from `...', Array, Object(Closure))
#11 C:\\xampp\\htdocs\\secprog\\SecPro\\FrontEndSec\\vendor\\laravel\\framework\\src\\Illuminate\\Database\\Query\\Builder.php(3188): Illuminate\\Database\\Connection->select('select * from `...', Array, false)
#12 C:\\xampp\\htdocs\\secprog\\SecPro\\FrontEndSec\\vendor\\laravel\\framework\\src\\Illuminate\\Database\\Query\\Builder.php(3173): Illuminate\\Database\\Query\\Builder->runSelect()
#13 C:\\xampp\\htdocs\\secprog\\SecPro\\FrontEndSec\\vendor\\laravel\\framework\\src\\Illuminate\\Database\\Query\\Builder.php(3763): Illuminate\\Database\\Query\\Builder->Illuminate\\Database\\Query\\{closure}()
#14 C:\\xampp\\htdocs\\secprog\\SecPro\\FrontEndSec\\vendor\\laravel\\framework\\src\\Illuminate\\Database\\Query\\Builder.php(3172): Illuminate\\Database\\Query\\Builder->onceWithColumns(Array, Object(Closure))
#15 C:\\xampp\\htdocs\\secprog\\SecPro\\FrontEndSec\\vendor\\laravel\\framework\\src\\Illuminate\\Database\\Concerns\\BuildsQueries.php(366): Illuminate\\Database\\Query\\Builder->get(Array)
#16 C:\\xampp\\htdocs\\secprog\\SecPro\\FrontEndSec\\vendor\\laravel\\framework\\src\\Illuminate\\Database\\Query\\Builder.php(3095): Illuminate\\Database\\Query\\Builder->first(Array)
#17 C:\\xampp\\htdocs\\secprog\\SecPro\\FrontEndSec\\vendor\\laravel\\framework\\src\\Illuminate\\Session\\DatabaseSessionHandler.php(96): Illuminate\\Database\\Query\\Builder->find('dXN4cEvFtXiyES8...')
#18 C:\\xampp\\htdocs\\secprog\\SecPro\\FrontEndSec\\vendor\\laravel\\framework\\src\\Illuminate\\Session\\Store.php(117): Illuminate\\Session\\DatabaseSessionHandler->read('dXN4cEvFtXiyES8...')
#19 C:\\xampp\\htdocs\\secprog\\SecPro\\FrontEndSec\\vendor\\laravel\\framework\\src\\Illuminate\\Session\\Store.php(105): Illuminate\\Session\\Store->readFromHandler()
#20 C:\\xampp\\htdocs\\secprog\\SecPro\\FrontEndSec\\vendor\\laravel\\framework\\src\\Illuminate\\Session\\Store.php(89): Illuminate\\Session\\Store->loadSession()
#21 C:\\xampp\\htdocs\\secprog\\SecPro\\FrontEndSec\\vendor\\laravel\\framework\\src\\Illuminate\\Session\\Middleware\\StartSession.php(146): Illuminate\\Session\\Store->start()
#22 C:\\xampp\\htdocs\\secprog\\SecPro\\FrontEndSec\\vendor\\laravel\\framework\\src\\Illuminate\\Support\\helpers.php(390): Illuminate\\Session\\Middleware\\StartSession->Illuminate\\Session\\Middleware\\{closure}(Object(Illuminate\\Session\\Store))
#23 C:\\xampp\\htdocs\\secprog\\SecPro\\FrontEndSec\\vendor\\laravel\\framework\\src\\Illuminate\\Session\\Middleware\\StartSession.php(143): tap(Object(Illuminate\\Session\\Store), Object(Closure))
#24 C:\\xampp\\htdocs\\secprog\\SecPro\\FrontEndSec\\vendor\\laravel\\framework\\src\\Illuminate\\Session\\Middleware\\StartSession.php(115): Illuminate\\Session\\Middleware\\StartSession->startSession(Object(Illuminate\\Http\\Request), Object(Illuminate\\Session\\Store))
#25 C:\\xampp\\htdocs\\secprog\\SecPro\\FrontEndSec\\vendor\\laravel\\framework\\src\\Illuminate\\Session\\Middleware\\StartSession.php(63): Illuminate\\Session\\Middleware\\StartSession->handleStatefulRequest(Object(Illuminate\\Http\\Request), Object(Illuminate\\Session\\Store), Object(Closure))
#26 C:\\xampp\\htdocs\\secprog\\SecPro\\FrontEndSec\\vendor\\laravel\\framework\\src\\Illuminate\\Pipeline\\Pipeline.php(219): Illuminate\\Session\\Middleware\\StartSession->handle(Object(Illuminate\\Http\\Request), Object(Closure))
#27 C:\\xampp\\htdocs\\secprog\\SecPro\\FrontEndSec\\vendor\\laravel\\framework\\src\\Illuminate\\Cookie\\Middleware\\AddQueuedCookiesToResponse.php(36): Illuminate\\Pipeline\\Pipeline->Illuminate\\Pipeline\\{closure}(Object(Illuminate\\Http\\Request))
#28 C:\\xampp\\htdocs\\secprog\\SecPro\\FrontEndSec\\vendor\\laravel\\framework\\src\\Illuminate\\Pipeline\\Pipeline.php(219): Illuminate\\Cookie\\Middleware\\AddQueuedCookiesToResponse->handle(Object(Illuminate\\Http\\Request), Object(Closure))
#29 C:\\xampp\\htdocs\\secprog\\SecPro\\FrontEndSec\\vendor\\laravel\\framework\\src\\Illuminate\\Cookie\\Middleware\\EncryptCookies.php(74): Illuminate\\Pipeline\\Pipeline->Illuminate\\Pipeline\\{closure}(Object(Illuminate\\Http\\Request))
#30 C:\\xampp\\htdocs\\secprog\\SecPro\\FrontEndSec\\vendor\\laravel\\framework\\src\\Illuminate\\Pipeline\\Pipeline.php(219): Illuminate\\Cookie\\Middleware\\EncryptCookies->handle(Object(Illuminate\\Http\\Request), Object(Closure))
#31 C:\\xampp\\htdocs\\secprog\\SecPro\\FrontEndSec\\vendor\\laravel\\framework\\src\\Illuminate\\Pipeline\\Pipeline.php(137): Illuminate\\Pipeline\\Pipeline->Illuminate\\Pipeline\\{closure}(Object(Illuminate\\Http\\Request))
#32 C:\\xampp\\htdocs\\secprog\\SecPro\\FrontEndSec\\vendor\\laravel\\framework\\src\\Illuminate\\Routing\\Router.php(821): Illuminate\\Pipeline\\Pipeline->then(Object(Closure))
#33 C:\\xampp\\htdocs\\secprog\\SecPro\\FrontEndSec\\vendor\\laravel\\framework\\src\\Illuminate\\Routing\\Router.php(800): Illuminate\\Routing\\Router->runRouteWithinStack(Object(Illuminate\\Routing\\Route), Object(Illuminate\\Http\\Request))
#34 C:\\xampp\\htdocs\\secprog\\SecPro\\FrontEndSec\\vendor\\laravel\\framework\\src\\Illuminate\\Routing\\Router.php(764): Illuminate\\Routing\\Router->runRoute(Object(Illuminate\\Http\\Request), Object(Illuminate\\Routing\\Route))
#35 C:\\xampp\\htdocs\\secprog\\SecPro\\FrontEndSec\\vendor\\laravel\\framework\\src\\Illuminate\\Routing\\Router.php(753): Illuminate\\Routing\\Router->dispatchToRoute(Object(Illuminate\\Http\\Request))
#36 C:\\xampp\\htdocs\\secprog\\SecPro\\FrontEndSec\\vendor\\laravel\\framework\\src\\Illuminate\\Foundation\\Http\\Kernel.php(200): Illuminate\\Routing\\Router->dispatch(Object(Illuminate\\Http\\Request))
#37 C:\\xampp\\htdocs\\secprog\\SecPro\\FrontEndSec\\vendor\\laravel\\framework\\src\\Illuminate\\Pipeline\\Pipeline.php(180): Illuminate\\Foundation\\Http\\Kernel->Illuminate\\Foundation\\Http\\{closure}(Object(Illuminate\\Http\\Request))
#38 C:\\xampp\\htdocs\\secprog\\SecPro\\FrontEndSec\\vendor\\laravel\\framework\\src\\Illuminate\\Foundation\\Http\\Middleware\\TransformsRequest.php(21): Illuminate\\Pipeline\\Pipeline->Illuminate\\Pipeline\\{closure}(Object(Illuminate\\Http\\Request))
#39 C:\\xampp\\htdocs\\secprog\\SecPro\\FrontEndSec\\vendor\\laravel\\framework\\src\\Illuminate\\Foundation\\Http\\Middleware\\ConvertEmptyStringsToNull.php(31): Illuminate\\Foundation\\Http\\Middleware\\TransformsRequest->handle(Object(Illuminate\\Http\\Request), Object(Closure))
#40 C:\\xampp\\htdocs\\secprog\\SecPro\\FrontEndSec\\vendor\\laravel\\framework\\src\\Illuminate\\Pipeline\\Pipeline.php(219): Illuminate\\Foundation\\Http\\Middleware\\ConvertEmptyStringsToNull->handle(Object(Illuminate\\Http\\Request), Object(Closure))
#41 C:\\xampp\\htdocs\\secprog\\SecPro\\FrontEndSec\\vendor\\laravel\\framework\\src\\Illuminate\\Foundation\\Http\\Middleware\\TransformsRequest.php(21): Illuminate\\Pipeline\\Pipeline->Illuminate\\Pipeline\\{closure}(Object(Illuminate\\Http\\Request))
#42 C:\\xampp\\htdocs\\secprog\\SecPro\\FrontEndSec\\vendor\\laravel\\framework\\src\\Illuminate\\Foundation\\Http\\Middleware\\TrimStrings.php(51): Illuminate\\Foundation\\Http\\Middleware\\TransformsRequest->handle(Object(Illuminate\\Http\\Request), Object(Closure))
#43 C:\\xampp\\htdocs\\secprog\\SecPro\\FrontEndSec\\vendor\\laravel\\framework\\src\\Illuminate\\Pipeline\\Pipeline.php(219): Illuminate\\Foundation\\Http\\Middleware\\TrimStrings->handle(Object(Illuminate\\Http\\Request), Object(Closure))
#44 C:\\xampp\\htdocs\\secprog\\SecPro\\FrontEndSec\\vendor\\laravel\\framework\\src\\Illuminate\\Http\\Middleware\\ValidatePostSize.php(27): Illuminate\\Pipeline\\Pipeline->Illuminate\\Pipeline\\{closure}(Object(Illuminate\\Http\\Request))
#45 C:\\xampp\\htdocs\\secprog\\SecPro\\FrontEndSec\\vendor\\laravel\\framework\\src\\Illuminate\\Pipeline\\Pipeline.php(219): Illuminate\\Http\\Middleware\\ValidatePostSize->handle(Object(Illuminate\\Http\\Request), Object(Closure))
#46 C:\\xampp\\htdocs\\secprog\\SecPro\\FrontEndSec\\vendor\\laravel\\framework\\src\\Illuminate\\Foundation\\Http\\Middleware\\PreventRequestsDuringMaintenance.php(109): Illuminate\\Pipeline\\Pipeline->Illuminate\\Pipeline\\{closure}(Object(Illuminate\\Http\\Request))
#47 C:\\xampp\\htdocs\\secprog\\SecPro\\FrontEndSec\\vendor\\laravel\\framework\\src\\Illuminate\\Pipeline\\Pipeline.php(219): Illuminate\\Foundation\\Http\\Middleware\\PreventRequestsDuringMaintenance->handle(Object(Illuminate\\Http\\Request), Object(Closure))
#48 C:\\xampp\\htdocs\\secprog\\SecPro\\FrontEndSec\\vendor\\laravel\\framework\\src\\Illuminate\\Http\\Middleware\\HandleCors.php(48): Illuminate\\Pipeline\\Pipeline->Illuminate\\Pipeline\\{closure}(Object(Illuminate\\Http\\Request))
#49 C:\\xampp\\htdocs\\secprog\\SecPro\\FrontEndSec\\vendor\\laravel\\framework\\src\\Illuminate\\Pipeline\\Pipeline.php(219): Illuminate\\Http\\Middleware\\HandleCors->handle(Object(Illuminate\\Http\\Request), Object(Closure))
#50 C:\\xampp\\htdocs\\secprog\\SecPro\\FrontEndSec\\vendor\\laravel\\framework\\src\\Illuminate\\Http\\Middleware\\TrustProxies.php(58): Illuminate\\Pipeline\\Pipeline->Illuminate\\Pipeline\\{closure}(Object(Illuminate\\Http\\Request))
#51 C:\\xampp\\htdocs\\secprog\\SecPro\\FrontEndSec\\vendor\\laravel\\framework\\src\\Illuminate\\Pipeline\\Pipeline.php(219): Illuminate\\Http\\Middleware\\TrustProxies->handle(Object(Illuminate\\Http\\Request), Object(Closure))
#52 C:\\xampp\\htdocs\\secprog\\SecPro\\FrontEndSec\\vendor\\laravel\\framework\\src\\Illuminate\\Foundation\\Http\\Middleware\\InvokeDeferredCallbacks.php(22): Illuminate\\Pipeline\\Pipeline->Illuminate\\Pipeline\\{closure}(Object(Illuminate\\Http\\Request))
#53 C:\\xampp\\htdocs\\secprog\\SecPro\\FrontEndSec\\vendor\\laravel\\framework\\src\\Illuminate\\Pipeline\\Pipeline.php(219): Illuminate\\Foundation\\Http\\Middleware\\InvokeDeferredCallbacks->handle(Object(Illuminate\\Http\\Request), Object(Closure))
#54 C:\\xampp\\htdocs\\secprog\\SecPro\\FrontEndSec\\vendor\\laravel\\framework\\src\\Illuminate\\Http\\Middleware\\ValidatePathEncoding.php(26): Illuminate\\Pipeline\\Pipeline->Illuminate\\Pipeline\\{closure}(Object(Illuminate\\Http\\Request))
#55 C:\\xampp\\htdocs\\secprog\\SecPro\\FrontEndSec\\vendor\\laravel\\framework\\src\\Illuminate\\Pipeline\\Pipeline.php(219): Illuminate\\Http\\Middleware\\ValidatePathEncoding->handle(Object(Illuminate\\Http\\Request), Object(Closure))
#56 C:\\xampp\\htdocs\\secprog\\SecPro\\FrontEndSec\\vendor\\laravel\\framework\\src\\Illuminate\\Pipeline\\Pipeline.php(137): Illuminate\\Pipeline\\Pipeline->Illuminate\\Pipeline\\{closure}(Object(Illuminate\\Http\\Request))
#57 C:\\xampp\\htdocs\\secprog\\SecPro\\FrontEndSec\\vendor\\laravel\\framework\\src\\Illuminate\\Foundation\\Http\\Kernel.php(175): Illuminate\\Pipeline\\Pipeline->then(Object(Closure))
#58 C:\\xampp\\htdocs\\secprog\\SecPro\\FrontEndSec\\vendor\\laravel\\framework\\src\\Illuminate\\Foundation\\Http\\Kernel.php(144): Illuminate\\Foundation\\Http\\Kernel->sendRequestThroughRouter(Object(Illuminate\\Http\\Request))
#59 C:\\xampp\\htdocs\\secprog\\SecPro\\FrontEndSec\\vendor\\laravel\\framework\\src\\Illuminate\\Foundation\\Application.php(1220): Illuminate\\Foundation\\Http\\Kernel->handle(Object(Illuminate\\Http\\Request))
#60 C:\\xampp\\htdocs\\secprog\\SecPro\\FrontEndSec\\public\\index.php(20): Illuminate\\Foundation\\Application->handleRequest(Object(Illuminate\\Http\\Request))
#61 C:\\xampp\\htdocs\\secprog\\SecPro\\FrontEndSec\\vendor\\laravel\\framework\\src\\Illuminate\\Foundation\\resources\\server.php(23): require_once('C:\\\\xampp\\\\htdocs...')
#62 {main}
"} 
[2025-11-18 12:43:26] local.ERROR: SQLSTATE[42S02]: Base table or view not found: 1146 Table 'frontendsec.sessions' doesn't exist (Connection: mysql, SQL: select * from `sessions` where `id` = 3OdAWK6Jt1a7wfcUGow834OmuauVKe1LkvRLpm7f limit 1) {"exception":"[object] (Illuminate\\Database\\QueryException(code: 42S02): SQLSTATE[42S02]: Base table or view not found: 1146 Table 'frontendsec.sessions' doesn't exist (Connection: mysql, SQL: select * from `sessions` where `id` = 3OdAWK6Jt1a7wfcUGow834OmuauVKe1LkvRLpm7f limit 1) at C:\\xampp\\htdocs\\secprog\\SecPro\\FrontEndSec\\vendor\\laravel\\framework\\src\\Illuminate\\Database\\Connection.php:824)
[stacktrace]
#0 C:\\xampp\\htdocs\\secprog\\SecPro\\FrontEndSec\\vendor\\laravel\\framework\\src\\Illuminate\\Database\\Connection.php(778): Illuminate\\Database\\Connection->runQueryCallback('select * from `...', Array, Object(Closure))
#1 C:\\xampp\\htdocs\\secprog\\SecPro\\FrontEndSec\\vendor\\laravel\\framework\\src\\Illuminate\\Database\\Connection.php(397): Illuminate\\Database\\Connection->run('select * from `...', Array, Object(Closure))
#2 C:\\xampp\\htdocs\\secprog\\SecPro\\FrontEndSec\\vendor\\laravel\\framework\\src\\Illuminate\\Database\\Query\\Builder.php(3188): Illuminate\\Database\\Connection->select('select * from `...', Array, false)
#3 C:\\xampp\\htdocs\\secprog\\SecPro\\FrontEndSec\\vendor\\laravel\\framework\\src\\Illuminate\\Database\\Query\\Builder.php(3173): Illuminate\\Database\\Query\\Builder->runSelect()
#4 C:\\xampp\\htdocs\\secprog\\SecPro\\FrontEndSec\\vendor\\laravel\\framework\\src\\Illuminate\\Database\\Query\\Builder.php(3763): Illuminate\\Database\\Query\\Builder->Illuminate\\Database\\Query\\{closure}()
#5 C:\\xampp\\htdocs\\secprog\\SecPro\\FrontEndSec\\vendor\\laravel\\framework\\src\\Illuminate\\Database\\Query\\Builder.php(3172): Illuminate\\Database\\Query\\Builder->onceWithColumns(Array, Object(Closure))
#6 C:\\xampp\\htdocs\\secprog\\SecPro\\FrontEndSec\\vendor\\laravel\\framework\\src\\Illuminate\\Database\\Concerns\\BuildsQueries.php(366): Illuminate\\Database\\Query\\Builder->get(Array)
#7 C:\\xampp\\htdocs\\secprog\\SecPro\\FrontEndSec\\vendor\\laravel\\framework\\src\\Illuminate\\Database\\Query\\Builder.php(3095): Illuminate\\Database\\Query\\Builder->first(Array)
#8 C:\\xampp\\htdocs\\secprog\\SecPro\\FrontEndSec\\vendor\\laravel\\framework\\src\\Illuminate\\Session\\DatabaseSessionHandler.php(96): Illuminate\\Database\\Query\\Builder->find('3OdAWK6Jt1a7wfc...')
#9 C:\\xampp\\htdocs\\secprog\\SecPro\\FrontEndSec\\vendor\\laravel\\framework\\src\\Illuminate\\Session\\Store.php(117): Illuminate\\Session\\DatabaseSessionHandler->read('3OdAWK6Jt1a7wfc...')
#10 C:\\xampp\\htdocs\\secprog\\SecPro\\FrontEndSec\\vendor\\laravel\\framework\\src\\Illuminate\\Session\\Store.php(105): Illuminate\\Session\\Store->readFromHandler()
#11 C:\\xampp\\htdocs\\secprog\\SecPro\\FrontEndSec\\vendor\\laravel\\framework\\src\\Illuminate\\Session\\Store.php(89): Illuminate\\Session\\Store->loadSession()
#12 C:\\xampp\\htdocs\\secprog\\SecPro\\FrontEndSec\\vendor\\laravel\\framework\\src\\Illuminate\\Session\\Middleware\\StartSession.php(146): Illuminate\\Session\\Store->start()
#13 C:\\xampp\\htdocs\\secprog\\SecPro\\FrontEndSec\\vendor\\laravel\\framework\\src\\Illuminate\\Support\\helpers.php(390): Illuminate\\Session\\Middleware\\StartSession->Illuminate\\Session\\Middleware\\{closure}(Object(Illuminate\\Session\\Store))
#14 C:\\xampp\\htdocs\\secprog\\SecPro\\FrontEndSec\\vendor\\laravel\\framework\\src\\Illuminate\\Session\\Middleware\\StartSession.php(143): tap(Object(Illuminate\\Session\\Store), Object(Closure))
#15 C:\\xampp\\htdocs\\secprog\\SecPro\\FrontEndSec\\vendor\\laravel\\framework\\src\\Illuminate\\Session\\Middleware\\StartSession.php(115): Illuminate\\Session\\Middleware\\StartSession->startSession(Object(Illuminate\\Http\\Request), Object(Illuminate\\Session\\Store))
#16 C:\\xampp\\htdocs\\secprog\\SecPro\\FrontEndSec\\vendor\\laravel\\framework\\src\\Illuminate\\Session\\Middleware\\StartSession.php(63): Illuminate\\Session\\Middleware\\StartSession->handleStatefulRequest(Object(Illuminate\\Http\\Request), Object(Illuminate\\Session\\Store), Object(Closure))
#17 C:\\xampp\\htdocs\\secprog\\SecPro\\FrontEndSec\\vendor\\laravel\\framework\\src\\Illuminate\\Pipeline\\Pipeline.php(219): Illuminate\\Session\\Middleware\\StartSession->handle(Object(Illuminate\\Http\\Request), Object(Closure))
#18 C:\\xampp\\htdocs\\secprog\\SecPro\\FrontEndSec\\vendor\\laravel\\framework\\src\\Illuminate\\Cookie\\Middleware\\AddQueuedCookiesToResponse.php(36): Illuminate\\Pipeline\\Pipeline->Illuminate\\Pipeline\\{closure}(Object(Illuminate\\Http\\Request))
#19 C:\\xampp\\htdocs\\secprog\\SecPro\\FrontEndSec\\vendor\\laravel\\framework\\src\\Illuminate\\Pipeline\\Pipeline.php(219): Illuminate\\Cookie\\Middleware\\AddQueuedCookiesToResponse->handle(Object(Illuminate\\Http\\Request), Object(Closure))
#20 C:\\xampp\\htdocs\\secprog\\SecPro\\FrontEndSec\\vendor\\laravel\\framework\\src\\Illuminate\\Cookie\\Middleware\\EncryptCookies.php(74): Illuminate\\Pipeline\\Pipeline->Illuminate\\Pipeline\\{closure}(Object(Illuminate\\Http\\Request))
#21 C:\\xampp\\htdocs\\secprog\\SecPro\\FrontEndSec\\vendor\\laravel\\framework\\src\\Illuminate\\Pipeline\\Pipeline.php(219): Illuminate\\Cookie\\Middleware\\EncryptCookies->handle(Object(Illuminate\\Http\\Request), Object(Closure))
#22 C:\\xampp\\htdocs\\secprog\\SecPro\\FrontEndSec\\vendor\\laravel\\framework\\src\\Illuminate\\Pipeline\\Pipeline.php(137): Illuminate\\Pipeline\\Pipeline->Illuminate\\Pipeline\\{closure}(Object(Illuminate\\Http\\Request))
#23 C:\\xampp\\htdocs\\secprog\\SecPro\\FrontEndSec\\vendor\\laravel\\framework\\src\\Illuminate\\Routing\\Router.php(821): Illuminate\\Pipeline\\Pipeline->then(Object(Closure))
#24 C:\\xampp\\htdocs\\secprog\\SecPro\\FrontEndSec\\vendor\\laravel\\framework\\src\\Illuminate\\Routing\\Router.php(800): Illuminate\\Routing\\Router->runRouteWithinStack(Object(Illuminate\\Routing\\Route), Object(Illuminate\\Http\\Request))
#25 C:\\xampp\\htdocs\\secprog\\SecPro\\FrontEndSec\\vendor\\laravel\\framework\\src\\Illuminate\\Routing\\Router.php(764): Illuminate\\Routing\\Router->runRoute(Object(Illuminate\\Http\\Request), Object(Illuminate\\Routing\\Route))
#26 C:\\xampp\\htdocs\\secprog\\SecPro\\FrontEndSec\\vendor\\laravel\\framework\\src\\Illuminate\\Routing\\Router.php(753): Illuminate\\Routing\\Router->dispatchToRoute(Object(Illuminate\\Http\\Request))
#27 C:\\xampp\\htdocs\\secprog\\SecPro\\FrontEndSec\\vendor\\laravel\\framework\\src\\Illuminate\\Foundation\\Http\\Kernel.php(200): Illuminate\\Routing\\Router->dispatch(Object(Illuminate\\Http\\Request))
#28 C:\\xampp\\htdocs\\secprog\\SecPro\\FrontEndSec\\vendor\\laravel\\framework\\src\\Illuminate\\Pipeline\\Pipeline.php(180): Illuminate\\Foundation\\Http\\Kernel->Illuminate\\Foundation\\Http\\{closure}(Object(Illuminate\\Http\\Request))
#29 C:\\xampp\\htdocs\\secprog\\SecPro\\FrontEndSec\\vendor\\laravel\\framework\\src\\Illuminate\\Foundation\\Http\\Middleware\\TransformsRequest.php(21): Illuminate\\Pipeline\\Pipeline->Illuminate\\Pipeline\\{closure}(Object(Illuminate\\Http\\Request))
#30 C:\\xampp\\htdocs\\secprog\\SecPro\\FrontEndSec\\vendor\\laravel\\framework\\src\\Illuminate\\Foundation\\Http\\Middleware\\ConvertEmptyStringsToNull.php(31): Illuminate\\Foundation\\Http\\Middleware\\TransformsRequest->handle(Object(Illuminate\\Http\\Request), Object(Closure))
#31 C:\\xampp\\htdocs\\secprog\\SecPro\\FrontEndSec\\vendor\\laravel\\framework\\src\\Illuminate\\Pipeline\\Pipeline.php(219): Illuminate\\Foundation\\Http\\Middleware\\ConvertEmptyStringsToNull->handle(Object(Illuminate\\Http\\Request), Object(Closure))
#32 C:\\xampp\\htdocs\\secprog\\SecPro\\FrontEndSec\\vendor\\laravel\\framework\\src\\Illuminate\\Foundation\\Http\\Middleware\\TransformsRequest.php(21): Illuminate\\Pipeline\\Pipeline->Illuminate\\Pipeline\\{closure}(Object(Illuminate\\Http\\Request))
#33 C:\\xampp\\htdocs\\secprog\\SecPro\\FrontEndSec\\vendor\\laravel\\framework\\src\\Illuminate\\Foundation\\Http\\Middleware\\TrimStrings.php(51): Illuminate\\Foundation\\Http\\Middleware\\TransformsRequest->handle(Object(Illuminate\\Http\\Request), Object(Closure))
#34 C:\\xampp\\htdocs\\secprog\\SecPro\\FrontEndSec\\vendor\\laravel\\framework\\src\\Illuminate\\Pipeline\\Pipeline.php(219): Illuminate\\Foundation\\Http\\Middleware\\TrimStrings->handle(Object(Illuminate\\Http\\Request), Object(Closure))
#35 C:\\xampp\\htdocs\\secprog\\SecPro\\FrontEndSec\\vendor\\laravel\\framework\\src\\Illuminate\\Http\\Middleware\\ValidatePostSize.php(27): Illuminate\\Pipeline\\Pipeline->Illuminate\\Pipeline\\{closure}(Object(Illuminate\\Http\\Request))
#36 C:\\xampp\\htdocs\\secprog\\SecPro\\FrontEndSec\\vendor\\laravel\\framework\\src\\Illuminate\\Pipeline\\Pipeline.php(219): Illuminate\\Http\\Middleware\\ValidatePostSize->handle(Object(Illuminate\\Http\\Request), Object(Closure))
#37 C:\\xampp\\htdocs\\secprog\\SecPro\\FrontEndSec\\vendor\\laravel\\framework\\src\\Illuminate\\Foundation\\Http\\Middleware\\PreventRequestsDuringMaintenance.php(109): Illuminate\\Pipeline\\Pipeline->Illuminate\\Pipeline\\{closure}(Object(Illuminate\\Http\\Request))
#38 C:\\xampp\\htdocs\\secprog\\SecPro\\FrontEndSec\\vendor\\laravel\\framework\\src\\Illuminate\\Pipeline\\Pipeline.php(219): Illuminate\\Foundation\\Http\\Middleware\\PreventRequestsDuringMaintenance->handle(Object(Illuminate\\Http\\Request), Object(Closure))
#39 C:\\xampp\\htdocs\\secprog\\SecPro\\FrontEndSec\\vendor\\laravel\\framework\\src\\Illuminate\\Http\\Middleware\\HandleCors.php(48): Illuminate\\Pipeline\\Pipeline->Illuminate\\Pipeline\\{closure}(Object(Illuminate\\Http\\Request))
#40 C:\\xampp\\htdocs\\secprog\\SecPro\\FrontEndSec\\vendor\\laravel\\framework\\src\\Illuminate\\Pipeline\\Pipeline.php(219): Illuminate\\Http\\Middleware\\HandleCors->handle(Object(Illuminate\\Http\\Request), Object(Closure))
#41 C:\\xampp\\htdocs\\secprog\\SecPro\\FrontEndSec\\vendor\\laravel\\framework\\src\\Illuminate\\Http\\Middleware\\TrustProxies.php(58): Illuminate\\Pipeline\\Pipeline->Illuminate\\Pipeline\\{closure}(Object(Illuminate\\Http\\Request))
#42 C:\\xampp\\htdocs\\secprog\\SecPro\\FrontEndSec\\vendor\\laravel\\framework\\src\\Illuminate\\Pipeline\\Pipeline.php(219): Illuminate\\Http\\Middleware\\TrustProxies->handle(Object(Illuminate\\Http\\Request), Object(Closure))
#43 C:\\xampp\\htdocs\\secprog\\SecPro\\FrontEndSec\\vendor\\laravel\\framework\\src\\Illuminate\\Foundation\\Http\\Middleware\\InvokeDeferredCallbacks.php(22): Illuminate\\Pipeline\\Pipeline->Illuminate\\Pipeline\\{closure}(Object(Illuminate\\Http\\Request))
#44 C:\\xampp\\htdocs\\secprog\\SecPro\\FrontEndSec\\vendor\\laravel\\framework\\src\\Illuminate\\Pipeline\\Pipeline.php(219): Illuminate\\Foundation\\Http\\Middleware\\InvokeDeferredCallbacks->handle(Object(Illuminate\\Http\\Request), Object(Closure))
#45 C:\\xampp\\htdocs\\secprog\\SecPro\\FrontEndSec\\vendor\\laravel\\framework\\src\\Illuminate\\Http\\Middleware\\ValidatePathEncoding.php(26): Illuminate\\Pipeline\\Pipeline->Illuminate\\Pipeline\\{closure}(Object(Illuminate\\Http\\Request))
#46 C:\\xampp\\htdocs\\secprog\\SecPro\\FrontEndSec\\vendor\\laravel\\framework\\src\\Illuminate\\Pipeline\\Pipeline.php(219): Illuminate\\Http\\Middleware\\ValidatePathEncoding->handle(Object(Illuminate\\Http\\Request), Object(Closure))
#47 C:\\xampp\\htdocs\\secprog\\SecPro\\FrontEndSec\\vendor\\laravel\\framework\\src\\Illuminate\\Pipeline\\Pipeline.php(137): Illuminate\\Pipeline\\Pipeline->Illuminate\\Pipeline\\{closure}(Object(Illuminate\\Http\\Request))
#48 C:\\xampp\\htdocs\\secprog\\SecPro\\FrontEndSec\\vendor\\laravel\\framework\\src\\Illuminate\\Foundation\\Http\\Kernel.php(175): Illuminate\\Pipeline\\Pipeline->then(Object(Closure))
#49 C:\\xampp\\htdocs\\secprog\\SecPro\\FrontEndSec\\vendor\\laravel\\framework\\src\\Illuminate\\Foundation\\Http\\Kernel.php(144): Illuminate\\Foundation\\Http\\Kernel->sendRequestThroughRouter(Object(Illuminate\\Http\\Request))
#50 C:\\xampp\\htdocs\\secprog\\SecPro\\FrontEndSec\\vendor\\laravel\\framework\\src\\Illuminate\\Foundation\\Application.php(1220): Illuminate\\Foundation\\Http\\Kernel->handle(Object(Illuminate\\Http\\Request))
#51 C:\\xampp\\htdocs\\secprog\\SecPro\\FrontEndSec\\public\\index.php(20): Illuminate\\Foundation\\Application->handleRequest(Object(Illuminate\\Http\\Request))
#52 C:\\xampp\\htdocs\\secprog\\SecPro\\FrontEndSec\\vendor\\laravel\\framework\\src\\Illuminate\\Foundation\\resources\\server.php(23): require_once('C:\\\\xampp\\\\htdocs...')
#53 {main}

[previous exception] [object] (PDOException(code: 42S02): SQLSTATE[42S02]: Base table or view not found: 1146 Table 'frontendsec.sessions' doesn't exist at C:\\xampp\\htdocs\\secprog\\SecPro\\FrontEndSec\\vendor\\laravel\\framework\\src\\Illuminate\\Database\\Connection.php:406)
[stacktrace]
#0 C:\\xampp\\htdocs\\secprog\\SecPro\\FrontEndSec\\vendor\\laravel\\framework\\src\\Illuminate\\Database\\Connection.php(406): PDO->prepare('select * from `...')
#1 C:\\xampp\\htdocs\\secprog\\SecPro\\FrontEndSec\\vendor\\laravel\\framework\\src\\Illuminate\\Database\\Connection.php(811): Illuminate\\Database\\Connection->Illuminate\\Database\\{closure}('select * from `...', Array)
#2 C:\\xampp\\htdocs\\secprog\\SecPro\\FrontEndSec\\vendor\\laravel\\framework\\src\\Illuminate\\Database\\Connection.php(778): Illuminate\\Database\\Connection->runQueryCallback('select * from `...', Array, Object(Closure))
#3 C:\\xampp\\htdocs\\secprog\\SecPro\\FrontEndSec\\vendor\\laravel\\framework\\src\\Illuminate\\Database\\Connection.php(397): Illuminate\\Database\\Connection->run('select * from `...', Array, Object(Closure))
#4 C:\\xampp\\htdocs\\secprog\\SecPro\\FrontEndSec\\vendor\\laravel\\framework\\src\\Illuminate\\Database\\Query\\Builder.php(3188): Illuminate\\Database\\Connection->select('select * from `...', Array, false)
#5 C:\\xampp\\htdocs\\secprog\\SecPro\\FrontEndSec\\vendor\\laravel\\framework\\src\\Illuminate\\Database\\Query\\Builder.php(3173): Illuminate\\Database\\Query\\Builder->runSelect()
#6 C:\\xampp\\htdocs\\secprog\\SecPro\\FrontEndSec\\vendor\\laravel\\framework\\src\\Illuminate\\Database\\Query\\Builder.php(3763): Illuminate\\Database\\Query\\Builder->Illuminate\\Database\\Query\\{closure}()
#7 C:\\xampp\\htdocs\\secprog\\SecPro\\FrontEndSec\\vendor\\laravel\\framework\\src\\Illuminate\\Database\\Query\\Builder.php(3172): Illuminate\\Database\\Query\\Builder->onceWithColumns(Array, Object(Closure))
#8 C:\\xampp\\htdocs\\secprog\\SecPro\\FrontEndSec\\vendor\\laravel\\framework\\src\\Illuminate\\Database\\Concerns\\BuildsQueries.php(366): Illuminate\\Database\\Query\\Builder->get(Array)
#9 C:\\xampp\\htdocs\\secprog\\SecPro\\FrontEndSec\\vendor\\laravel\\framework\\src\\Illuminate\\Database\\Query\\Builder.php(3095): Illuminate\\Database\\Query\\Builder->first(Array)
#10 C:\\xampp\\htdocs\\secprog\\SecPro\\FrontEndSec\\vendor\\laravel\\framework\\src\\Illuminate\\Session\\DatabaseSessionHandler.php(96): Illuminate\\Database\\Query\\Builder->find('3OdAWK6Jt1a7wfc...')
#11 C:\\xampp\\htdocs\\secprog\\SecPro\\FrontEndSec\\vendor\\laravel\\framework\\src\\Illuminate\\Session\\Store.php(117): Illuminate\\Session\\DatabaseSessionHandler->read('3OdAWK6Jt1a7wfc...')
#12 C:\\xampp\\htdocs\\secprog\\SecPro\\FrontEndSec\\vendor\\laravel\\framework\\src\\Illuminate\\Session\\Store.php(105): Illuminate\\Session\\Store->readFromHandler()
#13 C:\\xampp\\htdocs\\secprog\\SecPro\\FrontEndSec\\vendor\\laravel\\framework\\src\\Illuminate\\Session\\Store.php(89): Illuminate\\Session\\Store->loadSession()
#14 C:\\xampp\\htdocs\\secprog\\SecPro\\FrontEndSec\\vendor\\laravel\\framework\\src\\Illuminate\\Session\\Middleware\\StartSession.php(146): Illuminate\\Session\\Store->start()
#15 C:\\xampp\\htdocs\\secprog\\SecPro\\FrontEndSec\\vendor\\laravel\\framework\\src\\Illuminate\\Support\\helpers.php(390): Illuminate\\Session\\Middleware\\StartSession->Illuminate\\Session\\Middleware\\{closure}(Object(Illuminate\\Session\\Store))
#16 C:\\xampp\\htdocs\\secprog\\SecPro\\FrontEndSec\\vendor\\laravel\\framework\\src\\Illuminate\\Session\\Middleware\\StartSession.php(143): tap(Object(Illuminate\\Session\\Store), Object(Closure))
#17 C:\\xampp\\htdocs\\secprog\\SecPro\\FrontEndSec\\vendor\\laravel\\framework\\src\\Illuminate\\Session\\Middleware\\StartSession.php(115): Illuminate\\Session\\Middleware\\StartSession->startSession(Object(Illuminate\\Http\\Request), Object(Illuminate\\Session\\Store))
#18 C:\\xampp\\htdocs\\secprog\\SecPro\\FrontEndSec\\vendor\\laravel\\framework\\src\\Illuminate\\Session\\Middleware\\StartSession.php(63): Illuminate\\Session\\Middleware\\StartSession->handleStatefulRequest(Object(Illuminate\\Http\\Request), Object(Illuminate\\Session\\Store), Object(Closure))
#19 C:\\xampp\\htdocs\\secprog\\SecPro\\FrontEndSec\\vendor\\laravel\\framework\\src\\Illuminate\\Pipeline\\Pipeline.php(219): Illuminate\\Session\\Middleware\\StartSession->handle(Object(Illuminate\\Http\\Request), Object(Closure))
#20 C:\\xampp\\htdocs\\secprog\\SecPro\\FrontEndSec\\vendor\\laravel\\framework\\src\\Illuminate\\Cookie\\Middleware\\AddQueuedCookiesToResponse.php(36): Illuminate\\Pipeline\\Pipeline->Illuminate\\Pipeline\\{closure}(Object(Illuminate\\Http\\Request))
#21 C:\\xampp\\htdocs\\secprog\\SecPro\\FrontEndSec\\vendor\\laravel\\framework\\src\\Illuminate\\Pipeline\\Pipeline.php(219): Illuminate\\Cookie\\Middleware\\AddQueuedCookiesToResponse->handle(Object(Illuminate\\Http\\Request), Object(Closure))
#22 C:\\xampp\\htdocs\\secprog\\SecPro\\FrontEndSec\\vendor\\laravel\\framework\\src\\Illuminate\\Cookie\\Middleware\\EncryptCookies.php(74): Illuminate\\Pipeline\\Pipeline->Illuminate\\Pipeline\\{closure}(Object(Illuminate\\Http\\Request))
#23 C:\\xampp\\htdocs\\secprog\\SecPro\\FrontEndSec\\vendor\\laravel\\framework\\src\\Illuminate\\Pipeline\\Pipeline.php(219): Illuminate\\Cookie\\Middleware\\EncryptCookies->handle(Object(Illuminate\\Http\\Request), Object(Closure))
#24 C:\\xampp\\htdocs\\secprog\\SecPro\\FrontEndSec\\vendor\\laravel\\framework\\src\\Illuminate\\Pipeline\\Pipeline.php(137): Illuminate\\Pipeline\\Pipeline->Illuminate\\Pipeline\\{closure}(Object(Illuminate\\Http\\Request))
#25 C:\\xampp\\htdocs\\secprog\\SecPro\\FrontEndSec\\vendor\\laravel\\framework\\src\\Illuminate\\Routing\\Router.php(821): Illuminate\\Pipeline\\Pipeline->then(Object(Closure))
#26 C:\\xampp\\htdocs\\secprog\\SecPro\\FrontEndSec\\vendor\\laravel\\framework\\src\\Illuminate\\Routing\\Router.php(800): Illuminate\\Routing\\Router->runRouteWithinStack(Object(Illuminate\\Routing\\Route), Object(Illuminate\\Http\\Request))
#27 C:\\xampp\\htdocs\\secprog\\SecPro\\FrontEndSec\\vendor\\laravel\\framework\\src\\Illuminate\\Routing\\Router.php(764): Illuminate\\Routing\\Router->runRoute(Object(Illuminate\\Http\\Request), Object(Illuminate\\Routing\\Route))
#28 C:\\xampp\\htdocs\\secprog\\SecPro\\FrontEndSec\\vendor\\laravel\\framework\\src\\Illuminate\\Routing\\Router.php(753): Illuminate\\Routing\\Router->dispatchToRoute(Object(Illuminate\\Http\\Request))
#29 C:\\xampp\\htdocs\\secprog\\SecPro\\FrontEndSec\\vendor\\laravel\\framework\\src\\Illuminate\\Foundation\\Http\\Kernel.php(200): Illuminate\\Routing\\Router->dispatch(Object(Illuminate\\Http\\Request))
#30 C:\\xampp\\htdocs\\secprog\\SecPro\\FrontEndSec\\vendor\\laravel\\framework\\src\\Illuminate\\Pipeline\\Pipeline.php(180): Illuminate\\Foundation\\Http\\Kernel->Illuminate\\Foundation\\Http\\{closure}(Object(Illuminate\\Http\\Request))
#31 C:\\xampp\\htdocs\\secprog\\SecPro\\FrontEndSec\\vendor\\laravel\\framework\\src\\Illuminate\\Foundation\\Http\\Middleware\\TransformsRequest.php(21): Illuminate\\Pipeline\\Pipeline->Illuminate\\Pipeline\\{closure}(Object(Illuminate\\Http\\Request))
#32 C:\\xampp\\htdocs\\secprog\\SecPro\\FrontEndSec\\vendor\\laravel\\framework\\src\\Illuminate\\Foundation\\Http\\Middleware\\ConvertEmptyStringsToNull.php(31): Illuminate\\Foundation\\Http\\Middleware\\TransformsRequest->handle(Object(Illuminate\\Http\\Request), Object(Closure))
#33 C:\\xampp\\htdocs\\secprog\\SecPro\\FrontEndSec\\vendor\\laravel\\framework\\src\\Illuminate\\Pipeline\\Pipeline.php(219): Illuminate\\Foundation\\Http\\Middleware\\ConvertEmptyStringsToNull->handle(Object(Illuminate\\Http\\Request), Object(Closure))
#34 C:\\xampp\\htdocs\\secprog\\SecPro\\FrontEndSec\\vendor\\laravel\\framework\\src\\Illuminate\\Foundation\\Http\\Middleware\\TransformsRequest.php(21): Illuminate\\Pipeline\\Pipeline->Illuminate\\Pipeline\\{closure}(Object(Illuminate\\Http\\Request))
#35 C:\\xampp\\htdocs\\secprog\\SecPro\\FrontEndSec\\vendor\\laravel\\framework\\src\\Illuminate\\Foundation\\Http\\Middleware\\TrimStrings.php(51): Illuminate\\Foundation\\Http\\Middleware\\TransformsRequest->handle(Object(Illuminate\\Http\\Request), Object(Closure))
#36 C:\\xampp\\htdocs\\secprog\\SecPro\\FrontEndSec\\vendor\\laravel\\framework\\src\\Illuminate\\Pipeline\\Pipeline.php(219): Illuminate\\Foundation\\Http\\Middleware\\TrimStrings->handle(Object(Illuminate\\Http\\Request), Object(Closure))
#37 C:\\xampp\\htdocs\\secprog\\SecPro\\FrontEndSec\\vendor\\laravel\\framework\\src\\Illuminate\\Http\\Middleware\\ValidatePostSize.php(27): Illuminate\\Pipeline\\Pipeline->Illuminate\\Pipeline\\{closure}(Object(Illuminate\\Http\\Request))
#38 C:\\xampp\\htdocs\\secprog\\SecPro\\FrontEndSec\\vendor\\laravel\\framework\\src\\Illuminate\\Pipeline\\Pipeline.php(219): Illuminate\\Http\\Middleware\\ValidatePostSize->handle(Object(Illuminate\\Http\\Request), Object(Closure))
#39 C:\\xampp\\htdocs\\secprog\\SecPro\\FrontEndSec\\vendor\\laravel\\framework\\src\\Illuminate\\Foundation\\Http\\Middleware\\PreventRequestsDuringMaintenance.php(109): Illuminate\\Pipeline\\Pipeline->Illuminate\\Pipeline\\{closure}(Object(Illuminate\\Http\\Request))
#40 C:\\xampp\\htdocs\\secprog\\SecPro\\FrontEndSec\\vendor\\laravel\\framework\\src\\Illuminate\\Pipeline\\Pipeline.php(219): Illuminate\\Foundation\\Http\\Middleware\\PreventRequestsDuringMaintenance->handle(Object(Illuminate\\Http\\Request), Object(Closure))
#41 C:\\xampp\\htdocs\\secprog\\SecPro\\FrontEndSec\\vendor\\laravel\\framework\\src\\Illuminate\\Http\\Middleware\\HandleCors.php(48): Illuminate\\Pipeline\\Pipeline->Illuminate\\Pipeline\\{closure}(Object(Illuminate\\Http\\Request))
#42 C:\\xampp\\htdocs\\secprog\\SecPro\\FrontEndSec\\vendor\\laravel\\framework\\src\\Illuminate\\Pipeline\\Pipeline.php(219): Illuminate\\Http\\Middleware\\HandleCors->handle(Object(Illuminate\\Http\\Request), Object(Closure))
#43 C:\\xampp\\htdocs\\secprog\\SecPro\\FrontEndSec\\vendor\\laravel\\framework\\src\\Illuminate\\Http\\Middleware\\TrustProxies.php(58): Illuminate\\Pipeline\\Pipeline->Illuminate\\Pipeline\\{closure}(Object(Illuminate\\Http\\Request))
#44 C:\\xampp\\htdocs\\secprog\\SecPro\\FrontEndSec\\vendor\\laravel\\framework\\src\\Illuminate\\Pipeline\\Pipeline.php(219): Illuminate\\Http\\Middleware\\TrustProxies->handle(Object(Illuminate\\Http\\Request), Object(Closure))
#45 C:\\xampp\\htdocs\\secprog\\SecPro\\FrontEndSec\\vendor\\laravel\\framework\\src\\Illuminate\\Foundation\\Http\\Middleware\\InvokeDeferredCallbacks.php(22): Illuminate\\Pipeline\\Pipeline->Illuminate\\Pipeline\\{closure}(Object(Illuminate\\Http\\Request))
#46 C:\\xampp\\htdocs\\secprog\\SecPro\\FrontEndSec\\vendor\\laravel\\framework\\src\\Illuminate\\Pipeline\\Pipeline.php(219): Illuminate\\Foundation\\Http\\Middleware\\InvokeDeferredCallbacks->handle(Object(Illuminate\\Http\\Request), Object(Closure))
#47 C:\\xampp\\htdocs\\secprog\\SecPro\\FrontEndSec\\vendor\\laravel\\framework\\src\\Illuminate\\Http\\Middleware\\ValidatePathEncoding.php(26): Illuminate\\Pipeline\\Pipeline->Illuminate\\Pipeline\\{closure}(Object(Illuminate\\Http\\Request))
#48 C:\\xampp\\htdocs\\secprog\\SecPro\\FrontEndSec\\vendor\\laravel\\framework\\src\\Illuminate\\Pipeline\\Pipeline.php(219): Illuminate\\Http\\Middleware\\ValidatePathEncoding->handle(Object(Illuminate\\Http\\Request), Object(Closure))
#49 C:\\xampp\\htdocs\\secprog\\SecPro\\FrontEndSec\\vendor\\laravel\\framework\\src\\Illuminate\\Pipeline\\Pipeline.php(137): Illuminate\\Pipeline\\Pipeline->Illuminate\\Pipeline\\{closure}(Object(Illuminate\\Http\\Request))
#50 C:\\xampp\\htdocs\\secprog\\SecPro\\FrontEndSec\\vendor\\laravel\\framework\\src\\Illuminate\\Foundation\\Http\\Kernel.php(175): Illuminate\\Pipeline\\Pipeline->then(Object(Closure))
#51 C:\\xampp\\htdocs\\secprog\\SecPro\\FrontEndSec\\vendor\\laravel\\framework\\src\\Illuminate\\Foundation\\Http\\Kernel.php(144): Illuminate\\Foundation\\Http\\Kernel->sendRequestThroughRouter(Object(Illuminate\\Http\\Request))
#52 C:\\xampp\\htdocs\\secprog\\SecPro\\FrontEndSec\\vendor\\laravel\\framework\\src\\Illuminate\\Foundation\\Application.php(1220): Illuminate\\Foundation\\Http\\Kernel->handle(Object(Illuminate\\Http\\Request))
#53 C:\\xampp\\htdocs\\secprog\\SecPro\\FrontEndSec\\public\\index.php(20): Illuminate\\Foundation\\Application->handleRequest(Object(Illuminate\\Http\\Request))
#54 C:\\xampp\\htdocs\\secprog\\SecPro\\FrontEndSec\\vendor\\laravel\\framework\\src\\Illuminate\\Foundation\\resources\\server.php(23): require_once('C:\\\\xampp\\\\htdocs...')
#55 {main}
"} 
[2025-11-18 13:12:08] local.ERROR: Undefined variable $weeklyProducts (View: C:\xampp\htdocs\secprog\SecPro\FrontEndSec\resources\views\mainPage.blade.php) {"exception":"[object] (Illuminate\\View\\ViewException(code: 0): Undefined variable $weeklyProducts (View: C:\\xampp\\htdocs\\secprog\\SecPro\\FrontEndSec\\resources\\views\\mainPage.blade.php) at C:\\xampp\\htdocs\\secprog\\SecPro\\FrontEndSec\\storage\\framework\\views\\1f1e764261ce25fd6ab9770d03d6856e.php:138)
[stacktrace]
#0 C:\\xampp\\htdocs\\secprog\\SecPro\\FrontEndSec\\vendor\\laravel\\framework\\src\\Illuminate\\View\\Engines\\PhpEngine.php(59): Illuminate\\View\\Engines\\CompilerEngine->handleViewException(Object(ErrorException), 1)
#1 C:\\xampp\\htdocs\\secprog\\SecPro\\FrontEndSec\\vendor\\laravel\\framework\\src\\Illuminate\\View\\Engines\\CompilerEngine.php(76): Illuminate\\View\\Engines\\PhpEngine->evaluatePath('C:\\\\xampp\\\\htdocs...', Array)
#2 C:\\xampp\\htdocs\\secprog\\SecPro\\FrontEndSec\\vendor\\laravel\\framework\\src\\Illuminate\\View\\View.php(208): Illuminate\\View\\Engines\\CompilerEngine->get('C:\\\\xampp\\\\htdocs...', Array)
#3 C:\\xampp\\htdocs\\secprog\\SecPro\\FrontEndSec\\vendor\\laravel\\framework\\src\\Illuminate\\View\\View.php(191): Illuminate\\View\\View->getContents()
#4 C:\\xampp\\htdocs\\secprog\\SecPro\\FrontEndSec\\vendor\\laravel\\framework\\src\\Illuminate\\View\\View.php(160): Illuminate\\View\\View->renderContents()
#5 C:\\xampp\\htdocs\\secprog\\SecPro\\FrontEndSec\\vendor\\laravel\\framework\\src\\Illuminate\\Http\\Response.php(78): Illuminate\\View\\View->render()
#6 C:\\xampp\\htdocs\\secprog\\SecPro\\FrontEndSec\\vendor\\laravel\\framework\\src\\Illuminate\\Http\\Response.php(34): Illuminate\\Http\\Response->setContent(Object(Illuminate\\View\\View))
#7 C:\\xampp\\htdocs\\secprog\\SecPro\\FrontEndSec\\vendor\\laravel\\framework\\src\\Illuminate\\Routing\\Router.php(939): Illuminate\\Http\\Response->__construct(Object(Illuminate\\View\\View), 200, Array)
#8 C:\\xampp\\htdocs\\secprog\\SecPro\\FrontEndSec\\vendor\\laravel\\framework\\src\\Illuminate\\Routing\\Router.php(906): Illuminate\\Routing\\Router::toResponse(Object(Illuminate\\Http\\Request), Object(Illuminate\\View\\View))
#9 C:\\xampp\\htdocs\\secprog\\SecPro\\FrontEndSec\\vendor\\laravel\\framework\\src\\Illuminate\\Routing\\Router.php(821): Illuminate\\Routing\\Router->prepareResponse(Object(Illuminate\\Http\\Request), Object(Illuminate\\View\\View))
#10 C:\\xampp\\htdocs\\secprog\\SecPro\\FrontEndSec\\vendor\\laravel\\framework\\src\\Illuminate\\Pipeline\\Pipeline.php(180): Illuminate\\Routing\\Router->Illuminate\\Routing\\{closure}(Object(Illuminate\\Http\\Request))
#11 C:\\xampp\\htdocs\\secprog\\SecPro\\FrontEndSec\\vendor\\laravel\\framework\\src\\Illuminate\\Routing\\Middleware\\SubstituteBindings.php(50): Illuminate\\Pipeline\\Pipeline->Illuminate\\Pipeline\\{closure}(Object(Illuminate\\Http\\Request))
#12 C:\\xampp\\htdocs\\secprog\\SecPro\\FrontEndSec\\vendor\\laravel\\framework\\src\\Illuminate\\Pipeline\\Pipeline.php(219): Illuminate\\Routing\\Middleware\\SubstituteBindings->handle(Object(Illuminate\\Http\\Request), Object(Closure))
#13 C:\\xampp\\htdocs\\secprog\\SecPro\\FrontEndSec\\vendor\\laravel\\framework\\src\\Illuminate\\Foundation\\Http\\Middleware\\VerifyCsrfToken.php(87): Illuminate\\Pipeline\\Pipeline->Illuminate\\Pipeline\\{closure}(Object(Illuminate\\Http\\Request))
#14 C:\\xampp\\htdocs\\secprog\\SecPro\\FrontEndSec\\vendor\\laravel\\framework\\src\\Illuminate\\Pipeline\\Pipeline.php(219): Illuminate\\Foundation\\Http\\Middleware\\VerifyCsrfToken->handle(Object(Illuminate\\Http\\Request), Object(Closure))
#15 C:\\xampp\\htdocs\\secprog\\SecPro\\FrontEndSec\\vendor\\laravel\\framework\\src\\Illuminate\\View\\Middleware\\ShareErrorsFromSession.php(48): Illuminate\\Pipeline\\Pipeline->Illuminate\\Pipeline\\{closure}(Object(Illuminate\\Http\\Request))
#16 C:\\xampp\\htdocs\\secprog\\SecPro\\FrontEndSec\\vendor\\laravel\\framework\\src\\Illuminate\\Pipeline\\Pipeline.php(219): Illuminate\\View\\Middleware\\ShareErrorsFromSession->handle(Object(Illuminate\\Http\\Request), Object(Closure))
#17 C:\\xampp\\htdocs\\secprog\\SecPro\\FrontEndSec\\vendor\\laravel\\framework\\src\\Illuminate\\Session\\Middleware\\StartSession.php(120): Illuminate\\Pipeline\\Pipeline->Illuminate\\Pipeline\\{closure}(Object(Illuminate\\Http\\Request))
#18 C:\\xampp\\htdocs\\secprog\\SecPro\\FrontEndSec\\vendor\\laravel\\framework\\src\\Illuminate\\Session\\Middleware\\StartSession.php(63): Illuminate\\Session\\Middleware\\StartSession->handleStatefulRequest(Object(Illuminate\\Http\\Request), Object(Illuminate\\Session\\Store), Object(Closure))
#19 C:\\xampp\\htdocs\\secprog\\SecPro\\FrontEndSec\\vendor\\laravel\\framework\\src\\Illuminate\\Pipeline\\Pipeline.php(219): Illuminate\\Session\\Middleware\\StartSession->handle(Object(Illuminate\\Http\\Request), Object(Closure))
#20 C:\\xampp\\htdocs\\secprog\\SecPro\\FrontEndSec\\vendor\\laravel\\framework\\src\\Illuminate\\Cookie\\Middleware\\AddQueuedCookiesToResponse.php(36): Illuminate\\Pipeline\\Pipeline->Illuminate\\Pipeline\\{closure}(Object(Illuminate\\Http\\Request))
#21 C:\\xampp\\htdocs\\secprog\\SecPro\\FrontEndSec\\vendor\\laravel\\framework\\src\\Illuminate\\Pipeline\\Pipeline.php(219): Illuminate\\Cookie\\Middleware\\AddQueuedCookiesToResponse->handle(Object(Illuminate\\Http\\Request), Object(Closure))
#22 C:\\xampp\\htdocs\\secprog\\SecPro\\FrontEndSec\\vendor\\laravel\\framework\\src\\Illuminate\\Cookie\\Middleware\\EncryptCookies.php(74): Illuminate\\Pipeline\\Pipeline->Illuminate\\Pipeline\\{closure}(Object(Illuminate\\Http\\Request))
#23 C:\\xampp\\htdocs\\secprog\\SecPro\\FrontEndSec\\vendor\\laravel\\framework\\src\\Illuminate\\Pipeline\\Pipeline.php(219): Illuminate\\Cookie\\Middleware\\EncryptCookies->handle(Object(Illuminate\\Http\\Request), Object(Closure))
#24 C:\\xampp\\htdocs\\secprog\\SecPro\\FrontEndSec\\vendor\\laravel\\framework\\src\\Illuminate\\Pipeline\\Pipeline.php(137): Illuminate\\Pipeline\\Pipeline->Illuminate\\Pipeline\\{closure}(Object(Illuminate\\Http\\Request))
#25 C:\\xampp\\htdocs\\secprog\\SecPro\\FrontEndSec\\vendor\\laravel\\framework\\src\\Illuminate\\Routing\\Router.php(821): Illuminate\\Pipeline\\Pipeline->then(Object(Closure))
#26 C:\\xampp\\htdocs\\secprog\\SecPro\\FrontEndSec\\vendor\\laravel\\framework\\src\\Illuminate\\Routing\\Router.php(800): Illuminate\\Routing\\Router->runRouteWithinStack(Object(Illuminate\\Routing\\Route), Object(Illuminate\\Http\\Request))
#27 C:\\xampp\\htdocs\\secprog\\SecPro\\FrontEndSec\\vendor\\laravel\\framework\\src\\Illuminate\\Routing\\Router.php(764): Illuminate\\Routing\\Router->runRoute(Object(Illuminate\\Http\\Request), Object(Illuminate\\Routing\\Route))
#28 C:\\xampp\\htdocs\\secprog\\SecPro\\FrontEndSec\\vendor\\laravel\\framework\\src\\Illuminate\\Routing\\Router.php(753): Illuminate\\Routing\\Router->dispatchToRoute(Object(Illuminate\\Http\\Request))
#29 C:\\xampp\\htdocs\\secprog\\SecPro\\FrontEndSec\\vendor\\laravel\\framework\\src\\Illuminate\\Foundation\\Http\\Kernel.php(200): Illuminate\\Routing\\Router->dispatch(Object(Illuminate\\Http\\Request))
#30 C:\\xampp\\htdocs\\secprog\\SecPro\\FrontEndSec\\vendor\\laravel\\framework\\src\\Illuminate\\Pipeline\\Pipeline.php(180): Illuminate\\Foundation\\Http\\Kernel->Illuminate\\Foundation\\Http\\{closure}(Object(Illuminate\\Http\\Request))
#31 C:\\xampp\\htdocs\\secprog\\SecPro\\FrontEndSec\\vendor\\laravel\\framework\\src\\Illuminate\\Foundation\\Http\\Middleware\\TransformsRequest.php(21): Illuminate\\Pipeline\\Pipeline->Illuminate\\Pipeline\\{closure}(Object(Illuminate\\Http\\Request))
#32 C:\\xampp\\htdocs\\secprog\\SecPro\\FrontEndSec\\vendor\\laravel\\framework\\src\\Illuminate\\Foundation\\Http\\Middleware\\ConvertEmptyStringsToNull.php(31): Illuminate\\Foundation\\Http\\Middleware\\TransformsRequest->handle(Object(Illuminate\\Http\\Request), Object(Closure))
#33 C:\\xampp\\htdocs\\secprog\\SecPro\\FrontEndSec\\vendor\\laravel\\framework\\src\\Illuminate\\Pipeline\\Pipeline.php(219): Illuminate\\Foundation\\Http\\Middleware\\ConvertEmptyStringsToNull->handle(Object(Illuminate\\Http\\Request), Object(Closure))
#34 C:\\xampp\\htdocs\\secprog\\SecPro\\FrontEndSec\\vendor\\laravel\\framework\\src\\Illuminate\\Foundation\\Http\\Middleware\\TransformsRequest.php(21): Illuminate\\Pipeline\\Pipeline->Illuminate\\Pipeline\\{closure}(Object(Illuminate\\Http\\Request))
#35 C:\\xampp\\htdocs\\secprog\\SecPro\\FrontEndSec\\vendor\\laravel\\framework\\src\\Illuminate\\Foundation\\Http\\Middleware\\TrimStrings.php(51): Illuminate\\Foundation\\Http\\Middleware\\TransformsRequest->handle(Object(Illuminate\\Http\\Request), Object(Closure))
#36 C:\\xampp\\htdocs\\secprog\\SecPro\\FrontEndSec\\vendor\\laravel\\framework\\src\\Illuminate\\Pipeline\\Pipeline.php(219): Illuminate\\Foundation\\Http\\Middleware\\TrimStrings->handle(Object(Illuminate\\Http\\Request), Object(Closure))
#37 C:\\xampp\\htdocs\\secprog\\SecPro\\FrontEndSec\\vendor\\laravel\\framework\\src\\Illuminate\\Http\\Middleware\\ValidatePostSize.php(27): Illuminate\\Pipeline\\Pipeline->Illuminate\\Pipeline\\{closure}(Object(Illuminate\\Http\\Request))
#38 C:\\xampp\\htdocs\\secprog\\SecPro\\FrontEndSec\\vendor\\laravel\\framework\\src\\Illuminate\\Pipeline\\Pipeline.php(219): Illuminate\\Http\\Middleware\\ValidatePostSize->handle(Object(Illuminate\\Http\\Request), Object(Closure))
#39 C:\\xampp\\htdocs\\secprog\\SecPro\\FrontEndSec\\vendor\\laravel\\framework\\src\\Illuminate\\Foundation\\Http\\Middleware\\PreventRequestsDuringMaintenance.php(109): Illuminate\\Pipeline\\Pipeline->Illuminate\\Pipeline\\{closure}(Object(Illuminate\\Http\\Request))
#40 C:\\xampp\\htdocs\\secprog\\SecPro\\FrontEndSec\\vendor\\laravel\\framework\\src\\Illuminate\\Pipeline\\Pipeline.php(219): Illuminate\\Foundation\\Http\\Middleware\\PreventRequestsDuringMaintenance->handle(Object(Illuminate\\Http\\Request), Object(Closure))
#41 C:\\xampp\\htdocs\\secprog\\SecPro\\FrontEndSec\\vendor\\laravel\\framework\\src\\Illuminate\\Http\\Middleware\\HandleCors.php(48): Illuminate\\Pipeline\\Pipeline->Illuminate\\Pipeline\\{closure}(Object(Illuminate\\Http\\Request))
#42 C:\\xampp\\htdocs\\secprog\\SecPro\\FrontEndSec\\vendor\\laravel\\framework\\src\\Illuminate\\Pipeline\\Pipeline.php(219): Illuminate\\Http\\Middleware\\HandleCors->handle(Object(Illuminate\\Http\\Request), Object(Closure))
#43 C:\\xampp\\htdocs\\secprog\\SecPro\\FrontEndSec\\vendor\\laravel\\framework\\src\\Illuminate\\Http\\Middleware\\TrustProxies.php(58): Illuminate\\Pipeline\\Pipeline->Illuminate\\Pipeline\\{closure}(Object(Illuminate\\Http\\Request))
#44 C:\\xampp\\htdocs\\secprog\\SecPro\\FrontEndSec\\vendor\\laravel\\framework\\src\\Illuminate\\Pipeline\\Pipeline.php(219): Illuminate\\Http\\Middleware\\TrustProxies->handle(Object(Illuminate\\Http\\Request), Object(Closure))
#45 C:\\xampp\\htdocs\\secprog\\SecPro\\FrontEndSec\\vendor\\laravel\\framework\\src\\Illuminate\\Foundation\\Http\\Middleware\\InvokeDeferredCallbacks.php(22): Illuminate\\Pipeline\\Pipeline->Illuminate\\Pipeline\\{closure}(Object(Illuminate\\Http\\Request))
#46 C:\\xampp\\htdocs\\secprog\\SecPro\\FrontEndSec\\vendor\\laravel\\framework\\src\\Illuminate\\Pipeline\\Pipeline.php(219): Illuminate\\Foundation\\Http\\Middleware\\InvokeDeferredCallbacks->handle(Object(Illuminate\\Http\\Request), Object(Closure))
#47 C:\\xampp\\htdocs\\secprog\\SecPro\\FrontEndSec\\vendor\\laravel\\framework\\src\\Illuminate\\Http\\Middleware\\ValidatePathEncoding.php(26): Illuminate\\Pipeline\\Pipeline->Illuminate\\Pipeline\\{closure}(Object(Illuminate\\Http\\Request))
#48 C:\\xampp\\htdocs\\secprog\\SecPro\\FrontEndSec\\vendor\\laravel\\framework\\src\\Illuminate\\Pipeline\\Pipeline.php(219): Illuminate\\Http\\Middleware\\ValidatePathEncoding->handle(Object(Illuminate\\Http\\Request), Object(Closure))
#49 C:\\xampp\\htdocs\\secprog\\SecPro\\FrontEndSec\\vendor\\laravel\\framework\\src\\Illuminate\\Pipeline\\Pipeline.php(137): Illuminate\\Pipeline\\Pipeline->Illuminate\\Pipeline\\{closure}(Object(Illuminate\\Http\\Request))
#50 C:\\xampp\\htdocs\\secprog\\SecPro\\FrontEndSec\\vendor\\laravel\\framework\\src\\Illuminate\\Foundation\\Http\\Kernel.php(175): Illuminate\\Pipeline\\Pipeline->then(Object(Closure))
#51 C:\\xampp\\htdocs\\secprog\\SecPro\\FrontEndSec\\vendor\\laravel\\framework\\src\\Illuminate\\Foundation\\Http\\Kernel.php(144): Illuminate\\Foundation\\Http\\Kernel->sendRequestThroughRouter(Object(Illuminate\\Http\\Request))
#52 C:\\xampp\\htdocs\\secprog\\SecPro\\FrontEndSec\\vendor\\laravel\\framework\\src\\Illuminate\\Foundation\\Application.php(1220): Illuminate\\Foundation\\Http\\Kernel->handle(Object(Illuminate\\Http\\Request))
#53 C:\\xampp\\htdocs\\secprog\\SecPro\\FrontEndSec\\public\\index.php(20): Illuminate\\Foundation\\Application->handleRequest(Object(Illuminate\\Http\\Request))
#54 C:\\xampp\\htdocs\\secprog\\SecPro\\FrontEndSec\\vendor\\laravel\\framework\\src\\Illuminate\\Foundation\\resources\\server.php(23): require_once('C:\\\\xampp\\\\htdocs...')
#55 {main}

[previous exception] [object] (ErrorException(code: 0): Undefined variable $weeklyProducts at C:\\xampp\\htdocs\\secprog\\SecPro\\FrontEndSec\\storage\\framework\\views\\1f1e764261ce25fd6ab9770d03d6856e.php:138)
[stacktrace]
#0 C:\\xampp\\htdocs\\secprog\\SecPro\\FrontEndSec\\vendor\\laravel\\framework\\src\\Illuminate\\Foundation\\Bootstrap\\HandleExceptions.php(258): Illuminate\\Foundation\\Bootstrap\\HandleExceptions->handleError(2, 'Undefined varia...', 'C:\\\\xampp\\\\htdocs...', 138)
#1 C:\\xampp\\htdocs\\secprog\\SecPro\\FrontEndSec\\storage\\framework\\views\\1f1e764261ce25fd6ab9770d03d6856e.php(138): Illuminate\\Foundation\\Bootstrap\\HandleExceptions->Illuminate\\Foundation\\Bootstrap\\{closure}(2, 'Undefined varia...', 'C:\\\\xampp\\\\htdocs...', 138)
#2 C:\\xampp\\htdocs\\secprog\\SecPro\\FrontEndSec\\vendor\\laravel\\framework\\src\\Illuminate\\Filesystem\\Filesystem.php(123): require('C:\\\\xampp\\\\htdocs...')
#3 C:\\xampp\\htdocs\\secprog\\SecPro\\FrontEndSec\\vendor\\laravel\\framework\\src\\Illuminate\\Filesystem\\Filesystem.php(124): Illuminate\\Filesystem\\Filesystem::Illuminate\\Filesystem\\{closure}()
#4 C:\\xampp\\htdocs\\secprog\\SecPro\\FrontEndSec\\vendor\\laravel\\framework\\src\\Illuminate\\View\\Engines\\PhpEngine.php(57): Illuminate\\Filesystem\\Filesystem->getRequire('C:\\\\xampp\\\\htdocs...', Array)
#5 C:\\xampp\\htdocs\\secprog\\SecPro\\FrontEndSec\\vendor\\laravel\\framework\\src\\Illuminate\\View\\Engines\\CompilerEngine.php(76): Illuminate\\View\\Engines\\PhpEngine->evaluatePath('C:\\\\xampp\\\\htdocs...', Array)
#6 C:\\xampp\\htdocs\\secprog\\SecPro\\FrontEndSec\\vendor\\laravel\\framework\\src\\Illuminate\\View\\View.php(208): Illuminate\\View\\Engines\\CompilerEngine->get('C:\\\\xampp\\\\htdocs...', Array)
#7 C:\\xampp\\htdocs\\secprog\\SecPro\\FrontEndSec\\vendor\\laravel\\framework\\src\\Illuminate\\View\\View.php(191): Illuminate\\View\\View->getContents()
#8 C:\\xampp\\htdocs\\secprog\\SecPro\\FrontEndSec\\vendor\\laravel\\framework\\src\\Illuminate\\View\\View.php(160): Illuminate\\View\\View->renderContents()
#9 C:\\xampp\\htdocs\\secprog\\SecPro\\FrontEndSec\\vendor\\laravel\\framework\\src\\Illuminate\\Http\\Response.php(78): Illuminate\\View\\View->render()
#10 C:\\xampp\\htdocs\\secprog\\SecPro\\FrontEndSec\\vendor\\laravel\\framework\\src\\Illuminate\\Http\\Response.php(34): Illuminate\\Http\\Response->setContent(Object(Illuminate\\View\\View))
#11 C:\\xampp\\htdocs\\secprog\\SecPro\\FrontEndSec\\vendor\\laravel\\framework\\src\\Illuminate\\Routing\\Router.php(939): Illuminate\\Http\\Response->__construct(Object(Illuminate\\View\\View), 200, Array)
#12 C:\\xampp\\htdocs\\secprog\\SecPro\\FrontEndSec\\vendor\\laravel\\framework\\src\\Illuminate\\Routing\\Router.php(906): Illuminate\\Routing\\Router::toResponse(Object(Illuminate\\Http\\Request), Object(Illuminate\\View\\View))
#13 C:\\xampp\\htdocs\\secprog\\SecPro\\FrontEndSec\\vendor\\laravel\\framework\\src\\Illuminate\\Routing\\Router.php(821): Illuminate\\Routing\\Router->prepareResponse(Object(Illuminate\\Http\\Request), Object(Illuminate\\View\\View))
#14 C:\\xampp\\htdocs\\secprog\\SecPro\\FrontEndSec\\vendor\\laravel\\framework\\src\\Illuminate\\Pipeline\\Pipeline.php(180): Illuminate\\Routing\\Router->Illuminate\\Routing\\{closure}(Object(Illuminate\\Http\\Request))
#15 C:\\xampp\\htdocs\\secprog\\SecPro\\FrontEndSec\\vendor\\laravel\\framework\\src\\Illuminate\\Routing\\Middleware\\SubstituteBindings.php(50): Illuminate\\Pipeline\\Pipeline->Illuminate\\Pipeline\\{closure}(Object(Illuminate\\Http\\Request))
#16 C:\\xampp\\htdocs\\secprog\\SecPro\\FrontEndSec\\vendor\\laravel\\framework\\src\\Illuminate\\Pipeline\\Pipeline.php(219): Illuminate\\Routing\\Middleware\\SubstituteBindings->handle(Object(Illuminate\\Http\\Request), Object(Closure))
#17 C:\\xampp\\htdocs\\secprog\\SecPro\\FrontEndSec\\vendor\\laravel\\framework\\src\\Illuminate\\Foundation\\Http\\Middleware\\VerifyCsrfToken.php(87): Illuminate\\Pipeline\\Pipeline->Illuminate\\Pipeline\\{closure}(Object(Illuminate\\Http\\Request))
#18 C:\\xampp\\htdocs\\secprog\\SecPro\\FrontEndSec\\vendor\\laravel\\framework\\src\\Illuminate\\Pipeline\\Pipeline.php(219): Illuminate\\Foundation\\Http\\Middleware\\VerifyCsrfToken->handle(Object(Illuminate\\Http\\Request), Object(Closure))
#19 C:\\xampp\\htdocs\\secprog\\SecPro\\FrontEndSec\\vendor\\laravel\\framework\\src\\Illuminate\\View\\Middleware\\ShareErrorsFromSession.php(48): Illuminate\\Pipeline\\Pipeline->Illuminate\\Pipeline\\{closure}(Object(Illuminate\\Http\\Request))
#20 C:\\xampp\\htdocs\\secprog\\SecPro\\FrontEndSec\\vendor\\laravel\\framework\\src\\Illuminate\\Pipeline\\Pipeline.php(219): Illuminate\\View\\Middleware\\ShareErrorsFromSession->handle(Object(Illuminate\\Http\\Request), Object(Closure))
#21 C:\\xampp\\htdocs\\secprog\\SecPro\\FrontEndSec\\vendor\\laravel\\framework\\src\\Illuminate\\Session\\Middleware\\StartSession.php(120): Illuminate\\Pipeline\\Pipeline->Illuminate\\Pipeline\\{closure}(Object(Illuminate\\Http\\Request))
#22 C:\\xampp\\htdocs\\secprog\\SecPro\\FrontEndSec\\vendor\\laravel\\framework\\src\\Illuminate\\Session\\Middleware\\StartSession.php(63): Illuminate\\Session\\Middleware\\StartSession->handleStatefulRequest(Object(Illuminate\\Http\\Request), Object(Illuminate\\Session\\Store), Object(Closure))
#23 C:\\xampp\\htdocs\\secprog\\SecPro\\FrontEndSec\\vendor\\laravel\\framework\\src\\Illuminate\\Pipeline\\Pipeline.php(219): Illuminate\\Session\\Middleware\\StartSession->handle(Object(Illuminate\\Http\\Request), Object(Closure))
#24 C:\\xampp\\htdocs\\secprog\\SecPro\\FrontEndSec\\vendor\\laravel\\framework\\src\\Illuminate\\Cookie\\Middleware\\AddQueuedCookiesToResponse.php(36): Illuminate\\Pipeline\\Pipeline->Illuminate\\Pipeline\\{closure}(Object(Illuminate\\Http\\Request))
#25 C:\\xampp\\htdocs\\secprog\\SecPro\\FrontEndSec\\vendor\\laravel\\framework\\src\\Illuminate\\Pipeline\\Pipeline.php(219): Illuminate\\Cookie\\Middleware\\AddQueuedCookiesToResponse->handle(Object(Illuminate\\Http\\Request), Object(Closure))
#26 C:\\xampp\\htdocs\\secprog\\SecPro\\FrontEndSec\\vendor\\laravel\\framework\\src\\Illuminate\\Cookie\\Middleware\\EncryptCookies.php(74): Illuminate\\Pipeline\\Pipeline->Illuminate\\Pipeline\\{closure}(Object(Illuminate\\Http\\Request))
#27 C:\\xampp\\htdocs\\secprog\\SecPro\\FrontEndSec\\vendor\\laravel\\framework\\src\\Illuminate\\Pipeline\\Pipeline.php(219): Illuminate\\Cookie\\Middleware\\EncryptCookies->handle(Object(Illuminate\\Http\\Request), Object(Closure))
#28 C:\\xampp\\htdocs\\secprog\\SecPro\\FrontEndSec\\vendor\\laravel\\framework\\src\\Illuminate\\Pipeline\\Pipeline.php(137): Illuminate\\Pipeline\\Pipeline->Illuminate\\Pipeline\\{closure}(Object(Illuminate\\Http\\Request))
#29 C:\\xampp\\htdocs\\secprog\\SecPro\\FrontEndSec\\vendor\\laravel\\framework\\src\\Illuminate\\Routing\\Router.php(821): Illuminate\\Pipeline\\Pipeline->then(Object(Closure))
#30 C:\\xampp\\htdocs\\secprog\\SecPro\\FrontEndSec\\vendor\\laravel\\framework\\src\\Illuminate\\Routing\\Router.php(800): Illuminate\\Routing\\Router->runRouteWithinStack(Object(Illuminate\\Routing\\Route), Object(Illuminate\\Http\\Request))
#31 C:\\xampp\\htdocs\\secprog\\SecPro\\FrontEndSec\\vendor\\laravel\\framework\\src\\Illuminate\\Routing\\Router.php(764): Illuminate\\Routing\\Router->runRoute(Object(Illuminate\\Http\\Request), Object(Illuminate\\Routing\\Route))
#32 C:\\xampp\\htdocs\\secprog\\SecPro\\FrontEndSec\\vendor\\laravel\\framework\\src\\Illuminate\\Routing\\Router.php(753): Illuminate\\Routing\\Router->dispatchToRoute(Object(Illuminate\\Http\\Request))
#33 C:\\xampp\\htdocs\\secprog\\SecPro\\FrontEndSec\\vendor\\laravel\\framework\\src\\Illuminate\\Foundation\\Http\\Kernel.php(200): Illuminate\\Routing\\Router->dispatch(Object(Illuminate\\Http\\Request))
#34 C:\\xampp\\htdocs\\secprog\\SecPro\\FrontEndSec\\vendor\\laravel\\framework\\src\\Illuminate\\Pipeline\\Pipeline.php(180): Illuminate\\Foundation\\Http\\Kernel->Illuminate\\Foundation\\Http\\{closure}(Object(Illuminate\\Http\\Request))
#35 C:\\xampp\\htdocs\\secprog\\SecPro\\FrontEndSec\\vendor\\laravel\\framework\\src\\Illuminate\\Foundation\\Http\\Middleware\\TransformsRequest.php(21): Illuminate\\Pipeline\\Pipeline->Illuminate\\Pipeline\\{closure}(Object(Illuminate\\Http\\Request))
#36 C:\\xampp\\htdocs\\secprog\\SecPro\\FrontEndSec\\vendor\\laravel\\framework\\src\\Illuminate\\Foundation\\Http\\Middleware\\ConvertEmptyStringsToNull.php(31): Illuminate\\Foundation\\Http\\Middleware\\TransformsRequest->handle(Object(Illuminate\\Http\\Request), Object(Closure))
#37 C:\\xampp\\htdocs\\secprog\\SecPro\\FrontEndSec\\vendor\\laravel\\framework\\src\\Illuminate\\Pipeline\\Pipeline.php(219): Illuminate\\Foundation\\Http\\Middleware\\ConvertEmptyStringsToNull->handle(Object(Illuminate\\Http\\Request), Object(Closure))
#38 C:\\xampp\\htdocs\\secprog\\SecPro\\FrontEndSec\\vendor\\laravel\\framework\\src\\Illuminate\\Foundation\\Http\\Middleware\\TransformsRequest.php(21): Illuminate\\Pipeline\\Pipeline->Illuminate\\Pipeline\\{closure}(Object(Illuminate\\Http\\Request))
#39 C:\\xampp\\htdocs\\secprog\\SecPro\\FrontEndSec\\vendor\\laravel\\framework\\src\\Illuminate\\Foundation\\Http\\Middleware\\TrimStrings.php(51): Illuminate\\Foundation\\Http\\Middleware\\TransformsRequest->handle(Object(Illuminate\\Http\\Request), Object(Closure))
#40 C:\\xampp\\htdocs\\secprog\\SecPro\\FrontEndSec\\vendor\\laravel\\framework\\src\\Illuminate\\Pipeline\\Pipeline.php(219): Illuminate\\Foundation\\Http\\Middleware\\TrimStrings->handle(Object(Illuminate\\Http\\Request), Object(Closure))
#41 C:\\xampp\\htdocs\\secprog\\SecPro\\FrontEndSec\\vendor\\laravel\\framework\\src\\Illuminate\\Http\\Middleware\\ValidatePostSize.php(27): Illuminate\\Pipeline\\Pipeline->Illuminate\\Pipeline\\{closure}(Object(Illuminate\\Http\\Request))
#42 C:\\xampp\\htdocs\\secprog\\SecPro\\FrontEndSec\\vendor\\laravel\\framework\\src\\Illuminate\\Pipeline\\Pipeline.php(219): Illuminate\\Http\\Middleware\\ValidatePostSize->handle(Object(Illuminate\\Http\\Request), Object(Closure))
#43 C:\\xampp\\htdocs\\secprog\\SecPro\\FrontEndSec\\vendor\\laravel\\framework\\src\\Illuminate\\Foundation\\Http\\Middleware\\PreventRequestsDuringMaintenance.php(109): Illuminate\\Pipeline\\Pipeline->Illuminate\\Pipeline\\{closure}(Object(Illuminate\\Http\\Request))
#44 C:\\xampp\\htdocs\\secprog\\SecPro\\FrontEndSec\\vendor\\laravel\\framework\\src\\Illuminate\\Pipeline\\Pipeline.php(219): Illuminate\\Foundation\\Http\\Middleware\\PreventRequestsDuringMaintenance->handle(Object(Illuminate\\Http\\Request), Object(Closure))
#45 C:\\xampp\\htdocs\\secprog\\SecPro\\FrontEndSec\\vendor\\laravel\\framework\\src\\Illuminate\\Http\\Middleware\\HandleCors.php(48): Illuminate\\Pipeline\\Pipeline->Illuminate\\Pipeline\\{closure}(Object(Illuminate\\Http\\Request))
#46 C:\\xampp\\htdocs\\secprog\\SecPro\\FrontEndSec\\vendor\\laravel\\framework\\src\\Illuminate\\Pipeline\\Pipeline.php(219): Illuminate\\Http\\Middleware\\HandleCors->handle(Object(Illuminate\\Http\\Request), Object(Closure))
#47 C:\\xampp\\htdocs\\secprog\\SecPro\\FrontEndSec\\vendor\\laravel\\framework\\src\\Illuminate\\Http\\Middleware\\TrustProxies.php(58): Illuminate\\Pipeline\\Pipeline->Illuminate\\Pipeline\\{closure}(Object(Illuminate\\Http\\Request))
#48 C:\\xampp\\htdocs\\secprog\\SecPro\\FrontEndSec\\vendor\\laravel\\framework\\src\\Illuminate\\Pipeline\\Pipeline.php(219): Illuminate\\Http\\Middleware\\TrustProxies->handle(Object(Illuminate\\Http\\Request), Object(Closure))
#49 C:\\xampp\\htdocs\\secprog\\SecPro\\FrontEndSec\\vendor\\laravel\\framework\\src\\Illuminate\\Foundation\\Http\\Middleware\\InvokeDeferredCallbacks.php(22): Illuminate\\Pipeline\\Pipeline->Illuminate\\Pipeline\\{closure}(Object(Illuminate\\Http\\Request))
#50 C:\\xampp\\htdocs\\secprog\\SecPro\\FrontEndSec\\vendor\\laravel\\framework\\src\\Illuminate\\Pipeline\\Pipeline.php(219): Illuminate\\Foundation\\Http\\Middleware\\InvokeDeferredCallbacks->handle(Object(Illuminate\\Http\\Request), Object(Closure))
#51 C:\\xampp\\htdocs\\secprog\\SecPro\\FrontEndSec\\vendor\\laravel\\framework\\src\\Illuminate\\Http\\Middleware\\ValidatePathEncoding.php(26): Illuminate\\Pipeline\\Pipeline->Illuminate\\Pipeline\\{closure}(Object(Illuminate\\Http\\Request))
#52 C:\\xampp\\htdocs\\secprog\\SecPro\\FrontEndSec\\vendor\\laravel\\framework\\src\\Illuminate\\Pipeline\\Pipeline.php(219): Illuminate\\Http\\Middleware\\ValidatePathEncoding->handle(Object(Illuminate\\Http\\Request), Object(Closure))
#53 C:\\xampp\\htdocs\\secprog\\SecPro\\FrontEndSec\\vendor\\laravel\\framework\\src\\Illuminate\\Pipeline\\Pipeline.php(137): Illuminate\\Pipeline\\Pipeline->Illuminate\\Pipeline\\{closure}(Object(Illuminate\\Http\\Request))
#54 C:\\xampp\\htdocs\\secprog\\SecPro\\FrontEndSec\\vendor\\laravel\\framework\\src\\Illuminate\\Foundation\\Http\\Kernel.php(175): Illuminate\\Pipeline\\Pipeline->then(Object(Closure))
#55 C:\\xampp\\htdocs\\secprog\\SecPro\\FrontEndSec\\vendor\\laravel\\framework\\src\\Illuminate\\Foundation\\Http\\Kernel.php(144): Illuminate\\Foundation\\Http\\Kernel->sendRequestThroughRouter(Object(Illuminate\\Http\\Request))
#56 C:\\xampp\\htdocs\\secprog\\SecPro\\FrontEndSec\\vendor\\laravel\\framework\\src\\Illuminate\\Foundation\\Application.php(1220): Illuminate\\Foundation\\Http\\Kernel->handle(Object(Illuminate\\Http\\Request))
#57 C:\\xampp\\htdocs\\secprog\\SecPro\\FrontEndSec\\public\\index.php(20): Illuminate\\Foundation\\Application->handleRequest(Object(Illuminate\\Http\\Request))
#58 C:\\xampp\\htdocs\\secprog\\SecPro\\FrontEndSec\\vendor\\laravel\\framework\\src\\Illuminate\\Foundation\\resources\\server.php(23): require_once('C:\\\\xampp\\\\htdocs...')
#59 {main}
"} 
[2025-11-18 13:32:43] local.ERROR: Undefined variable $weeklyProducts (View: C:\xampp\htdocs\secprog\SecPro\FrontEndSec\resources\views\mainPage.blade.php) {"exception":"[object] (Illuminate\\View\\ViewException(code: 0): Undefined variable $weeklyProducts (View: C:\\xampp\\htdocs\\secprog\\SecPro\\FrontEndSec\\resources\\views\\mainPage.blade.php) at C:\\xampp\\htdocs\\secprog\\SecPro\\FrontEndSec\\storage\\framework\\views\\1f1e764261ce25fd6ab9770d03d6856e.php:138)
[stacktrace]
#0 C:\\xampp\\htdocs\\secprog\\SecPro\\FrontEndSec\\vendor\\laravel\\framework\\src\\Illuminate\\View\\Engines\\PhpEngine.php(59): Illuminate\\View\\Engines\\CompilerEngine->handleViewException(Object(ErrorException), 1)
#1 C:\\xampp\\htdocs\\secprog\\SecPro\\FrontEndSec\\vendor\\laravel\\framework\\src\\Illuminate\\View\\Engines\\CompilerEngine.php(76): Illuminate\\View\\Engines\\PhpEngine->evaluatePath('C:\\\\xampp\\\\htdocs...', Array)
#2 C:\\xampp\\htdocs\\secprog\\SecPro\\FrontEndSec\\vendor\\laravel\\framework\\src\\Illuminate\\View\\View.php(208): Illuminate\\View\\Engines\\CompilerEngine->get('C:\\\\xampp\\\\htdocs...', Array)
#3 C:\\xampp\\htdocs\\secprog\\SecPro\\FrontEndSec\\vendor\\laravel\\framework\\src\\Illuminate\\View\\View.php(191): Illuminate\\View\\View->getContents()
#4 C:\\xampp\\htdocs\\secprog\\SecPro\\FrontEndSec\\vendor\\laravel\\framework\\src\\Illuminate\\View\\View.php(160): Illuminate\\View\\View->renderContents()
#5 C:\\xampp\\htdocs\\secprog\\SecPro\\FrontEndSec\\vendor\\laravel\\framework\\src\\Illuminate\\Http\\Response.php(78): Illuminate\\View\\View->render()
#6 C:\\xampp\\htdocs\\secprog\\SecPro\\FrontEndSec\\vendor\\laravel\\framework\\src\\Illuminate\\Http\\Response.php(34): Illuminate\\Http\\Response->setContent(Object(Illuminate\\View\\View))
#7 C:\\xampp\\htdocs\\secprog\\SecPro\\FrontEndSec\\vendor\\laravel\\framework\\src\\Illuminate\\Routing\\Router.php(939): Illuminate\\Http\\Response->__construct(Object(Illuminate\\View\\View), 200, Array)
#8 C:\\xampp\\htdocs\\secprog\\SecPro\\FrontEndSec\\vendor\\laravel\\framework\\src\\Illuminate\\Routing\\Router.php(906): Illuminate\\Routing\\Router::toResponse(Object(Illuminate\\Http\\Request), Object(Illuminate\\View\\View))
#9 C:\\xampp\\htdocs\\secprog\\SecPro\\FrontEndSec\\vendor\\laravel\\framework\\src\\Illuminate\\Routing\\Router.php(821): Illuminate\\Routing\\Router->prepareResponse(Object(Illuminate\\Http\\Request), Object(Illuminate\\View\\View))
#10 C:\\xampp\\htdocs\\secprog\\SecPro\\FrontEndSec\\vendor\\laravel\\framework\\src\\Illuminate\\Pipeline\\Pipeline.php(180): Illuminate\\Routing\\Router->Illuminate\\Routing\\{closure}(Object(Illuminate\\Http\\Request))
#11 C:\\xampp\\htdocs\\secprog\\SecPro\\FrontEndSec\\vendor\\laravel\\framework\\src\\Illuminate\\Routing\\Middleware\\SubstituteBindings.php(50): Illuminate\\Pipeline\\Pipeline->Illuminate\\Pipeline\\{closure}(Object(Illuminate\\Http\\Request))
#12 C:\\xampp\\htdocs\\secprog\\SecPro\\FrontEndSec\\vendor\\laravel\\framework\\src\\Illuminate\\Pipeline\\Pipeline.php(219): Illuminate\\Routing\\Middleware\\SubstituteBindings->handle(Object(Illuminate\\Http\\Request), Object(Closure))
#13 C:\\xampp\\htdocs\\secprog\\SecPro\\FrontEndSec\\vendor\\laravel\\framework\\src\\Illuminate\\Foundation\\Http\\Middleware\\VerifyCsrfToken.php(87): Illuminate\\Pipeline\\Pipeline->Illuminate\\Pipeline\\{closure}(Object(Illuminate\\Http\\Request))
#14 C:\\xampp\\htdocs\\secprog\\SecPro\\FrontEndSec\\vendor\\laravel\\framework\\src\\Illuminate\\Pipeline\\Pipeline.php(219): Illuminate\\Foundation\\Http\\Middleware\\VerifyCsrfToken->handle(Object(Illuminate\\Http\\Request), Object(Closure))
#15 C:\\xampp\\htdocs\\secprog\\SecPro\\FrontEndSec\\vendor\\laravel\\framework\\src\\Illuminate\\View\\Middleware\\ShareErrorsFromSession.php(48): Illuminate\\Pipeline\\Pipeline->Illuminate\\Pipeline\\{closure}(Object(Illuminate\\Http\\Request))
#16 C:\\xampp\\htdocs\\secprog\\SecPro\\FrontEndSec\\vendor\\laravel\\framework\\src\\Illuminate\\Pipeline\\Pipeline.php(219): Illuminate\\View\\Middleware\\ShareErrorsFromSession->handle(Object(Illuminate\\Http\\Request), Object(Closure))
#17 C:\\xampp\\htdocs\\secprog\\SecPro\\FrontEndSec\\vendor\\laravel\\framework\\src\\Illuminate\\Session\\Middleware\\StartSession.php(120): Illuminate\\Pipeline\\Pipeline->Illuminate\\Pipeline\\{closure}(Object(Illuminate\\Http\\Request))
#18 C:\\xampp\\htdocs\\secprog\\SecPro\\FrontEndSec\\vendor\\laravel\\framework\\src\\Illuminate\\Session\\Middleware\\StartSession.php(63): Illuminate\\Session\\Middleware\\StartSession->handleStatefulRequest(Object(Illuminate\\Http\\Request), Object(Illuminate\\Session\\Store), Object(Closure))
#19 C:\\xampp\\htdocs\\secprog\\SecPro\\FrontEndSec\\vendor\\laravel\\framework\\src\\Illuminate\\Pipeline\\Pipeline.php(219): Illuminate\\Session\\Middleware\\StartSession->handle(Object(Illuminate\\Http\\Request), Object(Closure))
#20 C:\\xampp\\htdocs\\secprog\\SecPro\\FrontEndSec\\vendor\\laravel\\framework\\src\\Illuminate\\Cookie\\Middleware\\AddQueuedCookiesToResponse.php(36): Illuminate\\Pipeline\\Pipeline->Illuminate\\Pipeline\\{closure}(Object(Illuminate\\Http\\Request))
#21 C:\\xampp\\htdocs\\secprog\\SecPro\\FrontEndSec\\vendor\\laravel\\framework\\src\\Illuminate\\Pipeline\\Pipeline.php(219): Illuminate\\Cookie\\Middleware\\AddQueuedCookiesToResponse->handle(Object(Illuminate\\Http\\Request), Object(Closure))
#22 C:\\xampp\\htdocs\\secprog\\SecPro\\FrontEndSec\\vendor\\laravel\\framework\\src\\Illuminate\\Cookie\\Middleware\\EncryptCookies.php(74): Illuminate\\Pipeline\\Pipeline->Illuminate\\Pipeline\\{closure}(Object(Illuminate\\Http\\Request))
#23 C:\\xampp\\htdocs\\secprog\\SecPro\\FrontEndSec\\vendor\\laravel\\framework\\src\\Illuminate\\Pipeline\\Pipeline.php(219): Illuminate\\Cookie\\Middleware\\EncryptCookies->handle(Object(Illuminate\\Http\\Request), Object(Closure))
#24 C:\\xampp\\htdocs\\secprog\\SecPro\\FrontEndSec\\vendor\\laravel\\framework\\src\\Illuminate\\Pipeline\\Pipeline.php(137): Illuminate\\Pipeline\\Pipeline->Illuminate\\Pipeline\\{closure}(Object(Illuminate\\Http\\Request))
#25 C:\\xampp\\htdocs\\secprog\\SecPro\\FrontEndSec\\vendor\\laravel\\framework\\src\\Illuminate\\Routing\\Router.php(821): Illuminate\\Pipeline\\Pipeline->then(Object(Closure))
#26 C:\\xampp\\htdocs\\secprog\\SecPro\\FrontEndSec\\vendor\\laravel\\framework\\src\\Illuminate\\Routing\\Router.php(800): Illuminate\\Routing\\Router->runRouteWithinStack(Object(Illuminate\\Routing\\Route), Object(Illuminate\\Http\\Request))
#27 C:\\xampp\\htdocs\\secprog\\SecPro\\FrontEndSec\\vendor\\laravel\\framework\\src\\Illuminate\\Routing\\Router.php(764): Illuminate\\Routing\\Router->runRoute(Object(Illuminate\\Http\\Request), Object(Illuminate\\Routing\\Route))
#28 C:\\xampp\\htdocs\\secprog\\SecPro\\FrontEndSec\\vendor\\laravel\\framework\\src\\Illuminate\\Routing\\Router.php(753): Illuminate\\Routing\\Router->dispatchToRoute(Object(Illuminate\\Http\\Request))
#29 C:\\xampp\\htdocs\\secprog\\SecPro\\FrontEndSec\\vendor\\laravel\\framework\\src\\Illuminate\\Foundation\\Http\\Kernel.php(200): Illuminate\\Routing\\Router->dispatch(Object(Illuminate\\Http\\Request))
#30 C:\\xampp\\htdocs\\secprog\\SecPro\\FrontEndSec\\vendor\\laravel\\framework\\src\\Illuminate\\Pipeline\\Pipeline.php(180): Illuminate\\Foundation\\Http\\Kernel->Illuminate\\Foundation\\Http\\{closure}(Object(Illuminate\\Http\\Request))
#31 C:\\xampp\\htdocs\\secprog\\SecPro\\FrontEndSec\\vendor\\laravel\\framework\\src\\Illuminate\\Foundation\\Http\\Middleware\\TransformsRequest.php(21): Illuminate\\Pipeline\\Pipeline->Illuminate\\Pipeline\\{closure}(Object(Illuminate\\Http\\Request))
#32 C:\\xampp\\htdocs\\secprog\\SecPro\\FrontEndSec\\vendor\\laravel\\framework\\src\\Illuminate\\Foundation\\Http\\Middleware\\ConvertEmptyStringsToNull.php(31): Illuminate\\Foundation\\Http\\Middleware\\TransformsRequest->handle(Object(Illuminate\\Http\\Request), Object(Closure))
#33 C:\\xampp\\htdocs\\secprog\\SecPro\\FrontEndSec\\vendor\\laravel\\framework\\src\\Illuminate\\Pipeline\\Pipeline.php(219): Illuminate\\Foundation\\Http\\Middleware\\ConvertEmptyStringsToNull->handle(Object(Illuminate\\Http\\Request), Object(Closure))
#34 C:\\xampp\\htdocs\\secprog\\SecPro\\FrontEndSec\\vendor\\laravel\\framework\\src\\Illuminate\\Foundation\\Http\\Middleware\\TransformsRequest.php(21): Illuminate\\Pipeline\\Pipeline->Illuminate\\Pipeline\\{closure}(Object(Illuminate\\Http\\Request))
#35 C:\\xampp\\htdocs\\secprog\\SecPro\\FrontEndSec\\vendor\\laravel\\framework\\src\\Illuminate\\Foundation\\Http\\Middleware\\TrimStrings.php(51): Illuminate\\Foundation\\Http\\Middleware\\TransformsRequest->handle(Object(Illuminate\\Http\\Request), Object(Closure))
#36 C:\\xampp\\htdocs\\secprog\\SecPro\\FrontEndSec\\vendor\\laravel\\framework\\src\\Illuminate\\Pipeline\\Pipeline.php(219): Illuminate\\Foundation\\Http\\Middleware\\TrimStrings->handle(Object(Illuminate\\Http\\Request), Object(Closure))
#37 C:\\xampp\\htdocs\\secprog\\SecPro\\FrontEndSec\\vendor\\laravel\\framework\\src\\Illuminate\\Http\\Middleware\\ValidatePostSize.php(27): Illuminate\\Pipeline\\Pipeline->Illuminate\\Pipeline\\{closure}(Object(Illuminate\\Http\\Request))
#38 C:\\xampp\\htdocs\\secprog\\SecPro\\FrontEndSec\\vendor\\laravel\\framework\\src\\Illuminate\\Pipeline\\Pipeline.php(219): Illuminate\\Http\\Middleware\\ValidatePostSize->handle(Object(Illuminate\\Http\\Request), Object(Closure))
#39 C:\\xampp\\htdocs\\secprog\\SecPro\\FrontEndSec\\vendor\\laravel\\framework\\src\\Illuminate\\Foundation\\Http\\Middleware\\PreventRequestsDuringMaintenance.php(109): Illuminate\\Pipeline\\Pipeline->Illuminate\\Pipeline\\{closure}(Object(Illuminate\\Http\\Request))
#40 C:\\xampp\\htdocs\\secprog\\SecPro\\FrontEndSec\\vendor\\laravel\\framework\\src\\Illuminate\\Pipeline\\Pipeline.php(219): Illuminate\\Foundation\\Http\\Middleware\\PreventRequestsDuringMaintenance->handle(Object(Illuminate\\Http\\Request), Object(Closure))
#41 C:\\xampp\\htdocs\\secprog\\SecPro\\FrontEndSec\\vendor\\laravel\\framework\\src\\Illuminate\\Http\\Middleware\\HandleCors.php(48): Illuminate\\Pipeline\\Pipeline->Illuminate\\Pipeline\\{closure}(Object(Illuminate\\Http\\Request))
#42 C:\\xampp\\htdocs\\secprog\\SecPro\\FrontEndSec\\vendor\\laravel\\framework\\src\\Illuminate\\Pipeline\\Pipeline.php(219): Illuminate\\Http\\Middleware\\HandleCors->handle(Object(Illuminate\\Http\\Request), Object(Closure))
#43 C:\\xampp\\htdocs\\secprog\\SecPro\\FrontEndSec\\vendor\\laravel\\framework\\src\\Illuminate\\Http\\Middleware\\TrustProxies.php(58): Illuminate\\Pipeline\\Pipeline->Illuminate\\Pipeline\\{closure}(Object(Illuminate\\Http\\Request))
#44 C:\\xampp\\htdocs\\secprog\\SecPro\\FrontEndSec\\vendor\\laravel\\framework\\src\\Illuminate\\Pipeline\\Pipeline.php(219): Illuminate\\Http\\Middleware\\TrustProxies->handle(Object(Illuminate\\Http\\Request), Object(Closure))
#45 C:\\xampp\\htdocs\\secprog\\SecPro\\FrontEndSec\\vendor\\laravel\\framework\\src\\Illuminate\\Foundation\\Http\\Middleware\\InvokeDeferredCallbacks.php(22): Illuminate\\Pipeline\\Pipeline->Illuminate\\Pipeline\\{closure}(Object(Illuminate\\Http\\Request))
#46 C:\\xampp\\htdocs\\secprog\\SecPro\\FrontEndSec\\vendor\\laravel\\framework\\src\\Illuminate\\Pipeline\\Pipeline.php(219): Illuminate\\Foundation\\Http\\Middleware\\InvokeDeferredCallbacks->handle(Object(Illuminate\\Http\\Request), Object(Closure))
#47 C:\\xampp\\htdocs\\secprog\\SecPro\\FrontEndSec\\vendor\\laravel\\framework\\src\\Illuminate\\Http\\Middleware\\ValidatePathEncoding.php(26): Illuminate\\Pipeline\\Pipeline->Illuminate\\Pipeline\\{closure}(Object(Illuminate\\Http\\Request))
#48 C:\\xampp\\htdocs\\secprog\\SecPro\\FrontEndSec\\vendor\\laravel\\framework\\src\\Illuminate\\Pipeline\\Pipeline.php(219): Illuminate\\Http\\Middleware\\ValidatePathEncoding->handle(Object(Illuminate\\Http\\Request), Object(Closure))
#49 C:\\xampp\\htdocs\\secprog\\SecPro\\FrontEndSec\\vendor\\laravel\\framework\\src\\Illuminate\\Pipeline\\Pipeline.php(137): Illuminate\\Pipeline\\Pipeline->Illuminate\\Pipeline\\{closure}(Object(Illuminate\\Http\\Request))
#50 C:\\xampp\\htdocs\\secprog\\SecPro\\FrontEndSec\\vendor\\laravel\\framework\\src\\Illuminate\\Foundation\\Http\\Kernel.php(175): Illuminate\\Pipeline\\Pipeline->then(Object(Closure))
#51 C:\\xampp\\htdocs\\secprog\\SecPro\\FrontEndSec\\vendor\\laravel\\framework\\src\\Illuminate\\Foundation\\Http\\Kernel.php(144): Illuminate\\Foundation\\Http\\Kernel->sendRequestThroughRouter(Object(Illuminate\\Http\\Request))
#52 C:\\xampp\\htdocs\\secprog\\SecPro\\FrontEndSec\\vendor\\laravel\\framework\\src\\Illuminate\\Foundation\\Application.php(1220): Illuminate\\Foundation\\Http\\Kernel->handle(Object(Illuminate\\Http\\Request))
#53 C:\\xampp\\htdocs\\secprog\\SecPro\\FrontEndSec\\public\\index.php(20): Illuminate\\Foundation\\Application->handleRequest(Object(Illuminate\\Http\\Request))
#54 C:\\xampp\\htdocs\\secprog\\SecPro\\FrontEndSec\\vendor\\laravel\\framework\\src\\Illuminate\\Foundation\\resources\\server.php(23): require_once('C:\\\\xampp\\\\htdocs...')
#55 {main}

[previous exception] [object] (ErrorException(code: 0): Undefined variable $weeklyProducts at C:\\xampp\\htdocs\\secprog\\SecPro\\FrontEndSec\\storage\\framework\\views\\1f1e764261ce25fd6ab9770d03d6856e.php:138)
[stacktrace]
#0 C:\\xampp\\htdocs\\secprog\\SecPro\\FrontEndSec\\vendor\\laravel\\framework\\src\\Illuminate\\Foundation\\Bootstrap\\HandleExceptions.php(258): Illuminate\\Foundation\\Bootstrap\\HandleExceptions->handleError(2, 'Undefined varia...', 'C:\\\\xampp\\\\htdocs...', 138)
#1 C:\\xampp\\htdocs\\secprog\\SecPro\\FrontEndSec\\storage\\framework\\views\\1f1e764261ce25fd6ab9770d03d6856e.php(138): Illuminate\\Foundation\\Bootstrap\\HandleExceptions->Illuminate\\Foundation\\Bootstrap\\{closure}(2, 'Undefined varia...', 'C:\\\\xampp\\\\htdocs...', 138)
#2 C:\\xampp\\htdocs\\secprog\\SecPro\\FrontEndSec\\vendor\\laravel\\framework\\src\\Illuminate\\Filesystem\\Filesystem.php(123): require('C:\\\\xampp\\\\htdocs...')
#3 C:\\xampp\\htdocs\\secprog\\SecPro\\FrontEndSec\\vendor\\laravel\\framework\\src\\Illuminate\\Filesystem\\Filesystem.php(124): Illuminate\\Filesystem\\Filesystem::Illuminate\\Filesystem\\{closure}()
#4 C:\\xampp\\htdocs\\secprog\\SecPro\\FrontEndSec\\vendor\\laravel\\framework\\src\\Illuminate\\View\\Engines\\PhpEngine.php(57): Illuminate\\Filesystem\\Filesystem->getRequire('C:\\\\xampp\\\\htdocs...', Array)
#5 C:\\xampp\\htdocs\\secprog\\SecPro\\FrontEndSec\\vendor\\laravel\\framework\\src\\Illuminate\\View\\Engines\\CompilerEngine.php(76): Illuminate\\View\\Engines\\PhpEngine->evaluatePath('C:\\\\xampp\\\\htdocs...', Array)
#6 C:\\xampp\\htdocs\\secprog\\SecPro\\FrontEndSec\\vendor\\laravel\\framework\\src\\Illuminate\\View\\View.php(208): Illuminate\\View\\Engines\\CompilerEngine->get('C:\\\\xampp\\\\htdocs...', Array)
#7 C:\\xampp\\htdocs\\secprog\\SecPro\\FrontEndSec\\vendor\\laravel\\framework\\src\\Illuminate\\View\\View.php(191): Illuminate\\View\\View->getContents()
#8 C:\\xampp\\htdocs\\secprog\\SecPro\\FrontEndSec\\vendor\\laravel\\framework\\src\\Illuminate\\View\\View.php(160): Illuminate\\View\\View->renderContents()
#9 C:\\xampp\\htdocs\\secprog\\SecPro\\FrontEndSec\\vendor\\laravel\\framework\\src\\Illuminate\\Http\\Response.php(78): Illuminate\\View\\View->render()
#10 C:\\xampp\\htdocs\\secprog\\SecPro\\FrontEndSec\\vendor\\laravel\\framework\\src\\Illuminate\\Http\\Response.php(34): Illuminate\\Http\\Response->setContent(Object(Illuminate\\View\\View))
#11 C:\\xampp\\htdocs\\secprog\\SecPro\\FrontEndSec\\vendor\\laravel\\framework\\src\\Illuminate\\Routing\\Router.php(939): Illuminate\\Http\\Response->__construct(Object(Illuminate\\View\\View), 200, Array)
#12 C:\\xampp\\htdocs\\secprog\\SecPro\\FrontEndSec\\vendor\\laravel\\framework\\src\\Illuminate\\Routing\\Router.php(906): Illuminate\\Routing\\Router::toResponse(Object(Illuminate\\Http\\Request), Object(Illuminate\\View\\View))
#13 C:\\xampp\\htdocs\\secprog\\SecPro\\FrontEndSec\\vendor\\laravel\\framework\\src\\Illuminate\\Routing\\Router.php(821): Illuminate\\Routing\\Router->prepareResponse(Object(Illuminate\\Http\\Request), Object(Illuminate\\View\\View))
#14 C:\\xampp\\htdocs\\secprog\\SecPro\\FrontEndSec\\vendor\\laravel\\framework\\src\\Illuminate\\Pipeline\\Pipeline.php(180): Illuminate\\Routing\\Router->Illuminate\\Routing\\{closure}(Object(Illuminate\\Http\\Request))
#15 C:\\xampp\\htdocs\\secprog\\SecPro\\FrontEndSec\\vendor\\laravel\\framework\\src\\Illuminate\\Routing\\Middleware\\SubstituteBindings.php(50): Illuminate\\Pipeline\\Pipeline->Illuminate\\Pipeline\\{closure}(Object(Illuminate\\Http\\Request))
#16 C:\\xampp\\htdocs\\secprog\\SecPro\\FrontEndSec\\vendor\\laravel\\framework\\src\\Illuminate\\Pipeline\\Pipeline.php(219): Illuminate\\Routing\\Middleware\\SubstituteBindings->handle(Object(Illuminate\\Http\\Request), Object(Closure))
#17 C:\\xampp\\htdocs\\secprog\\SecPro\\FrontEndSec\\vendor\\laravel\\framework\\src\\Illuminate\\Foundation\\Http\\Middleware\\VerifyCsrfToken.php(87): Illuminate\\Pipeline\\Pipeline->Illuminate\\Pipeline\\{closure}(Object(Illuminate\\Http\\Request))
#18 C:\\xampp\\htdocs\\secprog\\SecPro\\FrontEndSec\\vendor\\laravel\\framework\\src\\Illuminate\\Pipeline\\Pipeline.php(219): Illuminate\\Foundation\\Http\\Middleware\\VerifyCsrfToken->handle(Object(Illuminate\\Http\\Request), Object(Closure))
#19 C:\\xampp\\htdocs\\secprog\\SecPro\\FrontEndSec\\vendor\\laravel\\framework\\src\\Illuminate\\View\\Middleware\\ShareErrorsFromSession.php(48): Illuminate\\Pipeline\\Pipeline->Illuminate\\Pipeline\\{closure}(Object(Illuminate\\Http\\Request))
#20 C:\\xampp\\htdocs\\secprog\\SecPro\\FrontEndSec\\vendor\\laravel\\framework\\src\\Illuminate\\Pipeline\\Pipeline.php(219): Illuminate\\View\\Middleware\\ShareErrorsFromSession->handle(Object(Illuminate\\Http\\Request), Object(Closure))
#21 C:\\xampp\\htdocs\\secprog\\SecPro\\FrontEndSec\\vendor\\laravel\\framework\\src\\Illuminate\\Session\\Middleware\\StartSession.php(120): Illuminate\\Pipeline\\Pipeline->Illuminate\\Pipeline\\{closure}(Object(Illuminate\\Http\\Request))
#22 C:\\xampp\\htdocs\\secprog\\SecPro\\FrontEndSec\\vendor\\laravel\\framework\\src\\Illuminate\\Session\\Middleware\\StartSession.php(63): Illuminate\\Session\\Middleware\\StartSession->handleStatefulRequest(Object(Illuminate\\Http\\Request), Object(Illuminate\\Session\\Store), Object(Closure))
#23 C:\\xampp\\htdocs\\secprog\\SecPro\\FrontEndSec\\vendor\\laravel\\framework\\src\\Illuminate\\Pipeline\\Pipeline.php(219): Illuminate\\Session\\Middleware\\StartSession->handle(Object(Illuminate\\Http\\Request), Object(Closure))
#24 C:\\xampp\\htdocs\\secprog\\SecPro\\FrontEndSec\\vendor\\laravel\\framework\\src\\Illuminate\\Cookie\\Middleware\\AddQueuedCookiesToResponse.php(36): Illuminate\\Pipeline\\Pipeline->Illuminate\\Pipeline\\{closure}(Object(Illuminate\\Http\\Request))
#25 C:\\xampp\\htdocs\\secprog\\SecPro\\FrontEndSec\\vendor\\laravel\\framework\\src\\Illuminate\\Pipeline\\Pipeline.php(219): Illuminate\\Cookie\\Middleware\\AddQueuedCookiesToResponse->handle(Object(Illuminate\\Http\\Request), Object(Closure))
#26 C:\\xampp\\htdocs\\secprog\\SecPro\\FrontEndSec\\vendor\\laravel\\framework\\src\\Illuminate\\Cookie\\Middleware\\EncryptCookies.php(74): Illuminate\\Pipeline\\Pipeline->Illuminate\\Pipeline\\{closure}(Object(Illuminate\\Http\\Request))
#27 C:\\xampp\\htdocs\\secprog\\SecPro\\FrontEndSec\\vendor\\laravel\\framework\\src\\Illuminate\\Pipeline\\Pipeline.php(219): Illuminate\\Cookie\\Middleware\\EncryptCookies->handle(Object(Illuminate\\Http\\Request), Object(Closure))
#28 C:\\xampp\\htdocs\\secprog\\SecPro\\FrontEndSec\\vendor\\laravel\\framework\\src\\Illuminate\\Pipeline\\Pipeline.php(137): Illuminate\\Pipeline\\Pipeline->Illuminate\\Pipeline\\{closure}(Object(Illuminate\\Http\\Request))
#29 C:\\xampp\\htdocs\\secprog\\SecPro\\FrontEndSec\\vendor\\laravel\\framework\\src\\Illuminate\\Routing\\Router.php(821): Illuminate\\Pipeline\\Pipeline->then(Object(Closure))
#30 C:\\xampp\\htdocs\\secprog\\SecPro\\FrontEndSec\\vendor\\laravel\\framework\\src\\Illuminate\\Routing\\Router.php(800): Illuminate\\Routing\\Router->runRouteWithinStack(Object(Illuminate\\Routing\\Route), Object(Illuminate\\Http\\Request))
#31 C:\\xampp\\htdocs\\secprog\\SecPro\\FrontEndSec\\vendor\\laravel\\framework\\src\\Illuminate\\Routing\\Router.php(764): Illuminate\\Routing\\Router->runRoute(Object(Illuminate\\Http\\Request), Object(Illuminate\\Routing\\Route))
#32 C:\\xampp\\htdocs\\secprog\\SecPro\\FrontEndSec\\vendor\\laravel\\framework\\src\\Illuminate\\Routing\\Router.php(753): Illuminate\\Routing\\Router->dispatchToRoute(Object(Illuminate\\Http\\Request))
#33 C:\\xampp\\htdocs\\secprog\\SecPro\\FrontEndSec\\vendor\\laravel\\framework\\src\\Illuminate\\Foundation\\Http\\Kernel.php(200): Illuminate\\Routing\\Router->dispatch(Object(Illuminate\\Http\\Request))
#34 C:\\xampp\\htdocs\\secprog\\SecPro\\FrontEndSec\\vendor\\laravel\\framework\\src\\Illuminate\\Pipeline\\Pipeline.php(180): Illuminate\\Foundation\\Http\\Kernel->Illuminate\\Foundation\\Http\\{closure}(Object(Illuminate\\Http\\Request))
#35 C:\\xampp\\htdocs\\secprog\\SecPro\\FrontEndSec\\vendor\\laravel\\framework\\src\\Illuminate\\Foundation\\Http\\Middleware\\TransformsRequest.php(21): Illuminate\\Pipeline\\Pipeline->Illuminate\\Pipeline\\{closure}(Object(Illuminate\\Http\\Request))
#36 C:\\xampp\\htdocs\\secprog\\SecPro\\FrontEndSec\\vendor\\laravel\\framework\\src\\Illuminate\\Foundation\\Http\\Middleware\\ConvertEmptyStringsToNull.php(31): Illuminate\\Foundation\\Http\\Middleware\\TransformsRequest->handle(Object(Illuminate\\Http\\Request), Object(Closure))
#37 C:\\xampp\\htdocs\\secprog\\SecPro\\FrontEndSec\\vendor\\laravel\\framework\\src\\Illuminate\\Pipeline\\Pipeline.php(219): Illuminate\\Foundation\\Http\\Middleware\\ConvertEmptyStringsToNull->handle(Object(Illuminate\\Http\\Request), Object(Closure))
#38 C:\\xampp\\htdocs\\secprog\\SecPro\\FrontEndSec\\vendor\\laravel\\framework\\src\\Illuminate\\Foundation\\Http\\Middleware\\TransformsRequest.php(21): Illuminate\\Pipeline\\Pipeline->Illuminate\\Pipeline\\{closure}(Object(Illuminate\\Http\\Request))
#39 C:\\xampp\\htdocs\\secprog\\SecPro\\FrontEndSec\\vendor\\laravel\\framework\\src\\Illuminate\\Foundation\\Http\\Middleware\\TrimStrings.php(51): Illuminate\\Foundation\\Http\\Middleware\\TransformsRequest->handle(Object(Illuminate\\Http\\Request), Object(Closure))
#40 C:\\xampp\\htdocs\\secprog\\SecPro\\FrontEndSec\\vendor\\laravel\\framework\\src\\Illuminate\\Pipeline\\Pipeline.php(219): Illuminate\\Foundation\\Http\\Middleware\\TrimStrings->handle(Object(Illuminate\\Http\\Request), Object(Closure))
#41 C:\\xampp\\htdocs\\secprog\\SecPro\\FrontEndSec\\vendor\\laravel\\framework\\src\\Illuminate\\Http\\Middleware\\ValidatePostSize.php(27): Illuminate\\Pipeline\\Pipeline->Illuminate\\Pipeline\\{closure}(Object(Illuminate\\Http\\Request))
#42 C:\\xampp\\htdocs\\secprog\\SecPro\\FrontEndSec\\vendor\\laravel\\framework\\src\\Illuminate\\Pipeline\\Pipeline.php(219): Illuminate\\Http\\Middleware\\ValidatePostSize->handle(Object(Illuminate\\Http\\Request), Object(Closure))
#43 C:\\xampp\\htdocs\\secprog\\SecPro\\FrontEndSec\\vendor\\laravel\\framework\\src\\Illuminate\\Foundation\\Http\\Middleware\\PreventRequestsDuringMaintenance.php(109): Illuminate\\Pipeline\\Pipeline->Illuminate\\Pipeline\\{closure}(Object(Illuminate\\Http\\Request))
#44 C:\\xampp\\htdocs\\secprog\\SecPro\\FrontEndSec\\vendor\\laravel\\framework\\src\\Illuminate\\Pipeline\\Pipeline.php(219): Illuminate\\Foundation\\Http\\Middleware\\PreventRequestsDuringMaintenance->handle(Object(Illuminate\\Http\\Request), Object(Closure))
#45 C:\\xampp\\htdocs\\secprog\\SecPro\\FrontEndSec\\vendor\\laravel\\framework\\src\\Illuminate\\Http\\Middleware\\HandleCors.php(48): Illuminate\\Pipeline\\Pipeline->Illuminate\\Pipeline\\{closure}(Object(Illuminate\\Http\\Request))
#46 C:\\xampp\\htdocs\\secprog\\SecPro\\FrontEndSec\\vendor\\laravel\\framework\\src\\Illuminate\\Pipeline\\Pipeline.php(219): Illuminate\\Http\\Middleware\\HandleCors->handle(Object(Illuminate\\Http\\Request), Object(Closure))
#47 C:\\xampp\\htdocs\\secprog\\SecPro\\FrontEndSec\\vendor\\laravel\\framework\\src\\Illuminate\\Http\\Middleware\\TrustProxies.php(58): Illuminate\\Pipeline\\Pipeline->Illuminate\\Pipeline\\{closure}(Object(Illuminate\\Http\\Request))
#48 C:\\xampp\\htdocs\\secprog\\SecPro\\FrontEndSec\\vendor\\laravel\\framework\\src\\Illuminate\\Pipeline\\Pipeline.php(219): Illuminate\\Http\\Middleware\\TrustProxies->handle(Object(Illuminate\\Http\\Request), Object(Closure))
#49 C:\\xampp\\htdocs\\secprog\\SecPro\\FrontEndSec\\vendor\\laravel\\framework\\src\\Illuminate\\Foundation\\Http\\Middleware\\InvokeDeferredCallbacks.php(22): Illuminate\\Pipeline\\Pipeline->Illuminate\\Pipeline\\{closure}(Object(Illuminate\\Http\\Request))
#50 C:\\xampp\\htdocs\\secprog\\SecPro\\FrontEndSec\\vendor\\laravel\\framework\\src\\Illuminate\\Pipeline\\Pipeline.php(219): Illuminate\\Foundation\\Http\\Middleware\\InvokeDeferredCallbacks->handle(Object(Illuminate\\Http\\Request), Object(Closure))
#51 C:\\xampp\\htdocs\\secprog\\SecPro\\FrontEndSec\\vendor\\laravel\\framework\\src\\Illuminate\\Http\\Middleware\\ValidatePathEncoding.php(26): Illuminate\\Pipeline\\Pipeline->Illuminate\\Pipeline\\{closure}(Object(Illuminate\\Http\\Request))
#52 C:\\xampp\\htdocs\\secprog\\SecPro\\FrontEndSec\\vendor\\laravel\\framework\\src\\Illuminate\\Pipeline\\Pipeline.php(219): Illuminate\\Http\\Middleware\\ValidatePathEncoding->handle(Object(Illuminate\\Http\\Request), Object(Closure))
#53 C:\\xampp\\htdocs\\secprog\\SecPro\\FrontEndSec\\vendor\\laravel\\framework\\src\\Illuminate\\Pipeline\\Pipeline.php(137): Illuminate\\Pipeline\\Pipeline->Illuminate\\Pipeline\\{closure}(Object(Illuminate\\Http\\Request))
#54 C:\\xampp\\htdocs\\secprog\\SecPro\\FrontEndSec\\vendor\\laravel\\framework\\src\\Illuminate\\Foundation\\Http\\Kernel.php(175): Illuminate\\Pipeline\\Pipeline->then(Object(Closure))
#55 C:\\xampp\\htdocs\\secprog\\SecPro\\FrontEndSec\\vendor\\laravel\\framework\\src\\Illuminate\\Foundation\\Http\\Kernel.php(144): Illuminate\\Foundation\\Http\\Kernel->sendRequestThroughRouter(Object(Illuminate\\Http\\Request))
#56 C:\\xampp\\htdocs\\secprog\\SecPro\\FrontEndSec\\vendor\\laravel\\framework\\src\\Illuminate\\Foundation\\Application.php(1220): Illuminate\\Foundation\\Http\\Kernel->handle(Object(Illuminate\\Http\\Request))
#57 C:\\xampp\\htdocs\\secprog\\SecPro\\FrontEndSec\\public\\index.php(20): Illuminate\\Foundation\\Application->handleRequest(Object(Illuminate\\Http\\Request))
#58 C:\\xampp\\htdocs\\secprog\\SecPro\\FrontEndSec\\vendor\\laravel\\framework\\src\\Illuminate\\Foundation\\resources\\server.php(23): require_once('C:\\\\xampp\\\\htdocs...')
#59 {main}
"} 
[2025-11-18 13:33:01] local.ERROR: Undefined variable $weeklyProducts (View: C:\xampp\htdocs\secprog\SecPro\FrontEndSec\resources\views\mainPage.blade.php) {"exception":"[object] (Illuminate\\View\\ViewException(code: 0): Undefined variable $weeklyProducts (View: C:\\xampp\\htdocs\\secprog\\SecPro\\FrontEndSec\\resources\\views\\mainPage.blade.php) at C:\\xampp\\htdocs\\secprog\\SecPro\\FrontEndSec\\storage\\framework\\views\\1f1e764261ce25fd6ab9770d03d6856e.php:138)
[stacktrace]
#0 C:\\xampp\\htdocs\\secprog\\SecPro\\FrontEndSec\\vendor\\laravel\\framework\\src\\Illuminate\\View\\Engines\\PhpEngine.php(59): Illuminate\\View\\Engines\\CompilerEngine->handleViewException(Object(ErrorException), 1)
#1 C:\\xampp\\htdocs\\secprog\\SecPro\\FrontEndSec\\vendor\\laravel\\framework\\src\\Illuminate\\View\\Engines\\CompilerEngine.php(76): Illuminate\\View\\Engines\\PhpEngine->evaluatePath('C:\\\\xampp\\\\htdocs...', Array)
#2 C:\\xampp\\htdocs\\secprog\\SecPro\\FrontEndSec\\vendor\\laravel\\framework\\src\\Illuminate\\View\\View.php(208): Illuminate\\View\\Engines\\CompilerEngine->get('C:\\\\xampp\\\\htdocs...', Array)
#3 C:\\xampp\\htdocs\\secprog\\SecPro\\FrontEndSec\\vendor\\laravel\\framework\\src\\Illuminate\\View\\View.php(191): Illuminate\\View\\View->getContents()
#4 C:\\xampp\\htdocs\\secprog\\SecPro\\FrontEndSec\\vendor\\laravel\\framework\\src\\Illuminate\\View\\View.php(160): Illuminate\\View\\View->renderContents()
#5 C:\\xampp\\htdocs\\secprog\\SecPro\\FrontEndSec\\vendor\\laravel\\framework\\src\\Illuminate\\Http\\Response.php(78): Illuminate\\View\\View->render()
#6 C:\\xampp\\htdocs\\secprog\\SecPro\\FrontEndSec\\vendor\\laravel\\framework\\src\\Illuminate\\Http\\Response.php(34): Illuminate\\Http\\Response->setContent(Object(Illuminate\\View\\View))
#7 C:\\xampp\\htdocs\\secprog\\SecPro\\FrontEndSec\\vendor\\laravel\\framework\\src\\Illuminate\\Routing\\Router.php(939): Illuminate\\Http\\Response->__construct(Object(Illuminate\\View\\View), 200, Array)
#8 C:\\xampp\\htdocs\\secprog\\SecPro\\FrontEndSec\\vendor\\laravel\\framework\\src\\Illuminate\\Routing\\Router.php(906): Illuminate\\Routing\\Router::toResponse(Object(Illuminate\\Http\\Request), Object(Illuminate\\View\\View))
#9 C:\\xampp\\htdocs\\secprog\\SecPro\\FrontEndSec\\vendor\\laravel\\framework\\src\\Illuminate\\Routing\\Router.php(821): Illuminate\\Routing\\Router->prepareResponse(Object(Illuminate\\Http\\Request), Object(Illuminate\\View\\View))
#10 C:\\xampp\\htdocs\\secprog\\SecPro\\FrontEndSec\\vendor\\laravel\\framework\\src\\Illuminate\\Pipeline\\Pipeline.php(180): Illuminate\\Routing\\Router->Illuminate\\Routing\\{closure}(Object(Illuminate\\Http\\Request))
#11 C:\\xampp\\htdocs\\secprog\\SecPro\\FrontEndSec\\vendor\\laravel\\framework\\src\\Illuminate\\Routing\\Middleware\\SubstituteBindings.php(50): Illuminate\\Pipeline\\Pipeline->Illuminate\\Pipeline\\{closure}(Object(Illuminate\\Http\\Request))
#12 C:\\xampp\\htdocs\\secprog\\SecPro\\FrontEndSec\\vendor\\laravel\\framework\\src\\Illuminate\\Pipeline\\Pipeline.php(219): Illuminate\\Routing\\Middleware\\SubstituteBindings->handle(Object(Illuminate\\Http\\Request), Object(Closure))
#13 C:\\xampp\\htdocs\\secprog\\SecPro\\FrontEndSec\\vendor\\laravel\\framework\\src\\Illuminate\\Foundation\\Http\\Middleware\\VerifyCsrfToken.php(87): Illuminate\\Pipeline\\Pipeline->Illuminate\\Pipeline\\{closure}(Object(Illuminate\\Http\\Request))
#14 C:\\xampp\\htdocs\\secprog\\SecPro\\FrontEndSec\\vendor\\laravel\\framework\\src\\Illuminate\\Pipeline\\Pipeline.php(219): Illuminate\\Foundation\\Http\\Middleware\\VerifyCsrfToken->handle(Object(Illuminate\\Http\\Request), Object(Closure))
#15 C:\\xampp\\htdocs\\secprog\\SecPro\\FrontEndSec\\vendor\\laravel\\framework\\src\\Illuminate\\View\\Middleware\\ShareErrorsFromSession.php(48): Illuminate\\Pipeline\\Pipeline->Illuminate\\Pipeline\\{closure}(Object(Illuminate\\Http\\Request))
#16 C:\\xampp\\htdocs\\secprog\\SecPro\\FrontEndSec\\vendor\\laravel\\framework\\src\\Illuminate\\Pipeline\\Pipeline.php(219): Illuminate\\View\\Middleware\\ShareErrorsFromSession->handle(Object(Illuminate\\Http\\Request), Object(Closure))
#17 C:\\xampp\\htdocs\\secprog\\SecPro\\FrontEndSec\\vendor\\laravel\\framework\\src\\Illuminate\\Session\\Middleware\\StartSession.php(120): Illuminate\\Pipeline\\Pipeline->Illuminate\\Pipeline\\{closure}(Object(Illuminate\\Http\\Request))
#18 C:\\xampp\\htdocs\\secprog\\SecPro\\FrontEndSec\\vendor\\laravel\\framework\\src\\Illuminate\\Session\\Middleware\\StartSession.php(63): Illuminate\\Session\\Middleware\\StartSession->handleStatefulRequest(Object(Illuminate\\Http\\Request), Object(Illuminate\\Session\\Store), Object(Closure))
#19 C:\\xampp\\htdocs\\secprog\\SecPro\\FrontEndSec\\vendor\\laravel\\framework\\src\\Illuminate\\Pipeline\\Pipeline.php(219): Illuminate\\Session\\Middleware\\StartSession->handle(Object(Illuminate\\Http\\Request), Object(Closure))
#20 C:\\xampp\\htdocs\\secprog\\SecPro\\FrontEndSec\\vendor\\laravel\\framework\\src\\Illuminate\\Cookie\\Middleware\\AddQueuedCookiesToResponse.php(36): Illuminate\\Pipeline\\Pipeline->Illuminate\\Pipeline\\{closure}(Object(Illuminate\\Http\\Request))
#21 C:\\xampp\\htdocs\\secprog\\SecPro\\FrontEndSec\\vendor\\laravel\\framework\\src\\Illuminate\\Pipeline\\Pipeline.php(219): Illuminate\\Cookie\\Middleware\\AddQueuedCookiesToResponse->handle(Object(Illuminate\\Http\\Request), Object(Closure))
#22 C:\\xampp\\htdocs\\secprog\\SecPro\\FrontEndSec\\vendor\\laravel\\framework\\src\\Illuminate\\Cookie\\Middleware\\EncryptCookies.php(74): Illuminate\\Pipeline\\Pipeline->Illuminate\\Pipeline\\{closure}(Object(Illuminate\\Http\\Request))
#23 C:\\xampp\\htdocs\\secprog\\SecPro\\FrontEndSec\\vendor\\laravel\\framework\\src\\Illuminate\\Pipeline\\Pipeline.php(219): Illuminate\\Cookie\\Middleware\\EncryptCookies->handle(Object(Illuminate\\Http\\Request), Object(Closure))
#24 C:\\xampp\\htdocs\\secprog\\SecPro\\FrontEndSec\\vendor\\laravel\\framework\\src\\Illuminate\\Pipeline\\Pipeline.php(137): Illuminate\\Pipeline\\Pipeline->Illuminate\\Pipeline\\{closure}(Object(Illuminate\\Http\\Request))
#25 C:\\xampp\\htdocs\\secprog\\SecPro\\FrontEndSec\\vendor\\laravel\\framework\\src\\Illuminate\\Routing\\Router.php(821): Illuminate\\Pipeline\\Pipeline->then(Object(Closure))
#26 C:\\xampp\\htdocs\\secprog\\SecPro\\FrontEndSec\\vendor\\laravel\\framework\\src\\Illuminate\\Routing\\Router.php(800): Illuminate\\Routing\\Router->runRouteWithinStack(Object(Illuminate\\Routing\\Route), Object(Illuminate\\Http\\Request))
#27 C:\\xampp\\htdocs\\secprog\\SecPro\\FrontEndSec\\vendor\\laravel\\framework\\src\\Illuminate\\Routing\\Router.php(764): Illuminate\\Routing\\Router->runRoute(Object(Illuminate\\Http\\Request), Object(Illuminate\\Routing\\Route))
#28 C:\\xampp\\htdocs\\secprog\\SecPro\\FrontEndSec\\vendor\\laravel\\framework\\src\\Illuminate\\Routing\\Router.php(753): Illuminate\\Routing\\Router->dispatchToRoute(Object(Illuminate\\Http\\Request))
#29 C:\\xampp\\htdocs\\secprog\\SecPro\\FrontEndSec\\vendor\\laravel\\framework\\src\\Illuminate\\Foundation\\Http\\Kernel.php(200): Illuminate\\Routing\\Router->dispatch(Object(Illuminate\\Http\\Request))
#30 C:\\xampp\\htdocs\\secprog\\SecPro\\FrontEndSec\\vendor\\laravel\\framework\\src\\Illuminate\\Pipeline\\Pipeline.php(180): Illuminate\\Foundation\\Http\\Kernel->Illuminate\\Foundation\\Http\\{closure}(Object(Illuminate\\Http\\Request))
#31 C:\\xampp\\htdocs\\secprog\\SecPro\\FrontEndSec\\vendor\\laravel\\framework\\src\\Illuminate\\Foundation\\Http\\Middleware\\TransformsRequest.php(21): Illuminate\\Pipeline\\Pipeline->Illuminate\\Pipeline\\{closure}(Object(Illuminate\\Http\\Request))
#32 C:\\xampp\\htdocs\\secprog\\SecPro\\FrontEndSec\\vendor\\laravel\\framework\\src\\Illuminate\\Foundation\\Http\\Middleware\\ConvertEmptyStringsToNull.php(31): Illuminate\\Foundation\\Http\\Middleware\\TransformsRequest->handle(Object(Illuminate\\Http\\Request), Object(Closure))
#33 C:\\xampp\\htdocs\\secprog\\SecPro\\FrontEndSec\\vendor\\laravel\\framework\\src\\Illuminate\\Pipeline\\Pipeline.php(219): Illuminate\\Foundation\\Http\\Middleware\\ConvertEmptyStringsToNull->handle(Object(Illuminate\\Http\\Request), Object(Closure))
#34 C:\\xampp\\htdocs\\secprog\\SecPro\\FrontEndSec\\vendor\\laravel\\framework\\src\\Illuminate\\Foundation\\Http\\Middleware\\TransformsRequest.php(21): Illuminate\\Pipeline\\Pipeline->Illuminate\\Pipeline\\{closure}(Object(Illuminate\\Http\\Request))
#35 C:\\xampp\\htdocs\\secprog\\SecPro\\FrontEndSec\\vendor\\laravel\\framework\\src\\Illuminate\\Foundation\\Http\\Middleware\\TrimStrings.php(51): Illuminate\\Foundation\\Http\\Middleware\\TransformsRequest->handle(Object(Illuminate\\Http\\Request), Object(Closure))
#36 C:\\xampp\\htdocs\\secprog\\SecPro\\FrontEndSec\\vendor\\laravel\\framework\\src\\Illuminate\\Pipeline\\Pipeline.php(219): Illuminate\\Foundation\\Http\\Middleware\\TrimStrings->handle(Object(Illuminate\\Http\\Request), Object(Closure))
#37 C:\\xampp\\htdocs\\secprog\\SecPro\\FrontEndSec\\vendor\\laravel\\framework\\src\\Illuminate\\Http\\Middleware\\ValidatePostSize.php(27): Illuminate\\Pipeline\\Pipeline->Illuminate\\Pipeline\\{closure}(Object(Illuminate\\Http\\Request))
#38 C:\\xampp\\htdocs\\secprog\\SecPro\\FrontEndSec\\vendor\\laravel\\framework\\src\\Illuminate\\Pipeline\\Pipeline.php(219): Illuminate\\Http\\Middleware\\ValidatePostSize->handle(Object(Illuminate\\Http\\Request), Object(Closure))
#39 C:\\xampp\\htdocs\\secprog\\SecPro\\FrontEndSec\\vendor\\laravel\\framework\\src\\Illuminate\\Foundation\\Http\\Middleware\\PreventRequestsDuringMaintenance.php(109): Illuminate\\Pipeline\\Pipeline->Illuminate\\Pipeline\\{closure}(Object(Illuminate\\Http\\Request))
#40 C:\\xampp\\htdocs\\secprog\\SecPro\\FrontEndSec\\vendor\\laravel\\framework\\src\\Illuminate\\Pipeline\\Pipeline.php(219): Illuminate\\Foundation\\Http\\Middleware\\PreventRequestsDuringMaintenance->handle(Object(Illuminate\\Http\\Request), Object(Closure))
#41 C:\\xampp\\htdocs\\secprog\\SecPro\\FrontEndSec\\vendor\\laravel\\framework\\src\\Illuminate\\Http\\Middleware\\HandleCors.php(48): Illuminate\\Pipeline\\Pipeline->Illuminate\\Pipeline\\{closure}(Object(Illuminate\\Http\\Request))
#42 C:\\xampp\\htdocs\\secprog\\SecPro\\FrontEndSec\\vendor\\laravel\\framework\\src\\Illuminate\\Pipeline\\Pipeline.php(219): Illuminate\\Http\\Middleware\\HandleCors->handle(Object(Illuminate\\Http\\Request), Object(Closure))
#43 C:\\xampp\\htdocs\\secprog\\SecPro\\FrontEndSec\\vendor\\laravel\\framework\\src\\Illuminate\\Http\\Middleware\\TrustProxies.php(58): Illuminate\\Pipeline\\Pipeline->Illuminate\\Pipeline\\{closure}(Object(Illuminate\\Http\\Request))
#44 C:\\xampp\\htdocs\\secprog\\SecPro\\FrontEndSec\\vendor\\laravel\\framework\\src\\Illuminate\\Pipeline\\Pipeline.php(219): Illuminate\\Http\\Middleware\\TrustProxies->handle(Object(Illuminate\\Http\\Request), Object(Closure))
#45 C:\\xampp\\htdocs\\secprog\\SecPro\\FrontEndSec\\vendor\\laravel\\framework\\src\\Illuminate\\Foundation\\Http\\Middleware\\InvokeDeferredCallbacks.php(22): Illuminate\\Pipeline\\Pipeline->Illuminate\\Pipeline\\{closure}(Object(Illuminate\\Http\\Request))
#46 C:\\xampp\\htdocs\\secprog\\SecPro\\FrontEndSec\\vendor\\laravel\\framework\\src\\Illuminate\\Pipeline\\Pipeline.php(219): Illuminate\\Foundation\\Http\\Middleware\\InvokeDeferredCallbacks->handle(Object(Illuminate\\Http\\Request), Object(Closure))
#47 C:\\xampp\\htdocs\\secprog\\SecPro\\FrontEndSec\\vendor\\laravel\\framework\\src\\Illuminate\\Http\\Middleware\\ValidatePathEncoding.php(26): Illuminate\\Pipeline\\Pipeline->Illuminate\\Pipeline\\{closure}(Object(Illuminate\\Http\\Request))
#48 C:\\xampp\\htdocs\\secprog\\SecPro\\FrontEndSec\\vendor\\laravel\\framework\\src\\Illuminate\\Pipeline\\Pipeline.php(219): Illuminate\\Http\\Middleware\\ValidatePathEncoding->handle(Object(Illuminate\\Http\\Request), Object(Closure))
#49 C:\\xampp\\htdocs\\secprog\\SecPro\\FrontEndSec\\vendor\\laravel\\framework\\src\\Illuminate\\Pipeline\\Pipeline.php(137): Illuminate\\Pipeline\\Pipeline->Illuminate\\Pipeline\\{closure}(Object(Illuminate\\Http\\Request))
#50 C:\\xampp\\htdocs\\secprog\\SecPro\\FrontEndSec\\vendor\\laravel\\framework\\src\\Illuminate\\Foundation\\Http\\Kernel.php(175): Illuminate\\Pipeline\\Pipeline->then(Object(Closure))
#51 C:\\xampp\\htdocs\\secprog\\SecPro\\FrontEndSec\\vendor\\laravel\\framework\\src\\Illuminate\\Foundation\\Http\\Kernel.php(144): Illuminate\\Foundation\\Http\\Kernel->sendRequestThroughRouter(Object(Illuminate\\Http\\Request))
#52 C:\\xampp\\htdocs\\secprog\\SecPro\\FrontEndSec\\vendor\\laravel\\framework\\src\\Illuminate\\Foundation\\Application.php(1220): Illuminate\\Foundation\\Http\\Kernel->handle(Object(Illuminate\\Http\\Request))
#53 C:\\xampp\\htdocs\\secprog\\SecPro\\FrontEndSec\\public\\index.php(20): Illuminate\\Foundation\\Application->handleRequest(Object(Illuminate\\Http\\Request))
#54 C:\\xampp\\htdocs\\secprog\\SecPro\\FrontEndSec\\vendor\\laravel\\framework\\src\\Illuminate\\Foundation\\resources\\server.php(23): require_once('C:\\\\xampp\\\\htdocs...')
#55 {main}

[previous exception] [object] (ErrorException(code: 0): Undefined variable $weeklyProducts at C:\\xampp\\htdocs\\secprog\\SecPro\\FrontEndSec\\storage\\framework\\views\\1f1e764261ce25fd6ab9770d03d6856e.php:138)
[stacktrace]
#0 C:\\xampp\\htdocs\\secprog\\SecPro\\FrontEndSec\\vendor\\laravel\\framework\\src\\Illuminate\\Foundation\\Bootstrap\\HandleExceptions.php(258): Illuminate\\Foundation\\Bootstrap\\HandleExceptions->handleError(2, 'Undefined varia...', 'C:\\\\xampp\\\\htdocs...', 138)
#1 C:\\xampp\\htdocs\\secprog\\SecPro\\FrontEndSec\\storage\\framework\\views\\1f1e764261ce25fd6ab9770d03d6856e.php(138): Illuminate\\Foundation\\Bootstrap\\HandleExceptions->Illuminate\\Foundation\\Bootstrap\\{closure}(2, 'Undefined varia...', 'C:\\\\xampp\\\\htdocs...', 138)
#2 C:\\xampp\\htdocs\\secprog\\SecPro\\FrontEndSec\\vendor\\laravel\\framework\\src\\Illuminate\\Filesystem\\Filesystem.php(123): require('C:\\\\xampp\\\\htdocs...')
#3 C:\\xampp\\htdocs\\secprog\\SecPro\\FrontEndSec\\vendor\\laravel\\framework\\src\\Illuminate\\Filesystem\\Filesystem.php(124): Illuminate\\Filesystem\\Filesystem::Illuminate\\Filesystem\\{closure}()
#4 C:\\xampp\\htdocs\\secprog\\SecPro\\FrontEndSec\\vendor\\laravel\\framework\\src\\Illuminate\\View\\Engines\\PhpEngine.php(57): Illuminate\\Filesystem\\Filesystem->getRequire('C:\\\\xampp\\\\htdocs...', Array)
#5 C:\\xampp\\htdocs\\secprog\\SecPro\\FrontEndSec\\vendor\\laravel\\framework\\src\\Illuminate\\View\\Engines\\CompilerEngine.php(76): Illuminate\\View\\Engines\\PhpEngine->evaluatePath('C:\\\\xampp\\\\htdocs...', Array)
#6 C:\\xampp\\htdocs\\secprog\\SecPro\\FrontEndSec\\vendor\\laravel\\framework\\src\\Illuminate\\View\\View.php(208): Illuminate\\View\\Engines\\CompilerEngine->get('C:\\\\xampp\\\\htdocs...', Array)
#7 C:\\xampp\\htdocs\\secprog\\SecPro\\FrontEndSec\\vendor\\laravel\\framework\\src\\Illuminate\\View\\View.php(191): Illuminate\\View\\View->getContents()
#8 C:\\xampp\\htdocs\\secprog\\SecPro\\FrontEndSec\\vendor\\laravel\\framework\\src\\Illuminate\\View\\View.php(160): Illuminate\\View\\View->renderContents()
#9 C:\\xampp\\htdocs\\secprog\\SecPro\\FrontEndSec\\vendor\\laravel\\framework\\src\\Illuminate\\Http\\Response.php(78): Illuminate\\View\\View->render()
#10 C:\\xampp\\htdocs\\secprog\\SecPro\\FrontEndSec\\vendor\\laravel\\framework\\src\\Illuminate\\Http\\Response.php(34): Illuminate\\Http\\Response->setContent(Object(Illuminate\\View\\View))
#11 C:\\xampp\\htdocs\\secprog\\SecPro\\FrontEndSec\\vendor\\laravel\\framework\\src\\Illuminate\\Routing\\Router.php(939): Illuminate\\Http\\Response->__construct(Object(Illuminate\\View\\View), 200, Array)
#12 C:\\xampp\\htdocs\\secprog\\SecPro\\FrontEndSec\\vendor\\laravel\\framework\\src\\Illuminate\\Routing\\Router.php(906): Illuminate\\Routing\\Router::toResponse(Object(Illuminate\\Http\\Request), Object(Illuminate\\View\\View))
#13 C:\\xampp\\htdocs\\secprog\\SecPro\\FrontEndSec\\vendor\\laravel\\framework\\src\\Illuminate\\Routing\\Router.php(821): Illuminate\\Routing\\Router->prepareResponse(Object(Illuminate\\Http\\Request), Object(Illuminate\\View\\View))
#14 C:\\xampp\\htdocs\\secprog\\SecPro\\FrontEndSec\\vendor\\laravel\\framework\\src\\Illuminate\\Pipeline\\Pipeline.php(180): Illuminate\\Routing\\Router->Illuminate\\Routing\\{closure}(Object(Illuminate\\Http\\Request))
#15 C:\\xampp\\htdocs\\secprog\\SecPro\\FrontEndSec\\vendor\\laravel\\framework\\src\\Illuminate\\Routing\\Middleware\\SubstituteBindings.php(50): Illuminate\\Pipeline\\Pipeline->Illuminate\\Pipeline\\{closure}(Object(Illuminate\\Http\\Request))
#16 C:\\xampp\\htdocs\\secprog\\SecPro\\FrontEndSec\\vendor\\laravel\\framework\\src\\Illuminate\\Pipeline\\Pipeline.php(219): Illuminate\\Routing\\Middleware\\SubstituteBindings->handle(Object(Illuminate\\Http\\Request), Object(Closure))
#17 C:\\xampp\\htdocs\\secprog\\SecPro\\FrontEndSec\\vendor\\laravel\\framework\\src\\Illuminate\\Foundation\\Http\\Middleware\\VerifyCsrfToken.php(87): Illuminate\\Pipeline\\Pipeline->Illuminate\\Pipeline\\{closure}(Object(Illuminate\\Http\\Request))
#18 C:\\xampp\\htdocs\\secprog\\SecPro\\FrontEndSec\\vendor\\laravel\\framework\\src\\Illuminate\\Pipeline\\Pipeline.php(219): Illuminate\\Foundation\\Http\\Middleware\\VerifyCsrfToken->handle(Object(Illuminate\\Http\\Request), Object(Closure))
#19 C:\\xampp\\htdocs\\secprog\\SecPro\\FrontEndSec\\vendor\\laravel\\framework\\src\\Illuminate\\View\\Middleware\\ShareErrorsFromSession.php(48): Illuminate\\Pipeline\\Pipeline->Illuminate\\Pipeline\\{closure}(Object(Illuminate\\Http\\Request))
#20 C:\\xampp\\htdocs\\secprog\\SecPro\\FrontEndSec\\vendor\\laravel\\framework\\src\\Illuminate\\Pipeline\\Pipeline.php(219): Illuminate\\View\\Middleware\\ShareErrorsFromSession->handle(Object(Illuminate\\Http\\Request), Object(Closure))
#21 C:\\xampp\\htdocs\\secprog\\SecPro\\FrontEndSec\\vendor\\laravel\\framework\\src\\Illuminate\\Session\\Middleware\\StartSession.php(120): Illuminate\\Pipeline\\Pipeline->Illuminate\\Pipeline\\{closure}(Object(Illuminate\\Http\\Request))
#22 C:\\xampp\\htdocs\\secprog\\SecPro\\FrontEndSec\\vendor\\laravel\\framework\\src\\Illuminate\\Session\\Middleware\\StartSession.php(63): Illuminate\\Session\\Middleware\\StartSession->handleStatefulRequest(Object(Illuminate\\Http\\Request), Object(Illuminate\\Session\\Store), Object(Closure))
#23 C:\\xampp\\htdocs\\secprog\\SecPro\\FrontEndSec\\vendor\\laravel\\framework\\src\\Illuminate\\Pipeline\\Pipeline.php(219): Illuminate\\Session\\Middleware\\StartSession->handle(Object(Illuminate\\Http\\Request), Object(Closure))
#24 C:\\xampp\\htdocs\\secprog\\SecPro\\FrontEndSec\\vendor\\laravel\\framework\\src\\Illuminate\\Cookie\\Middleware\\AddQueuedCookiesToResponse.php(36): Illuminate\\Pipeline\\Pipeline->Illuminate\\Pipeline\\{closure}(Object(Illuminate\\Http\\Request))
#25 C:\\xampp\\htdocs\\secprog\\SecPro\\FrontEndSec\\vendor\\laravel\\framework\\src\\Illuminate\\Pipeline\\Pipeline.php(219): Illuminate\\Cookie\\Middleware\\AddQueuedCookiesToResponse->handle(Object(Illuminate\\Http\\Request), Object(Closure))
#26 C:\\xampp\\htdocs\\secprog\\SecPro\\FrontEndSec\\vendor\\laravel\\framework\\src\\Illuminate\\Cookie\\Middleware\\EncryptCookies.php(74): Illuminate\\Pipeline\\Pipeline->Illuminate\\Pipeline\\{closure}(Object(Illuminate\\Http\\Request))
#27 C:\\xampp\\htdocs\\secprog\\SecPro\\FrontEndSec\\vendor\\laravel\\framework\\src\\Illuminate\\Pipeline\\Pipeline.php(219): Illuminate\\Cookie\\Middleware\\EncryptCookies->handle(Object(Illuminate\\Http\\Request), Object(Closure))
#28 C:\\xampp\\htdocs\\secprog\\SecPro\\FrontEndSec\\vendor\\laravel\\framework\\src\\Illuminate\\Pipeline\\Pipeline.php(137): Illuminate\\Pipeline\\Pipeline->Illuminate\\Pipeline\\{closure}(Object(Illuminate\\Http\\Request))
#29 C:\\xampp\\htdocs\\secprog\\SecPro\\FrontEndSec\\vendor\\laravel\\framework\\src\\Illuminate\\Routing\\Router.php(821): Illuminate\\Pipeline\\Pipeline->then(Object(Closure))
#30 C:\\xampp\\htdocs\\secprog\\SecPro\\FrontEndSec\\vendor\\laravel\\framework\\src\\Illuminate\\Routing\\Router.php(800): Illuminate\\Routing\\Router->runRouteWithinStack(Object(Illuminate\\Routing\\Route), Object(Illuminate\\Http\\Request))
#31 C:\\xampp\\htdocs\\secprog\\SecPro\\FrontEndSec\\vendor\\laravel\\framework\\src\\Illuminate\\Routing\\Router.php(764): Illuminate\\Routing\\Router->runRoute(Object(Illuminate\\Http\\Request), Object(Illuminate\\Routing\\Route))
#32 C:\\xampp\\htdocs\\secprog\\SecPro\\FrontEndSec\\vendor\\laravel\\framework\\src\\Illuminate\\Routing\\Router.php(753): Illuminate\\Routing\\Router->dispatchToRoute(Object(Illuminate\\Http\\Request))
#33 C:\\xampp\\htdocs\\secprog\\SecPro\\FrontEndSec\\vendor\\laravel\\framework\\src\\Illuminate\\Foundation\\Http\\Kernel.php(200): Illuminate\\Routing\\Router->dispatch(Object(Illuminate\\Http\\Request))
#34 C:\\xampp\\htdocs\\secprog\\SecPro\\FrontEndSec\\vendor\\laravel\\framework\\src\\Illuminate\\Pipeline\\Pipeline.php(180): Illuminate\\Foundation\\Http\\Kernel->Illuminate\\Foundation\\Http\\{closure}(Object(Illuminate\\Http\\Request))
#35 C:\\xampp\\htdocs\\secprog\\SecPro\\FrontEndSec\\vendor\\laravel\\framework\\src\\Illuminate\\Foundation\\Http\\Middleware\\TransformsRequest.php(21): Illuminate\\Pipeline\\Pipeline->Illuminate\\Pipeline\\{closure}(Object(Illuminate\\Http\\Request))
#36 C:\\xampp\\htdocs\\secprog\\SecPro\\FrontEndSec\\vendor\\laravel\\framework\\src\\Illuminate\\Foundation\\Http\\Middleware\\ConvertEmptyStringsToNull.php(31): Illuminate\\Foundation\\Http\\Middleware\\TransformsRequest->handle(Object(Illuminate\\Http\\Request), Object(Closure))
#37 C:\\xampp\\htdocs\\secprog\\SecPro\\FrontEndSec\\vendor\\laravel\\framework\\src\\Illuminate\\Pipeline\\Pipeline.php(219): Illuminate\\Foundation\\Http\\Middleware\\ConvertEmptyStringsToNull->handle(Object(Illuminate\\Http\\Request), Object(Closure))
#38 C:\\xampp\\htdocs\\secprog\\SecPro\\FrontEndSec\\vendor\\laravel\\framework\\src\\Illuminate\\Foundation\\Http\\Middleware\\TransformsRequest.php(21): Illuminate\\Pipeline\\Pipeline->Illuminate\\Pipeline\\{closure}(Object(Illuminate\\Http\\Request))
#39 C:\\xampp\\htdocs\\secprog\\SecPro\\FrontEndSec\\vendor\\laravel\\framework\\src\\Illuminate\\Foundation\\Http\\Middleware\\TrimStrings.php(51): Illuminate\\Foundation\\Http\\Middleware\\TransformsRequest->handle(Object(Illuminate\\Http\\Request), Object(Closure))
#40 C:\\xampp\\htdocs\\secprog\\SecPro\\FrontEndSec\\vendor\\laravel\\framework\\src\\Illuminate\\Pipeline\\Pipeline.php(219): Illuminate\\Foundation\\Http\\Middleware\\TrimStrings->handle(Object(Illuminate\\Http\\Request), Object(Closure))
#41 C:\\xampp\\htdocs\\secprog\\SecPro\\FrontEndSec\\vendor\\laravel\\framework\\src\\Illuminate\\Http\\Middleware\\ValidatePostSize.php(27): Illuminate\\Pipeline\\Pipeline->Illuminate\\Pipeline\\{closure}(Object(Illuminate\\Http\\Request))
#42 C:\\xampp\\htdocs\\secprog\\SecPro\\FrontEndSec\\vendor\\laravel\\framework\\src\\Illuminate\\Pipeline\\Pipeline.php(219): Illuminate\\Http\\Middleware\\ValidatePostSize->handle(Object(Illuminate\\Http\\Request), Object(Closure))
#43 C:\\xampp\\htdocs\\secprog\\SecPro\\FrontEndSec\\vendor\\laravel\\framework\\src\\Illuminate\\Foundation\\Http\\Middleware\\PreventRequestsDuringMaintenance.php(109): Illuminate\\Pipeline\\Pipeline->Illuminate\\Pipeline\\{closure}(Object(Illuminate\\Http\\Request))
#44 C:\\xampp\\htdocs\\secprog\\SecPro\\FrontEndSec\\vendor\\laravel\\framework\\src\\Illuminate\\Pipeline\\Pipeline.php(219): Illuminate\\Foundation\\Http\\Middleware\\PreventRequestsDuringMaintenance->handle(Object(Illuminate\\Http\\Request), Object(Closure))
#45 C:\\xampp\\htdocs\\secprog\\SecPro\\FrontEndSec\\vendor\\laravel\\framework\\src\\Illuminate\\Http\\Middleware\\HandleCors.php(48): Illuminate\\Pipeline\\Pipeline->Illuminate\\Pipeline\\{closure}(Object(Illuminate\\Http\\Request))
#46 C:\\xampp\\htdocs\\secprog\\SecPro\\FrontEndSec\\vendor\\laravel\\framework\\src\\Illuminate\\Pipeline\\Pipeline.php(219): Illuminate\\Http\\Middleware\\HandleCors->handle(Object(Illuminate\\Http\\Request), Object(Closure))
#47 C:\\xampp\\htdocs\\secprog\\SecPro\\FrontEndSec\\vendor\\laravel\\framework\\src\\Illuminate\\Http\\Middleware\\TrustProxies.php(58): Illuminate\\Pipeline\\Pipeline->Illuminate\\Pipeline\\{closure}(Object(Illuminate\\Http\\Request))
#48 C:\\xampp\\htdocs\\secprog\\SecPro\\FrontEndSec\\vendor\\laravel\\framework\\src\\Illuminate\\Pipeline\\Pipeline.php(219): Illuminate\\Http\\Middleware\\TrustProxies->handle(Object(Illuminate\\Http\\Request), Object(Closure))
#49 C:\\xampp\\htdocs\\secprog\\SecPro\\FrontEndSec\\vendor\\laravel\\framework\\src\\Illuminate\\Foundation\\Http\\Middleware\\InvokeDeferredCallbacks.php(22): Illuminate\\Pipeline\\Pipeline->Illuminate\\Pipeline\\{closure}(Object(Illuminate\\Http\\Request))
#50 C:\\xampp\\htdocs\\secprog\\SecPro\\FrontEndSec\\vendor\\laravel\\framework\\src\\Illuminate\\Pipeline\\Pipeline.php(219): Illuminate\\Foundation\\Http\\Middleware\\InvokeDeferredCallbacks->handle(Object(Illuminate\\Http\\Request), Object(Closure))
#51 C:\\xampp\\htdocs\\secprog\\SecPro\\FrontEndSec\\vendor\\laravel\\framework\\src\\Illuminate\\Http\\Middleware\\ValidatePathEncoding.php(26): Illuminate\\Pipeline\\Pipeline->Illuminate\\Pipeline\\{closure}(Object(Illuminate\\Http\\Request))
#52 C:\\xampp\\htdocs\\secprog\\SecPro\\FrontEndSec\\vendor\\laravel\\framework\\src\\Illuminate\\Pipeline\\Pipeline.php(219): Illuminate\\Http\\Middleware\\ValidatePathEncoding->handle(Object(Illuminate\\Http\\Request), Object(Closure))
#53 C:\\xampp\\htdocs\\secprog\\SecPro\\FrontEndSec\\vendor\\laravel\\framework\\src\\Illuminate\\Pipeline\\Pipeline.php(137): Illuminate\\Pipeline\\Pipeline->Illuminate\\Pipeline\\{closure}(Object(Illuminate\\Http\\Request))
#54 C:\\xampp\\htdocs\\secprog\\SecPro\\FrontEndSec\\vendor\\laravel\\framework\\src\\Illuminate\\Foundation\\Http\\Kernel.php(175): Illuminate\\Pipeline\\Pipeline->then(Object(Closure))
#55 C:\\xampp\\htdocs\\secprog\\SecPro\\FrontEndSec\\vendor\\laravel\\framework\\src\\Illuminate\\Foundation\\Http\\Kernel.php(144): Illuminate\\Foundation\\Http\\Kernel->sendRequestThroughRouter(Object(Illuminate\\Http\\Request))
#56 C:\\xampp\\htdocs\\secprog\\SecPro\\FrontEndSec\\vendor\\laravel\\framework\\src\\Illuminate\\Foundation\\Application.php(1220): Illuminate\\Foundation\\Http\\Kernel->handle(Object(Illuminate\\Http\\Request))
#57 C:\\xampp\\htdocs\\secprog\\SecPro\\FrontEndSec\\public\\index.php(20): Illuminate\\Foundation\\Application->handleRequest(Object(Illuminate\\Http\\Request))
#58 C:\\xampp\\htdocs\\secprog\\SecPro\\FrontEndSec\\vendor\\laravel\\framework\\src\\Illuminate\\Foundation\\resources\\server.php(23): require_once('C:\\\\xampp\\\\htdocs...')
#59 {main}
"} 
[2025-11-18 13:57:34] local.ERROR: Undefined variable $weeklyProducts (View: C:\xampp\htdocs\secprog\SecPro\FrontEndSec\resources\views\mainPage.blade.php) {"exception":"[object] (Illuminate\\View\\ViewException(code: 0): Undefined variable $weeklyProducts (View: C:\\xampp\\htdocs\\secprog\\SecPro\\FrontEndSec\\resources\\views\\mainPage.blade.php) at C:\\xampp\\htdocs\\secprog\\SecPro\\FrontEndSec\\storage\\framework\\views\\1f1e764261ce25fd6ab9770d03d6856e.php:138)
[stacktrace]
#0 C:\\xampp\\htdocs\\secprog\\SecPro\\FrontEndSec\\vendor\\laravel\\framework\\src\\Illuminate\\View\\Engines\\PhpEngine.php(59): Illuminate\\View\\Engines\\CompilerEngine->handleViewException(Object(ErrorException), 1)
#1 C:\\xampp\\htdocs\\secprog\\SecPro\\FrontEndSec\\vendor\\laravel\\framework\\src\\Illuminate\\View\\Engines\\CompilerEngine.php(76): Illuminate\\View\\Engines\\PhpEngine->evaluatePath('C:\\\\xampp\\\\htdocs...', Array)
#2 C:\\xampp\\htdocs\\secprog\\SecPro\\FrontEndSec\\vendor\\laravel\\framework\\src\\Illuminate\\View\\View.php(208): Illuminate\\View\\Engines\\CompilerEngine->get('C:\\\\xampp\\\\htdocs...', Array)
#3 C:\\xampp\\htdocs\\secprog\\SecPro\\FrontEndSec\\vendor\\laravel\\framework\\src\\Illuminate\\View\\View.php(191): Illuminate\\View\\View->getContents()
#4 C:\\xampp\\htdocs\\secprog\\SecPro\\FrontEndSec\\vendor\\laravel\\framework\\src\\Illuminate\\View\\View.php(160): Illuminate\\View\\View->renderContents()
#5 C:\\xampp\\htdocs\\secprog\\SecPro\\FrontEndSec\\vendor\\laravel\\framework\\src\\Illuminate\\Http\\Response.php(78): Illuminate\\View\\View->render()
#6 C:\\xampp\\htdocs\\secprog\\SecPro\\FrontEndSec\\vendor\\laravel\\framework\\src\\Illuminate\\Http\\Response.php(34): Illuminate\\Http\\Response->setContent(Object(Illuminate\\View\\View))
#7 C:\\xampp\\htdocs\\secprog\\SecPro\\FrontEndSec\\vendor\\laravel\\framework\\src\\Illuminate\\Routing\\Router.php(939): Illuminate\\Http\\Response->__construct(Object(Illuminate\\View\\View), 200, Array)
#8 C:\\xampp\\htdocs\\secprog\\SecPro\\FrontEndSec\\vendor\\laravel\\framework\\src\\Illuminate\\Routing\\Router.php(906): Illuminate\\Routing\\Router::toResponse(Object(Illuminate\\Http\\Request), Object(Illuminate\\View\\View))
#9 C:\\xampp\\htdocs\\secprog\\SecPro\\FrontEndSec\\vendor\\laravel\\framework\\src\\Illuminate\\Routing\\Router.php(821): Illuminate\\Routing\\Router->prepareResponse(Object(Illuminate\\Http\\Request), Object(Illuminate\\View\\View))
#10 C:\\xampp\\htdocs\\secprog\\SecPro\\FrontEndSec\\vendor\\laravel\\framework\\src\\Illuminate\\Pipeline\\Pipeline.php(180): Illuminate\\Routing\\Router->Illuminate\\Routing\\{closure}(Object(Illuminate\\Http\\Request))
#11 C:\\xampp\\htdocs\\secprog\\SecPro\\FrontEndSec\\vendor\\laravel\\framework\\src\\Illuminate\\Routing\\Middleware\\SubstituteBindings.php(50): Illuminate\\Pipeline\\Pipeline->Illuminate\\Pipeline\\{closure}(Object(Illuminate\\Http\\Request))
#12 C:\\xampp\\htdocs\\secprog\\SecPro\\FrontEndSec\\vendor\\laravel\\framework\\src\\Illuminate\\Pipeline\\Pipeline.php(219): Illuminate\\Routing\\Middleware\\SubstituteBindings->handle(Object(Illuminate\\Http\\Request), Object(Closure))
#13 C:\\xampp\\htdocs\\secprog\\SecPro\\FrontEndSec\\vendor\\laravel\\framework\\src\\Illuminate\\Foundation\\Http\\Middleware\\VerifyCsrfToken.php(87): Illuminate\\Pipeline\\Pipeline->Illuminate\\Pipeline\\{closure}(Object(Illuminate\\Http\\Request))
#14 C:\\xampp\\htdocs\\secprog\\SecPro\\FrontEndSec\\vendor\\laravel\\framework\\src\\Illuminate\\Pipeline\\Pipeline.php(219): Illuminate\\Foundation\\Http\\Middleware\\VerifyCsrfToken->handle(Object(Illuminate\\Http\\Request), Object(Closure))
#15 C:\\xampp\\htdocs\\secprog\\SecPro\\FrontEndSec\\vendor\\laravel\\framework\\src\\Illuminate\\View\\Middleware\\ShareErrorsFromSession.php(48): Illuminate\\Pipeline\\Pipeline->Illuminate\\Pipeline\\{closure}(Object(Illuminate\\Http\\Request))
#16 C:\\xampp\\htdocs\\secprog\\SecPro\\FrontEndSec\\vendor\\laravel\\framework\\src\\Illuminate\\Pipeline\\Pipeline.php(219): Illuminate\\View\\Middleware\\ShareErrorsFromSession->handle(Object(Illuminate\\Http\\Request), Object(Closure))
#17 C:\\xampp\\htdocs\\secprog\\SecPro\\FrontEndSec\\vendor\\laravel\\framework\\src\\Illuminate\\Session\\Middleware\\StartSession.php(120): Illuminate\\Pipeline\\Pipeline->Illuminate\\Pipeline\\{closure}(Object(Illuminate\\Http\\Request))
#18 C:\\xampp\\htdocs\\secprog\\SecPro\\FrontEndSec\\vendor\\laravel\\framework\\src\\Illuminate\\Session\\Middleware\\StartSession.php(63): Illuminate\\Session\\Middleware\\StartSession->handleStatefulRequest(Object(Illuminate\\Http\\Request), Object(Illuminate\\Session\\Store), Object(Closure))
#19 C:\\xampp\\htdocs\\secprog\\SecPro\\FrontEndSec\\vendor\\laravel\\framework\\src\\Illuminate\\Pipeline\\Pipeline.php(219): Illuminate\\Session\\Middleware\\StartSession->handle(Object(Illuminate\\Http\\Request), Object(Closure))
#20 C:\\xampp\\htdocs\\secprog\\SecPro\\FrontEndSec\\vendor\\laravel\\framework\\src\\Illuminate\\Cookie\\Middleware\\AddQueuedCookiesToResponse.php(36): Illuminate\\Pipeline\\Pipeline->Illuminate\\Pipeline\\{closure}(Object(Illuminate\\Http\\Request))
#21 C:\\xampp\\htdocs\\secprog\\SecPro\\FrontEndSec\\vendor\\laravel\\framework\\src\\Illuminate\\Pipeline\\Pipeline.php(219): Illuminate\\Cookie\\Middleware\\AddQueuedCookiesToResponse->handle(Object(Illuminate\\Http\\Request), Object(Closure))
#22 C:\\xampp\\htdocs\\secprog\\SecPro\\FrontEndSec\\vendor\\laravel\\framework\\src\\Illuminate\\Cookie\\Middleware\\EncryptCookies.php(74): Illuminate\\Pipeline\\Pipeline->Illuminate\\Pipeline\\{closure}(Object(Illuminate\\Http\\Request))
#23 C:\\xampp\\htdocs\\secprog\\SecPro\\FrontEndSec\\vendor\\laravel\\framework\\src\\Illuminate\\Pipeline\\Pipeline.php(219): Illuminate\\Cookie\\Middleware\\EncryptCookies->handle(Object(Illuminate\\Http\\Request), Object(Closure))
#24 C:\\xampp\\htdocs\\secprog\\SecPro\\FrontEndSec\\vendor\\laravel\\framework\\src\\Illuminate\\Pipeline\\Pipeline.php(137): Illuminate\\Pipeline\\Pipeline->Illuminate\\Pipeline\\{closure}(Object(Illuminate\\Http\\Request))
#25 C:\\xampp\\htdocs\\secprog\\SecPro\\FrontEndSec\\vendor\\laravel\\framework\\src\\Illuminate\\Routing\\Router.php(821): Illuminate\\Pipeline\\Pipeline->then(Object(Closure))
#26 C:\\xampp\\htdocs\\secprog\\SecPro\\FrontEndSec\\vendor\\laravel\\framework\\src\\Illuminate\\Routing\\Router.php(800): Illuminate\\Routing\\Router->runRouteWithinStack(Object(Illuminate\\Routing\\Route), Object(Illuminate\\Http\\Request))
#27 C:\\xampp\\htdocs\\secprog\\SecPro\\FrontEndSec\\vendor\\laravel\\framework\\src\\Illuminate\\Routing\\Router.php(764): Illuminate\\Routing\\Router->runRoute(Object(Illuminate\\Http\\Request), Object(Illuminate\\Routing\\Route))
#28 C:\\xampp\\htdocs\\secprog\\SecPro\\FrontEndSec\\vendor\\laravel\\framework\\src\\Illuminate\\Routing\\Router.php(753): Illuminate\\Routing\\Router->dispatchToRoute(Object(Illuminate\\Http\\Request))
#29 C:\\xampp\\htdocs\\secprog\\SecPro\\FrontEndSec\\vendor\\laravel\\framework\\src\\Illuminate\\Foundation\\Http\\Kernel.php(200): Illuminate\\Routing\\Router->dispatch(Object(Illuminate\\Http\\Request))
#30 C:\\xampp\\htdocs\\secprog\\SecPro\\FrontEndSec\\vendor\\laravel\\framework\\src\\Illuminate\\Pipeline\\Pipeline.php(180): Illuminate\\Foundation\\Http\\Kernel->Illuminate\\Foundation\\Http\\{closure}(Object(Illuminate\\Http\\Request))
#31 C:\\xampp\\htdocs\\secprog\\SecPro\\FrontEndSec\\vendor\\laravel\\framework\\src\\Illuminate\\Foundation\\Http\\Middleware\\TransformsRequest.php(21): Illuminate\\Pipeline\\Pipeline->Illuminate\\Pipeline\\{closure}(Object(Illuminate\\Http\\Request))
#32 C:\\xampp\\htdocs\\secprog\\SecPro\\FrontEndSec\\vendor\\laravel\\framework\\src\\Illuminate\\Foundation\\Http\\Middleware\\ConvertEmptyStringsToNull.php(31): Illuminate\\Foundation\\Http\\Middleware\\TransformsRequest->handle(Object(Illuminate\\Http\\Request), Object(Closure))
#33 C:\\xampp\\htdocs\\secprog\\SecPro\\FrontEndSec\\vendor\\laravel\\framework\\src\\Illuminate\\Pipeline\\Pipeline.php(219): Illuminate\\Foundation\\Http\\Middleware\\ConvertEmptyStringsToNull->handle(Object(Illuminate\\Http\\Request), Object(Closure))
#34 C:\\xampp\\htdocs\\secprog\\SecPro\\FrontEndSec\\vendor\\laravel\\framework\\src\\Illuminate\\Foundation\\Http\\Middleware\\TransformsRequest.php(21): Illuminate\\Pipeline\\Pipeline->Illuminate\\Pipeline\\{closure}(Object(Illuminate\\Http\\Request))
#35 C:\\xampp\\htdocs\\secprog\\SecPro\\FrontEndSec\\vendor\\laravel\\framework\\src\\Illuminate\\Foundation\\Http\\Middleware\\TrimStrings.php(51): Illuminate\\Foundation\\Http\\Middleware\\TransformsRequest->handle(Object(Illuminate\\Http\\Request), Object(Closure))
#36 C:\\xampp\\htdocs\\secprog\\SecPro\\FrontEndSec\\vendor\\laravel\\framework\\src\\Illuminate\\Pipeline\\Pipeline.php(219): Illuminate\\Foundation\\Http\\Middleware\\TrimStrings->handle(Object(Illuminate\\Http\\Request), Object(Closure))
#37 C:\\xampp\\htdocs\\secprog\\SecPro\\FrontEndSec\\vendor\\laravel\\framework\\src\\Illuminate\\Http\\Middleware\\ValidatePostSize.php(27): Illuminate\\Pipeline\\Pipeline->Illuminate\\Pipeline\\{closure}(Object(Illuminate\\Http\\Request))
#38 C:\\xampp\\htdocs\\secprog\\SecPro\\FrontEndSec\\vendor\\laravel\\framework\\src\\Illuminate\\Pipeline\\Pipeline.php(219): Illuminate\\Http\\Middleware\\ValidatePostSize->handle(Object(Illuminate\\Http\\Request), Object(Closure))
#39 C:\\xampp\\htdocs\\secprog\\SecPro\\FrontEndSec\\vendor\\laravel\\framework\\src\\Illuminate\\Foundation\\Http\\Middleware\\PreventRequestsDuringMaintenance.php(109): Illuminate\\Pipeline\\Pipeline->Illuminate\\Pipeline\\{closure}(Object(Illuminate\\Http\\Request))
#40 C:\\xampp\\htdocs\\secprog\\SecPro\\FrontEndSec\\vendor\\laravel\\framework\\src\\Illuminate\\Pipeline\\Pipeline.php(219): Illuminate\\Foundation\\Http\\Middleware\\PreventRequestsDuringMaintenance->handle(Object(Illuminate\\Http\\Request), Object(Closure))
#41 C:\\xampp\\htdocs\\secprog\\SecPro\\FrontEndSec\\vendor\\laravel\\framework\\src\\Illuminate\\Http\\Middleware\\HandleCors.php(48): Illuminate\\Pipeline\\Pipeline->Illuminate\\Pipeline\\{closure}(Object(Illuminate\\Http\\Request))
#42 C:\\xampp\\htdocs\\secprog\\SecPro\\FrontEndSec\\vendor\\laravel\\framework\\src\\Illuminate\\Pipeline\\Pipeline.php(219): Illuminate\\Http\\Middleware\\HandleCors->handle(Object(Illuminate\\Http\\Request), Object(Closure))
#43 C:\\xampp\\htdocs\\secprog\\SecPro\\FrontEndSec\\vendor\\laravel\\framework\\src\\Illuminate\\Http\\Middleware\\TrustProxies.php(58): Illuminate\\Pipeline\\Pipeline->Illuminate\\Pipeline\\{closure}(Object(Illuminate\\Http\\Request))
#44 C:\\xampp\\htdocs\\secprog\\SecPro\\FrontEndSec\\vendor\\laravel\\framework\\src\\Illuminate\\Pipeline\\Pipeline.php(219): Illuminate\\Http\\Middleware\\TrustProxies->handle(Object(Illuminate\\Http\\Request), Object(Closure))
#45 C:\\xampp\\htdocs\\secprog\\SecPro\\FrontEndSec\\vendor\\laravel\\framework\\src\\Illuminate\\Foundation\\Http\\Middleware\\InvokeDeferredCallbacks.php(22): Illuminate\\Pipeline\\Pipeline->Illuminate\\Pipeline\\{closure}(Object(Illuminate\\Http\\Request))
#46 C:\\xampp\\htdocs\\secprog\\SecPro\\FrontEndSec\\vendor\\laravel\\framework\\src\\Illuminate\\Pipeline\\Pipeline.php(219): Illuminate\\Foundation\\Http\\Middleware\\InvokeDeferredCallbacks->handle(Object(Illuminate\\Http\\Request), Object(Closure))
#47 C:\\xampp\\htdocs\\secprog\\SecPro\\FrontEndSec\\vendor\\laravel\\framework\\src\\Illuminate\\Http\\Middleware\\ValidatePathEncoding.php(26): Illuminate\\Pipeline\\Pipeline->Illuminate\\Pipeline\\{closure}(Object(Illuminate\\Http\\Request))
#48 C:\\xampp\\htdocs\\secprog\\SecPro\\FrontEndSec\\vendor\\laravel\\framework\\src\\Illuminate\\Pipeline\\Pipeline.php(219): Illuminate\\Http\\Middleware\\ValidatePathEncoding->handle(Object(Illuminate\\Http\\Request), Object(Closure))
#49 C:\\xampp\\htdocs\\secprog\\SecPro\\FrontEndSec\\vendor\\laravel\\framework\\src\\Illuminate\\Pipeline\\Pipeline.php(137): Illuminate\\Pipeline\\Pipeline->Illuminate\\Pipeline\\{closure}(Object(Illuminate\\Http\\Request))
#50 C:\\xampp\\htdocs\\secprog\\SecPro\\FrontEndSec\\vendor\\laravel\\framework\\src\\Illuminate\\Foundation\\Http\\Kernel.php(175): Illuminate\\Pipeline\\Pipeline->then(Object(Closure))
#51 C:\\xampp\\htdocs\\secprog\\SecPro\\FrontEndSec\\vendor\\laravel\\framework\\src\\Illuminate\\Foundation\\Http\\Kernel.php(144): Illuminate\\Foundation\\Http\\Kernel->sendRequestThroughRouter(Object(Illuminate\\Http\\Request))
#52 C:\\xampp\\htdocs\\secprog\\SecPro\\FrontEndSec\\vendor\\laravel\\framework\\src\\Illuminate\\Foundation\\Application.php(1220): Illuminate\\Foundation\\Http\\Kernel->handle(Object(Illuminate\\Http\\Request))
#53 C:\\xampp\\htdocs\\secprog\\SecPro\\FrontEndSec\\public\\index.php(20): Illuminate\\Foundation\\Application->handleRequest(Object(Illuminate\\Http\\Request))
#54 C:\\xampp\\htdocs\\secprog\\SecPro\\FrontEndSec\\vendor\\laravel\\framework\\src\\Illuminate\\Foundation\\resources\\server.php(23): require_once('C:\\\\xampp\\\\htdocs...')
#55 {main}

[previous exception] [object] (ErrorException(code: 0): Undefined variable $weeklyProducts at C:\\xampp\\htdocs\\secprog\\SecPro\\FrontEndSec\\storage\\framework\\views\\1f1e764261ce25fd6ab9770d03d6856e.php:138)
[stacktrace]
#0 C:\\xampp\\htdocs\\secprog\\SecPro\\FrontEndSec\\vendor\\laravel\\framework\\src\\Illuminate\\Foundation\\Bootstrap\\HandleExceptions.php(258): Illuminate\\Foundation\\Bootstrap\\HandleExceptions->handleError(2, 'Undefined varia...', 'C:\\\\xampp\\\\htdocs...', 138)
#1 C:\\xampp\\htdocs\\secprog\\SecPro\\FrontEndSec\\storage\\framework\\views\\1f1e764261ce25fd6ab9770d03d6856e.php(138): Illuminate\\Foundation\\Bootstrap\\HandleExceptions->Illuminate\\Foundation\\Bootstrap\\{closure}(2, 'Undefined varia...', 'C:\\\\xampp\\\\htdocs...', 138)
#2 C:\\xampp\\htdocs\\secprog\\SecPro\\FrontEndSec\\vendor\\laravel\\framework\\src\\Illuminate\\Filesystem\\Filesystem.php(123): require('C:\\\\xampp\\\\htdocs...')
#3 C:\\xampp\\htdocs\\secprog\\SecPro\\FrontEndSec\\vendor\\laravel\\framework\\src\\Illuminate\\Filesystem\\Filesystem.php(124): Illuminate\\Filesystem\\Filesystem::Illuminate\\Filesystem\\{closure}()
#4 C:\\xampp\\htdocs\\secprog\\SecPro\\FrontEndSec\\vendor\\laravel\\framework\\src\\Illuminate\\View\\Engines\\PhpEngine.php(57): Illuminate\\Filesystem\\Filesystem->getRequire('C:\\\\xampp\\\\htdocs...', Array)
#5 C:\\xampp\\htdocs\\secprog\\SecPro\\FrontEndSec\\vendor\\laravel\\framework\\src\\Illuminate\\View\\Engines\\CompilerEngine.php(76): Illuminate\\View\\Engines\\PhpEngine->evaluatePath('C:\\\\xampp\\\\htdocs...', Array)
#6 C:\\xampp\\htdocs\\secprog\\SecPro\\FrontEndSec\\vendor\\laravel\\framework\\src\\Illuminate\\View\\View.php(208): Illuminate\\View\\Engines\\CompilerEngine->get('C:\\\\xampp\\\\htdocs...', Array)
#7 C:\\xampp\\htdocs\\secprog\\SecPro\\FrontEndSec\\vendor\\laravel\\framework\\src\\Illuminate\\View\\View.php(191): Illuminate\\View\\View->getContents()
#8 C:\\xampp\\htdocs\\secprog\\SecPro\\FrontEndSec\\vendor\\laravel\\framework\\src\\Illuminate\\View\\View.php(160): Illuminate\\View\\View->renderContents()
#9 C:\\xampp\\htdocs\\secprog\\SecPro\\FrontEndSec\\vendor\\laravel\\framework\\src\\Illuminate\\Http\\Response.php(78): Illuminate\\View\\View->render()
#10 C:\\xampp\\htdocs\\secprog\\SecPro\\FrontEndSec\\vendor\\laravel\\framework\\src\\Illuminate\\Http\\Response.php(34): Illuminate\\Http\\Response->setContent(Object(Illuminate\\View\\View))
#11 C:\\xampp\\htdocs\\secprog\\SecPro\\FrontEndSec\\vendor\\laravel\\framework\\src\\Illuminate\\Routing\\Router.php(939): Illuminate\\Http\\Response->__construct(Object(Illuminate\\View\\View), 200, Array)
#12 C:\\xampp\\htdocs\\secprog\\SecPro\\FrontEndSec\\vendor\\laravel\\framework\\src\\Illuminate\\Routing\\Router.php(906): Illuminate\\Routing\\Router::toResponse(Object(Illuminate\\Http\\Request), Object(Illuminate\\View\\View))
#13 C:\\xampp\\htdocs\\secprog\\SecPro\\FrontEndSec\\vendor\\laravel\\framework\\src\\Illuminate\\Routing\\Router.php(821): Illuminate\\Routing\\Router->prepareResponse(Object(Illuminate\\Http\\Request), Object(Illuminate\\View\\View))
#14 C:\\xampp\\htdocs\\secprog\\SecPro\\FrontEndSec\\vendor\\laravel\\framework\\src\\Illuminate\\Pipeline\\Pipeline.php(180): Illuminate\\Routing\\Router->Illuminate\\Routing\\{closure}(Object(Illuminate\\Http\\Request))
#15 C:\\xampp\\htdocs\\secprog\\SecPro\\FrontEndSec\\vendor\\laravel\\framework\\src\\Illuminate\\Routing\\Middleware\\SubstituteBindings.php(50): Illuminate\\Pipeline\\Pipeline->Illuminate\\Pipeline\\{closure}(Object(Illuminate\\Http\\Request))
#16 C:\\xampp\\htdocs\\secprog\\SecPro\\FrontEndSec\\vendor\\laravel\\framework\\src\\Illuminate\\Pipeline\\Pipeline.php(219): Illuminate\\Routing\\Middleware\\SubstituteBindings->handle(Object(Illuminate\\Http\\Request), Object(Closure))
#17 C:\\xampp\\htdocs\\secprog\\SecPro\\FrontEndSec\\vendor\\laravel\\framework\\src\\Illuminate\\Foundation\\Http\\Middleware\\VerifyCsrfToken.php(87): Illuminate\\Pipeline\\Pipeline->Illuminate\\Pipeline\\{closure}(Object(Illuminate\\Http\\Request))
#18 C:\\xampp\\htdocs\\secprog\\SecPro\\FrontEndSec\\vendor\\laravel\\framework\\src\\Illuminate\\Pipeline\\Pipeline.php(219): Illuminate\\Foundation\\Http\\Middleware\\VerifyCsrfToken->handle(Object(Illuminate\\Http\\Request), Object(Closure))
#19 C:\\xampp\\htdocs\\secprog\\SecPro\\FrontEndSec\\vendor\\laravel\\framework\\src\\Illuminate\\View\\Middleware\\ShareErrorsFromSession.php(48): Illuminate\\Pipeline\\Pipeline->Illuminate\\Pipeline\\{closure}(Object(Illuminate\\Http\\Request))
#20 C:\\xampp\\htdocs\\secprog\\SecPro\\FrontEndSec\\vendor\\laravel\\framework\\src\\Illuminate\\Pipeline\\Pipeline.php(219): Illuminate\\View\\Middleware\\ShareErrorsFromSession->handle(Object(Illuminate\\Http\\Request), Object(Closure))
#21 C:\\xampp\\htdocs\\secprog\\SecPro\\FrontEndSec\\vendor\\laravel\\framework\\src\\Illuminate\\Session\\Middleware\\StartSession.php(120): Illuminate\\Pipeline\\Pipeline->Illuminate\\Pipeline\\{closure}(Object(Illuminate\\Http\\Request))
#22 C:\\xampp\\htdocs\\secprog\\SecPro\\FrontEndSec\\vendor\\laravel\\framework\\src\\Illuminate\\Session\\Middleware\\StartSession.php(63): Illuminate\\Session\\Middleware\\StartSession->handleStatefulRequest(Object(Illuminate\\Http\\Request), Object(Illuminate\\Session\\Store), Object(Closure))
#23 C:\\xampp\\htdocs\\secprog\\SecPro\\FrontEndSec\\vendor\\laravel\\framework\\src\\Illuminate\\Pipeline\\Pipeline.php(219): Illuminate\\Session\\Middleware\\StartSession->handle(Object(Illuminate\\Http\\Request), Object(Closure))
#24 C:\\xampp\\htdocs\\secprog\\SecPro\\FrontEndSec\\vendor\\laravel\\framework\\src\\Illuminate\\Cookie\\Middleware\\AddQueuedCookiesToResponse.php(36): Illuminate\\Pipeline\\Pipeline->Illuminate\\Pipeline\\{closure}(Object(Illuminate\\Http\\Request))
#25 C:\\xampp\\htdocs\\secprog\\SecPro\\FrontEndSec\\vendor\\laravel\\framework\\src\\Illuminate\\Pipeline\\Pipeline.php(219): Illuminate\\Cookie\\Middleware\\AddQueuedCookiesToResponse->handle(Object(Illuminate\\Http\\Request), Object(Closure))
#26 C:\\xampp\\htdocs\\secprog\\SecPro\\FrontEndSec\\vendor\\laravel\\framework\\src\\Illuminate\\Cookie\\Middleware\\EncryptCookies.php(74): Illuminate\\Pipeline\\Pipeline->Illuminate\\Pipeline\\{closure}(Object(Illuminate\\Http\\Request))
#27 C:\\xampp\\htdocs\\secprog\\SecPro\\FrontEndSec\\vendor\\laravel\\framework\\src\\Illuminate\\Pipeline\\Pipeline.php(219): Illuminate\\Cookie\\Middleware\\EncryptCookies->handle(Object(Illuminate\\Http\\Request), Object(Closure))
#28 C:\\xampp\\htdocs\\secprog\\SecPro\\FrontEndSec\\vendor\\laravel\\framework\\src\\Illuminate\\Pipeline\\Pipeline.php(137): Illuminate\\Pipeline\\Pipeline->Illuminate\\Pipeline\\{closure}(Object(Illuminate\\Http\\Request))
#29 C:\\xampp\\htdocs\\secprog\\SecPro\\FrontEndSec\\vendor\\laravel\\framework\\src\\Illuminate\\Routing\\Router.php(821): Illuminate\\Pipeline\\Pipeline->then(Object(Closure))
#30 C:\\xampp\\htdocs\\secprog\\SecPro\\FrontEndSec\\vendor\\laravel\\framework\\src\\Illuminate\\Routing\\Router.php(800): Illuminate\\Routing\\Router->runRouteWithinStack(Object(Illuminate\\Routing\\Route), Object(Illuminate\\Http\\Request))
#31 C:\\xampp\\htdocs\\secprog\\SecPro\\FrontEndSec\\vendor\\laravel\\framework\\src\\Illuminate\\Routing\\Router.php(764): Illuminate\\Routing\\Router->runRoute(Object(Illuminate\\Http\\Request), Object(Illuminate\\Routing\\Route))
#32 C:\\xampp\\htdocs\\secprog\\SecPro\\FrontEndSec\\vendor\\laravel\\framework\\src\\Illuminate\\Routing\\Router.php(753): Illuminate\\Routing\\Router->dispatchToRoute(Object(Illuminate\\Http\\Request))
#33 C:\\xampp\\htdocs\\secprog\\SecPro\\FrontEndSec\\vendor\\laravel\\framework\\src\\Illuminate\\Foundation\\Http\\Kernel.php(200): Illuminate\\Routing\\Router->dispatch(Object(Illuminate\\Http\\Request))
#34 C:\\xampp\\htdocs\\secprog\\SecPro\\FrontEndSec\\vendor\\laravel\\framework\\src\\Illuminate\\Pipeline\\Pipeline.php(180): Illuminate\\Foundation\\Http\\Kernel->Illuminate\\Foundation\\Http\\{closure}(Object(Illuminate\\Http\\Request))
#35 C:\\xampp\\htdocs\\secprog\\SecPro\\FrontEndSec\\vendor\\laravel\\framework\\src\\Illuminate\\Foundation\\Http\\Middleware\\TransformsRequest.php(21): Illuminate\\Pipeline\\Pipeline->Illuminate\\Pipeline\\{closure}(Object(Illuminate\\Http\\Request))
#36 C:\\xampp\\htdocs\\secprog\\SecPro\\FrontEndSec\\vendor\\laravel\\framework\\src\\Illuminate\\Foundation\\Http\\Middleware\\ConvertEmptyStringsToNull.php(31): Illuminate\\Foundation\\Http\\Middleware\\TransformsRequest->handle(Object(Illuminate\\Http\\Request), Object(Closure))
#37 C:\\xampp\\htdocs\\secprog\\SecPro\\FrontEndSec\\vendor\\laravel\\framework\\src\\Illuminate\\Pipeline\\Pipeline.php(219): Illuminate\\Foundation\\Http\\Middleware\\ConvertEmptyStringsToNull->handle(Object(Illuminate\\Http\\Request), Object(Closure))
#38 C:\\xampp\\htdocs\\secprog\\SecPro\\FrontEndSec\\vendor\\laravel\\framework\\src\\Illuminate\\Foundation\\Http\\Middleware\\TransformsRequest.php(21): Illuminate\\Pipeline\\Pipeline->Illuminate\\Pipeline\\{closure}(Object(Illuminate\\Http\\Request))
#39 C:\\xampp\\htdocs\\secprog\\SecPro\\FrontEndSec\\vendor\\laravel\\framework\\src\\Illuminate\\Foundation\\Http\\Middleware\\TrimStrings.php(51): Illuminate\\Foundation\\Http\\Middleware\\TransformsRequest->handle(Object(Illuminate\\Http\\Request), Object(Closure))
#40 C:\\xampp\\htdocs\\secprog\\SecPro\\FrontEndSec\\vendor\\laravel\\framework\\src\\Illuminate\\Pipeline\\Pipeline.php(219): Illuminate\\Foundation\\Http\\Middleware\\TrimStrings->handle(Object(Illuminate\\Http\\Request), Object(Closure))
#41 C:\\xampp\\htdocs\\secprog\\SecPro\\FrontEndSec\\vendor\\laravel\\framework\\src\\Illuminate\\Http\\Middleware\\ValidatePostSize.php(27): Illuminate\\Pipeline\\Pipeline->Illuminate\\Pipeline\\{closure}(Object(Illuminate\\Http\\Request))
#42 C:\\xampp\\htdocs\\secprog\\SecPro\\FrontEndSec\\vendor\\laravel\\framework\\src\\Illuminate\\Pipeline\\Pipeline.php(219): Illuminate\\Http\\Middleware\\ValidatePostSize->handle(Object(Illuminate\\Http\\Request), Object(Closure))
#43 C:\\xampp\\htdocs\\secprog\\SecPro\\FrontEndSec\\vendor\\laravel\\framework\\src\\Illuminate\\Foundation\\Http\\Middleware\\PreventRequestsDuringMaintenance.php(109): Illuminate\\Pipeline\\Pipeline->Illuminate\\Pipeline\\{closure}(Object(Illuminate\\Http\\Request))
#44 C:\\xampp\\htdocs\\secprog\\SecPro\\FrontEndSec\\vendor\\laravel\\framework\\src\\Illuminate\\Pipeline\\Pipeline.php(219): Illuminate\\Foundation\\Http\\Middleware\\PreventRequestsDuringMaintenance->handle(Object(Illuminate\\Http\\Request), Object(Closure))
#45 C:\\xampp\\htdocs\\secprog\\SecPro\\FrontEndSec\\vendor\\laravel\\framework\\src\\Illuminate\\Http\\Middleware\\HandleCors.php(48): Illuminate\\Pipeline\\Pipeline->Illuminate\\Pipeline\\{closure}(Object(Illuminate\\Http\\Request))
#46 C:\\xampp\\htdocs\\secprog\\SecPro\\FrontEndSec\\vendor\\laravel\\framework\\src\\Illuminate\\Pipeline\\Pipeline.php(219): Illuminate\\Http\\Middleware\\HandleCors->handle(Object(Illuminate\\Http\\Request), Object(Closure))
#47 C:\\xampp\\htdocs\\secprog\\SecPro\\FrontEndSec\\vendor\\laravel\\framework\\src\\Illuminate\\Http\\Middleware\\TrustProxies.php(58): Illuminate\\Pipeline\\Pipeline->Illuminate\\Pipeline\\{closure}(Object(Illuminate\\Http\\Request))
#48 C:\\xampp\\htdocs\\secprog\\SecPro\\FrontEndSec\\vendor\\laravel\\framework\\src\\Illuminate\\Pipeline\\Pipeline.php(219): Illuminate\\Http\\Middleware\\TrustProxies->handle(Object(Illuminate\\Http\\Request), Object(Closure))
#49 C:\\xampp\\htdocs\\secprog\\SecPro\\FrontEndSec\\vendor\\laravel\\framework\\src\\Illuminate\\Foundation\\Http\\Middleware\\InvokeDeferredCallbacks.php(22): Illuminate\\Pipeline\\Pipeline->Illuminate\\Pipeline\\{closure}(Object(Illuminate\\Http\\Request))
#50 C:\\xampp\\htdocs\\secprog\\SecPro\\FrontEndSec\\vendor\\laravel\\framework\\src\\Illuminate\\Pipeline\\Pipeline.php(219): Illuminate\\Foundation\\Http\\Middleware\\InvokeDeferredCallbacks->handle(Object(Illuminate\\Http\\Request), Object(Closure))
#51 C:\\xampp\\htdocs\\secprog\\SecPro\\FrontEndSec\\vendor\\laravel\\framework\\src\\Illuminate\\Http\\Middleware\\ValidatePathEncoding.php(26): Illuminate\\Pipeline\\Pipeline->Illuminate\\Pipeline\\{closure}(Object(Illuminate\\Http\\Request))
#52 C:\\xampp\\htdocs\\secprog\\SecPro\\FrontEndSec\\vendor\\laravel\\framework\\src\\Illuminate\\Pipeline\\Pipeline.php(219): Illuminate\\Http\\Middleware\\ValidatePathEncoding->handle(Object(Illuminate\\Http\\Request), Object(Closure))
#53 C:\\xampp\\htdocs\\secprog\\SecPro\\FrontEndSec\\vendor\\laravel\\framework\\src\\Illuminate\\Pipeline\\Pipeline.php(137): Illuminate\\Pipeline\\Pipeline->Illuminate\\Pipeline\\{closure}(Object(Illuminate\\Http\\Request))
#54 C:\\xampp\\htdocs\\secprog\\SecPro\\FrontEndSec\\vendor\\laravel\\framework\\src\\Illuminate\\Foundation\\Http\\Kernel.php(175): Illuminate\\Pipeline\\Pipeline->then(Object(Closure))
#55 C:\\xampp\\htdocs\\secprog\\SecPro\\FrontEndSec\\vendor\\laravel\\framework\\src\\Illuminate\\Foundation\\Http\\Kernel.php(144): Illuminate\\Foundation\\Http\\Kernel->sendRequestThroughRouter(Object(Illuminate\\Http\\Request))
#56 C:\\xampp\\htdocs\\secprog\\SecPro\\FrontEndSec\\vendor\\laravel\\framework\\src\\Illuminate\\Foundation\\Application.php(1220): Illuminate\\Foundation\\Http\\Kernel->handle(Object(Illuminate\\Http\\Request))
#57 C:\\xampp\\htdocs\\secprog\\SecPro\\FrontEndSec\\public\\index.php(20): Illuminate\\Foundation\\Application->handleRequest(Object(Illuminate\\Http\\Request))
#58 C:\\xampp\\htdocs\\secprog\\SecPro\\FrontEndSec\\vendor\\laravel\\framework\\src\\Illuminate\\Foundation\\resources\\server.php(23): require_once('C:\\\\xampp\\\\htdocs...')
#59 {main}
"} 
[2025-11-18 14:10:18] local.ERROR: Undefined variable $weeklyProducts (View: C:\xampp\htdocs\secprog\SecPro\FrontEndSec\resources\views\mainPage.blade.php) {"exception":"[object] (Illuminate\\View\\ViewException(code: 0): Undefined variable $weeklyProducts (View: C:\\xampp\\htdocs\\secprog\\SecPro\\FrontEndSec\\resources\\views\\mainPage.blade.php) at C:\\xampp\\htdocs\\secprog\\SecPro\\FrontEndSec\\storage\\framework\\views\\1f1e764261ce25fd6ab9770d03d6856e.php:138)
[stacktrace]
#0 C:\\xampp\\htdocs\\secprog\\SecPro\\FrontEndSec\\vendor\\laravel\\framework\\src\\Illuminate\\View\\Engines\\PhpEngine.php(59): Illuminate\\View\\Engines\\CompilerEngine->handleViewException(Object(ErrorException), 1)
#1 C:\\xampp\\htdocs\\secprog\\SecPro\\FrontEndSec\\vendor\\laravel\\framework\\src\\Illuminate\\View\\Engines\\CompilerEngine.php(76): Illuminate\\View\\Engines\\PhpEngine->evaluatePath('C:\\\\xampp\\\\htdocs...', Array)
#2 C:\\xampp\\htdocs\\secprog\\SecPro\\FrontEndSec\\vendor\\laravel\\framework\\src\\Illuminate\\View\\View.php(208): Illuminate\\View\\Engines\\CompilerEngine->get('C:\\\\xampp\\\\htdocs...', Array)
#3 C:\\xampp\\htdocs\\secprog\\SecPro\\FrontEndSec\\vendor\\laravel\\framework\\src\\Illuminate\\View\\View.php(191): Illuminate\\View\\View->getContents()
#4 C:\\xampp\\htdocs\\secprog\\SecPro\\FrontEndSec\\vendor\\laravel\\framework\\src\\Illuminate\\View\\View.php(160): Illuminate\\View\\View->renderContents()
#5 C:\\xampp\\htdocs\\secprog\\SecPro\\FrontEndSec\\vendor\\laravel\\framework\\src\\Illuminate\\Http\\Response.php(78): Illuminate\\View\\View->render()
#6 C:\\xampp\\htdocs\\secprog\\SecPro\\FrontEndSec\\vendor\\laravel\\framework\\src\\Illuminate\\Http\\Response.php(34): Illuminate\\Http\\Response->setContent(Object(Illuminate\\View\\View))
#7 C:\\xampp\\htdocs\\secprog\\SecPro\\FrontEndSec\\vendor\\laravel\\framework\\src\\Illuminate\\Routing\\Router.php(939): Illuminate\\Http\\Response->__construct(Object(Illuminate\\View\\View), 200, Array)
#8 C:\\xampp\\htdocs\\secprog\\SecPro\\FrontEndSec\\vendor\\laravel\\framework\\src\\Illuminate\\Routing\\Router.php(906): Illuminate\\Routing\\Router::toResponse(Object(Illuminate\\Http\\Request), Object(Illuminate\\View\\View))
#9 C:\\xampp\\htdocs\\secprog\\SecPro\\FrontEndSec\\vendor\\laravel\\framework\\src\\Illuminate\\Routing\\Router.php(821): Illuminate\\Routing\\Router->prepareResponse(Object(Illuminate\\Http\\Request), Object(Illuminate\\View\\View))
#10 C:\\xampp\\htdocs\\secprog\\SecPro\\FrontEndSec\\vendor\\laravel\\framework\\src\\Illuminate\\Pipeline\\Pipeline.php(180): Illuminate\\Routing\\Router->Illuminate\\Routing\\{closure}(Object(Illuminate\\Http\\Request))
#11 C:\\xampp\\htdocs\\secprog\\SecPro\\FrontEndSec\\vendor\\laravel\\framework\\src\\Illuminate\\Routing\\Middleware\\SubstituteBindings.php(50): Illuminate\\Pipeline\\Pipeline->Illuminate\\Pipeline\\{closure}(Object(Illuminate\\Http\\Request))
#12 C:\\xampp\\htdocs\\secprog\\SecPro\\FrontEndSec\\vendor\\laravel\\framework\\src\\Illuminate\\Pipeline\\Pipeline.php(219): Illuminate\\Routing\\Middleware\\SubstituteBindings->handle(Object(Illuminate\\Http\\Request), Object(Closure))
#13 C:\\xampp\\htdocs\\secprog\\SecPro\\FrontEndSec\\vendor\\laravel\\framework\\src\\Illuminate\\Foundation\\Http\\Middleware\\VerifyCsrfToken.php(87): Illuminate\\Pipeline\\Pipeline->Illuminate\\Pipeline\\{closure}(Object(Illuminate\\Http\\Request))
#14 C:\\xampp\\htdocs\\secprog\\SecPro\\FrontEndSec\\vendor\\laravel\\framework\\src\\Illuminate\\Pipeline\\Pipeline.php(219): Illuminate\\Foundation\\Http\\Middleware\\VerifyCsrfToken->handle(Object(Illuminate\\Http\\Request), Object(Closure))
#15 C:\\xampp\\htdocs\\secprog\\SecPro\\FrontEndSec\\vendor\\laravel\\framework\\src\\Illuminate\\View\\Middleware\\ShareErrorsFromSession.php(48): Illuminate\\Pipeline\\Pipeline->Illuminate\\Pipeline\\{closure}(Object(Illuminate\\Http\\Request))
#16 C:\\xampp\\htdocs\\secprog\\SecPro\\FrontEndSec\\vendor\\laravel\\framework\\src\\Illuminate\\Pipeline\\Pipeline.php(219): Illuminate\\View\\Middleware\\ShareErrorsFromSession->handle(Object(Illuminate\\Http\\Request), Object(Closure))
#17 C:\\xampp\\htdocs\\secprog\\SecPro\\FrontEndSec\\vendor\\laravel\\framework\\src\\Illuminate\\Session\\Middleware\\StartSession.php(120): Illuminate\\Pipeline\\Pipeline->Illuminate\\Pipeline\\{closure}(Object(Illuminate\\Http\\Request))
#18 C:\\xampp\\htdocs\\secprog\\SecPro\\FrontEndSec\\vendor\\laravel\\framework\\src\\Illuminate\\Session\\Middleware\\StartSession.php(63): Illuminate\\Session\\Middleware\\StartSession->handleStatefulRequest(Object(Illuminate\\Http\\Request), Object(Illuminate\\Session\\Store), Object(Closure))
#19 C:\\xampp\\htdocs\\secprog\\SecPro\\FrontEndSec\\vendor\\laravel\\framework\\src\\Illuminate\\Pipeline\\Pipeline.php(219): Illuminate\\Session\\Middleware\\StartSession->handle(Object(Illuminate\\Http\\Request), Object(Closure))
#20 C:\\xampp\\htdocs\\secprog\\SecPro\\FrontEndSec\\vendor\\laravel\\framework\\src\\Illuminate\\Cookie\\Middleware\\AddQueuedCookiesToResponse.php(36): Illuminate\\Pipeline\\Pipeline->Illuminate\\Pipeline\\{closure}(Object(Illuminate\\Http\\Request))
#21 C:\\xampp\\htdocs\\secprog\\SecPro\\FrontEndSec\\vendor\\laravel\\framework\\src\\Illuminate\\Pipeline\\Pipeline.php(219): Illuminate\\Cookie\\Middleware\\AddQueuedCookiesToResponse->handle(Object(Illuminate\\Http\\Request), Object(Closure))
#22 C:\\xampp\\htdocs\\secprog\\SecPro\\FrontEndSec\\vendor\\laravel\\framework\\src\\Illuminate\\Cookie\\Middleware\\EncryptCookies.php(74): Illuminate\\Pipeline\\Pipeline->Illuminate\\Pipeline\\{closure}(Object(Illuminate\\Http\\Request))
#23 C:\\xampp\\htdocs\\secprog\\SecPro\\FrontEndSec\\vendor\\laravel\\framework\\src\\Illuminate\\Pipeline\\Pipeline.php(219): Illuminate\\Cookie\\Middleware\\EncryptCookies->handle(Object(Illuminate\\Http\\Request), Object(Closure))
#24 C:\\xampp\\htdocs\\secprog\\SecPro\\FrontEndSec\\vendor\\laravel\\framework\\src\\Illuminate\\Pipeline\\Pipeline.php(137): Illuminate\\Pipeline\\Pipeline->Illuminate\\Pipeline\\{closure}(Object(Illuminate\\Http\\Request))
#25 C:\\xampp\\htdocs\\secprog\\SecPro\\FrontEndSec\\vendor\\laravel\\framework\\src\\Illuminate\\Routing\\Router.php(821): Illuminate\\Pipeline\\Pipeline->then(Object(Closure))
#26 C:\\xampp\\htdocs\\secprog\\SecPro\\FrontEndSec\\vendor\\laravel\\framework\\src\\Illuminate\\Routing\\Router.php(800): Illuminate\\Routing\\Router->runRouteWithinStack(Object(Illuminate\\Routing\\Route), Object(Illuminate\\Http\\Request))
#27 C:\\xampp\\htdocs\\secprog\\SecPro\\FrontEndSec\\vendor\\laravel\\framework\\src\\Illuminate\\Routing\\Router.php(764): Illuminate\\Routing\\Router->runRoute(Object(Illuminate\\Http\\Request), Object(Illuminate\\Routing\\Route))
#28 C:\\xampp\\htdocs\\secprog\\SecPro\\FrontEndSec\\vendor\\laravel\\framework\\src\\Illuminate\\Routing\\Router.php(753): Illuminate\\Routing\\Router->dispatchToRoute(Object(Illuminate\\Http\\Request))
#29 C:\\xampp\\htdocs\\secprog\\SecPro\\FrontEndSec\\vendor\\laravel\\framework\\src\\Illuminate\\Foundation\\Http\\Kernel.php(200): Illuminate\\Routing\\Router->dispatch(Object(Illuminate\\Http\\Request))
#30 C:\\xampp\\htdocs\\secprog\\SecPro\\FrontEndSec\\vendor\\laravel\\framework\\src\\Illuminate\\Pipeline\\Pipeline.php(180): Illuminate\\Foundation\\Http\\Kernel->Illuminate\\Foundation\\Http\\{closure}(Object(Illuminate\\Http\\Request))
#31 C:\\xampp\\htdocs\\secprog\\SecPro\\FrontEndSec\\vendor\\laravel\\framework\\src\\Illuminate\\Foundation\\Http\\Middleware\\TransformsRequest.php(21): Illuminate\\Pipeline\\Pipeline->Illuminate\\Pipeline\\{closure}(Object(Illuminate\\Http\\Request))
#32 C:\\xampp\\htdocs\\secprog\\SecPro\\FrontEndSec\\vendor\\laravel\\framework\\src\\Illuminate\\Foundation\\Http\\Middleware\\ConvertEmptyStringsToNull.php(31): Illuminate\\Foundation\\Http\\Middleware\\TransformsRequest->handle(Object(Illuminate\\Http\\Request), Object(Closure))
#33 C:\\xampp\\htdocs\\secprog\\SecPro\\FrontEndSec\\vendor\\laravel\\framework\\src\\Illuminate\\Pipeline\\Pipeline.php(219): Illuminate\\Foundation\\Http\\Middleware\\ConvertEmptyStringsToNull->handle(Object(Illuminate\\Http\\Request), Object(Closure))
#34 C:\\xampp\\htdocs\\secprog\\SecPro\\FrontEndSec\\vendor\\laravel\\framework\\src\\Illuminate\\Foundation\\Http\\Middleware\\TransformsRequest.php(21): Illuminate\\Pipeline\\Pipeline->Illuminate\\Pipeline\\{closure}(Object(Illuminate\\Http\\Request))
#35 C:\\xampp\\htdocs\\secprog\\SecPro\\FrontEndSec\\vendor\\laravel\\framework\\src\\Illuminate\\Foundation\\Http\\Middleware\\TrimStrings.php(51): Illuminate\\Foundation\\Http\\Middleware\\TransformsRequest->handle(Object(Illuminate\\Http\\Request), Object(Closure))
#36 C:\\xampp\\htdocs\\secprog\\SecPro\\FrontEndSec\\vendor\\laravel\\framework\\src\\Illuminate\\Pipeline\\Pipeline.php(219): Illuminate\\Foundation\\Http\\Middleware\\TrimStrings->handle(Object(Illuminate\\Http\\Request), Object(Closure))
#37 C:\\xampp\\htdocs\\secprog\\SecPro\\FrontEndSec\\vendor\\laravel\\framework\\src\\Illuminate\\Http\\Middleware\\ValidatePostSize.php(27): Illuminate\\Pipeline\\Pipeline->Illuminate\\Pipeline\\{closure}(Object(Illuminate\\Http\\Request))
#38 C:\\xampp\\htdocs\\secprog\\SecPro\\FrontEndSec\\vendor\\laravel\\framework\\src\\Illuminate\\Pipeline\\Pipeline.php(219): Illuminate\\Http\\Middleware\\ValidatePostSize->handle(Object(Illuminate\\Http\\Request), Object(Closure))
#39 C:\\xampp\\htdocs\\secprog\\SecPro\\FrontEndSec\\vendor\\laravel\\framework\\src\\Illuminate\\Foundation\\Http\\Middleware\\PreventRequestsDuringMaintenance.php(109): Illuminate\\Pipeline\\Pipeline->Illuminate\\Pipeline\\{closure}(Object(Illuminate\\Http\\Request))
#40 C:\\xampp\\htdocs\\secprog\\SecPro\\FrontEndSec\\vendor\\laravel\\framework\\src\\Illuminate\\Pipeline\\Pipeline.php(219): Illuminate\\Foundation\\Http\\Middleware\\PreventRequestsDuringMaintenance->handle(Object(Illuminate\\Http\\Request), Object(Closure))
#41 C:\\xampp\\htdocs\\secprog\\SecPro\\FrontEndSec\\vendor\\laravel\\framework\\src\\Illuminate\\Http\\Middleware\\HandleCors.php(48): Illuminate\\Pipeline\\Pipeline->Illuminate\\Pipeline\\{closure}(Object(Illuminate\\Http\\Request))
#42 C:\\xampp\\htdocs\\secprog\\SecPro\\FrontEndSec\\vendor\\laravel\\framework\\src\\Illuminate\\Pipeline\\Pipeline.php(219): Illuminate\\Http\\Middleware\\HandleCors->handle(Object(Illuminate\\Http\\Request), Object(Closure))
#43 C:\\xampp\\htdocs\\secprog\\SecPro\\FrontEndSec\\vendor\\laravel\\framework\\src\\Illuminate\\Http\\Middleware\\TrustProxies.php(58): Illuminate\\Pipeline\\Pipeline->Illuminate\\Pipeline\\{closure}(Object(Illuminate\\Http\\Request))
#44 C:\\xampp\\htdocs\\secprog\\SecPro\\FrontEndSec\\vendor\\laravel\\framework\\src\\Illuminate\\Pipeline\\Pipeline.php(219): Illuminate\\Http\\Middleware\\TrustProxies->handle(Object(Illuminate\\Http\\Request), Object(Closure))
#45 C:\\xampp\\htdocs\\secprog\\SecPro\\FrontEndSec\\vendor\\laravel\\framework\\src\\Illuminate\\Foundation\\Http\\Middleware\\InvokeDeferredCallbacks.php(22): Illuminate\\Pipeline\\Pipeline->Illuminate\\Pipeline\\{closure}(Object(Illuminate\\Http\\Request))
#46 C:\\xampp\\htdocs\\secprog\\SecPro\\FrontEndSec\\vendor\\laravel\\framework\\src\\Illuminate\\Pipeline\\Pipeline.php(219): Illuminate\\Foundation\\Http\\Middleware\\InvokeDeferredCallbacks->handle(Object(Illuminate\\Http\\Request), Object(Closure))
#47 C:\\xampp\\htdocs\\secprog\\SecPro\\FrontEndSec\\vendor\\laravel\\framework\\src\\Illuminate\\Http\\Middleware\\ValidatePathEncoding.php(26): Illuminate\\Pipeline\\Pipeline->Illuminate\\Pipeline\\{closure}(Object(Illuminate\\Http\\Request))
#48 C:\\xampp\\htdocs\\secprog\\SecPro\\FrontEndSec\\vendor\\laravel\\framework\\src\\Illuminate\\Pipeline\\Pipeline.php(219): Illuminate\\Http\\Middleware\\ValidatePathEncoding->handle(Object(Illuminate\\Http\\Request), Object(Closure))
#49 C:\\xampp\\htdocs\\secprog\\SecPro\\FrontEndSec\\vendor\\laravel\\framework\\src\\Illuminate\\Pipeline\\Pipeline.php(137): Illuminate\\Pipeline\\Pipeline->Illuminate\\Pipeline\\{closure}(Object(Illuminate\\Http\\Request))
#50 C:\\xampp\\htdocs\\secprog\\SecPro\\FrontEndSec\\vendor\\laravel\\framework\\src\\Illuminate\\Foundation\\Http\\Kernel.php(175): Illuminate\\Pipeline\\Pipeline->then(Object(Closure))
#51 C:\\xampp\\htdocs\\secprog\\SecPro\\FrontEndSec\\vendor\\laravel\\framework\\src\\Illuminate\\Foundation\\Http\\Kernel.php(144): Illuminate\\Foundation\\Http\\Kernel->sendRequestThroughRouter(Object(Illuminate\\Http\\Request))
#52 C:\\xampp\\htdocs\\secprog\\SecPro\\FrontEndSec\\vendor\\laravel\\framework\\src\\Illuminate\\Foundation\\Application.php(1220): Illuminate\\Foundation\\Http\\Kernel->handle(Object(Illuminate\\Http\\Request))
#53 C:\\xampp\\htdocs\\secprog\\SecPro\\FrontEndSec\\public\\index.php(20): Illuminate\\Foundation\\Application->handleRequest(Object(Illuminate\\Http\\Request))
#54 C:\\xampp\\htdocs\\secprog\\SecPro\\FrontEndSec\\vendor\\laravel\\framework\\src\\Illuminate\\Foundation\\resources\\server.php(23): require_once('C:\\\\xampp\\\\htdocs...')
#55 {main}

[previous exception] [object] (ErrorException(code: 0): Undefined variable $weeklyProducts at C:\\xampp\\htdocs\\secprog\\SecPro\\FrontEndSec\\storage\\framework\\views\\1f1e764261ce25fd6ab9770d03d6856e.php:138)
[stacktrace]
#0 C:\\xampp\\htdocs\\secprog\\SecPro\\FrontEndSec\\vendor\\laravel\\framework\\src\\Illuminate\\Foundation\\Bootstrap\\HandleExceptions.php(258): Illuminate\\Foundation\\Bootstrap\\HandleExceptions->handleError(2, 'Undefined varia...', 'C:\\\\xampp\\\\htdocs...', 138)
#1 C:\\xampp\\htdocs\\secprog\\SecPro\\FrontEndSec\\storage\\framework\\views\\1f1e764261ce25fd6ab9770d03d6856e.php(138): Illuminate\\Foundation\\Bootstrap\\HandleExceptions->Illuminate\\Foundation\\Bootstrap\\{closure}(2, 'Undefined varia...', 'C:\\\\xampp\\\\htdocs...', 138)
#2 C:\\xampp\\htdocs\\secprog\\SecPro\\FrontEndSec\\vendor\\laravel\\framework\\src\\Illuminate\\Filesystem\\Filesystem.php(123): require('C:\\\\xampp\\\\htdocs...')
#3 C:\\xampp\\htdocs\\secprog\\SecPro\\FrontEndSec\\vendor\\laravel\\framework\\src\\Illuminate\\Filesystem\\Filesystem.php(124): Illuminate\\Filesystem\\Filesystem::Illuminate\\Filesystem\\{closure}()
#4 C:\\xampp\\htdocs\\secprog\\SecPro\\FrontEndSec\\vendor\\laravel\\framework\\src\\Illuminate\\View\\Engines\\PhpEngine.php(57): Illuminate\\Filesystem\\Filesystem->getRequire('C:\\\\xampp\\\\htdocs...', Array)
#5 C:\\xampp\\htdocs\\secprog\\SecPro\\FrontEndSec\\vendor\\laravel\\framework\\src\\Illuminate\\View\\Engines\\CompilerEngine.php(76): Illuminate\\View\\Engines\\PhpEngine->evaluatePath('C:\\\\xampp\\\\htdocs...', Array)
#6 C:\\xampp\\htdocs\\secprog\\SecPro\\FrontEndSec\\vendor\\laravel\\framework\\src\\Illuminate\\View\\View.php(208): Illuminate\\View\\Engines\\CompilerEngine->get('C:\\\\xampp\\\\htdocs...', Array)
#7 C:\\xampp\\htdocs\\secprog\\SecPro\\FrontEndSec\\vendor\\laravel\\framework\\src\\Illuminate\\View\\View.php(191): Illuminate\\View\\View->getContents()
#8 C:\\xampp\\htdocs\\secprog\\SecPro\\FrontEndSec\\vendor\\laravel\\framework\\src\\Illuminate\\View\\View.php(160): Illuminate\\View\\View->renderContents()
#9 C:\\xampp\\htdocs\\secprog\\SecPro\\FrontEndSec\\vendor\\laravel\\framework\\src\\Illuminate\\Http\\Response.php(78): Illuminate\\View\\View->render()
#10 C:\\xampp\\htdocs\\secprog\\SecPro\\FrontEndSec\\vendor\\laravel\\framework\\src\\Illuminate\\Http\\Response.php(34): Illuminate\\Http\\Response->setContent(Object(Illuminate\\View\\View))
#11 C:\\xampp\\htdocs\\secprog\\SecPro\\FrontEndSec\\vendor\\laravel\\framework\\src\\Illuminate\\Routing\\Router.php(939): Illuminate\\Http\\Response->__construct(Object(Illuminate\\View\\View), 200, Array)
#12 C:\\xampp\\htdocs\\secprog\\SecPro\\FrontEndSec\\vendor\\laravel\\framework\\src\\Illuminate\\Routing\\Router.php(906): Illuminate\\Routing\\Router::toResponse(Object(Illuminate\\Http\\Request), Object(Illuminate\\View\\View))
#13 C:\\xampp\\htdocs\\secprog\\SecPro\\FrontEndSec\\vendor\\laravel\\framework\\src\\Illuminate\\Routing\\Router.php(821): Illuminate\\Routing\\Router->prepareResponse(Object(Illuminate\\Http\\Request), Object(Illuminate\\View\\View))
#14 C:\\xampp\\htdocs\\secprog\\SecPro\\FrontEndSec\\vendor\\laravel\\framework\\src\\Illuminate\\Pipeline\\Pipeline.php(180): Illuminate\\Routing\\Router->Illuminate\\Routing\\{closure}(Object(Illuminate\\Http\\Request))
#15 C:\\xampp\\htdocs\\secprog\\SecPro\\FrontEndSec\\vendor\\laravel\\framework\\src\\Illuminate\\Routing\\Middleware\\SubstituteBindings.php(50): Illuminate\\Pipeline\\Pipeline->Illuminate\\Pipeline\\{closure}(Object(Illuminate\\Http\\Request))
#16 C:\\xampp\\htdocs\\secprog\\SecPro\\FrontEndSec\\vendor\\laravel\\framework\\src\\Illuminate\\Pipeline\\Pipeline.php(219): Illuminate\\Routing\\Middleware\\SubstituteBindings->handle(Object(Illuminate\\Http\\Request), Object(Closure))
#17 C:\\xampp\\htdocs\\secprog\\SecPro\\FrontEndSec\\vendor\\laravel\\framework\\src\\Illuminate\\Foundation\\Http\\Middleware\\VerifyCsrfToken.php(87): Illuminate\\Pipeline\\Pipeline->Illuminate\\Pipeline\\{closure}(Object(Illuminate\\Http\\Request))
#18 C:\\xampp\\htdocs\\secprog\\SecPro\\FrontEndSec\\vendor\\laravel\\framework\\src\\Illuminate\\Pipeline\\Pipeline.php(219): Illuminate\\Foundation\\Http\\Middleware\\VerifyCsrfToken->handle(Object(Illuminate\\Http\\Request), Object(Closure))
#19 C:\\xampp\\htdocs\\secprog\\SecPro\\FrontEndSec\\vendor\\laravel\\framework\\src\\Illuminate\\View\\Middleware\\ShareErrorsFromSession.php(48): Illuminate\\Pipeline\\Pipeline->Illuminate\\Pipeline\\{closure}(Object(Illuminate\\Http\\Request))
#20 C:\\xampp\\htdocs\\secprog\\SecPro\\FrontEndSec\\vendor\\laravel\\framework\\src\\Illuminate\\Pipeline\\Pipeline.php(219): Illuminate\\View\\Middleware\\ShareErrorsFromSession->handle(Object(Illuminate\\Http\\Request), Object(Closure))
#21 C:\\xampp\\htdocs\\secprog\\SecPro\\FrontEndSec\\vendor\\laravel\\framework\\src\\Illuminate\\Session\\Middleware\\StartSession.php(120): Illuminate\\Pipeline\\Pipeline->Illuminate\\Pipeline\\{closure}(Object(Illuminate\\Http\\Request))
#22 C:\\xampp\\htdocs\\secprog\\SecPro\\FrontEndSec\\vendor\\laravel\\framework\\src\\Illuminate\\Session\\Middleware\\StartSession.php(63): Illuminate\\Session\\Middleware\\StartSession->handleStatefulRequest(Object(Illuminate\\Http\\Request), Object(Illuminate\\Session\\Store), Object(Closure))
#23 C:\\xampp\\htdocs\\secprog\\SecPro\\FrontEndSec\\vendor\\laravel\\framework\\src\\Illuminate\\Pipeline\\Pipeline.php(219): Illuminate\\Session\\Middleware\\StartSession->handle(Object(Illuminate\\Http\\Request), Object(Closure))
#24 C:\\xampp\\htdocs\\secprog\\SecPro\\FrontEndSec\\vendor\\laravel\\framework\\src\\Illuminate\\Cookie\\Middleware\\AddQueuedCookiesToResponse.php(36): Illuminate\\Pipeline\\Pipeline->Illuminate\\Pipeline\\{closure}(Object(Illuminate\\Http\\Request))
#25 C:\\xampp\\htdocs\\secprog\\SecPro\\FrontEndSec\\vendor\\laravel\\framework\\src\\Illuminate\\Pipeline\\Pipeline.php(219): Illuminate\\Cookie\\Middleware\\AddQueuedCookiesToResponse->handle(Object(Illuminate\\Http\\Request), Object(Closure))
#26 C:\\xampp\\htdocs\\secprog\\SecPro\\FrontEndSec\\vendor\\laravel\\framework\\src\\Illuminate\\Cookie\\Middleware\\EncryptCookies.php(74): Illuminate\\Pipeline\\Pipeline->Illuminate\\Pipeline\\{closure}(Object(Illuminate\\Http\\Request))
#27 C:\\xampp\\htdocs\\secprog\\SecPro\\FrontEndSec\\vendor\\laravel\\framework\\src\\Illuminate\\Pipeline\\Pipeline.php(219): Illuminate\\Cookie\\Middleware\\EncryptCookies->handle(Object(Illuminate\\Http\\Request), Object(Closure))
#28 C:\\xampp\\htdocs\\secprog\\SecPro\\FrontEndSec\\vendor\\laravel\\framework\\src\\Illuminate\\Pipeline\\Pipeline.php(137): Illuminate\\Pipeline\\Pipeline->Illuminate\\Pipeline\\{closure}(Object(Illuminate\\Http\\Request))
#29 C:\\xampp\\htdocs\\secprog\\SecPro\\FrontEndSec\\vendor\\laravel\\framework\\src\\Illuminate\\Routing\\Router.php(821): Illuminate\\Pipeline\\Pipeline->then(Object(Closure))
#30 C:\\xampp\\htdocs\\secprog\\SecPro\\FrontEndSec\\vendor\\laravel\\framework\\src\\Illuminate\\Routing\\Router.php(800): Illuminate\\Routing\\Router->runRouteWithinStack(Object(Illuminate\\Routing\\Route), Object(Illuminate\\Http\\Request))
#31 C:\\xampp\\htdocs\\secprog\\SecPro\\FrontEndSec\\vendor\\laravel\\framework\\src\\Illuminate\\Routing\\Router.php(764): Illuminate\\Routing\\Router->runRoute(Object(Illuminate\\Http\\Request), Object(Illuminate\\Routing\\Route))
#32 C:\\xampp\\htdocs\\secprog\\SecPro\\FrontEndSec\\vendor\\laravel\\framework\\src\\Illuminate\\Routing\\Router.php(753): Illuminate\\Routing\\Router->dispatchToRoute(Object(Illuminate\\Http\\Request))
#33 C:\\xampp\\htdocs\\secprog\\SecPro\\FrontEndSec\\vendor\\laravel\\framework\\src\\Illuminate\\Foundation\\Http\\Kernel.php(200): Illuminate\\Routing\\Router->dispatch(Object(Illuminate\\Http\\Request))
#34 C:\\xampp\\htdocs\\secprog\\SecPro\\FrontEndSec\\vendor\\laravel\\framework\\src\\Illuminate\\Pipeline\\Pipeline.php(180): Illuminate\\Foundation\\Http\\Kernel->Illuminate\\Foundation\\Http\\{closure}(Object(Illuminate\\Http\\Request))
#35 C:\\xampp\\htdocs\\secprog\\SecPro\\FrontEndSec\\vendor\\laravel\\framework\\src\\Illuminate\\Foundation\\Http\\Middleware\\TransformsRequest.php(21): Illuminate\\Pipeline\\Pipeline->Illuminate\\Pipeline\\{closure}(Object(Illuminate\\Http\\Request))
#36 C:\\xampp\\htdocs\\secprog\\SecPro\\FrontEndSec\\vendor\\laravel\\framework\\src\\Illuminate\\Foundation\\Http\\Middleware\\ConvertEmptyStringsToNull.php(31): Illuminate\\Foundation\\Http\\Middleware\\TransformsRequest->handle(Object(Illuminate\\Http\\Request), Object(Closure))
#37 C:\\xampp\\htdocs\\secprog\\SecPro\\FrontEndSec\\vendor\\laravel\\framework\\src\\Illuminate\\Pipeline\\Pipeline.php(219): Illuminate\\Foundation\\Http\\Middleware\\ConvertEmptyStringsToNull->handle(Object(Illuminate\\Http\\Request), Object(Closure))
#38 C:\\xampp\\htdocs\\secprog\\SecPro\\FrontEndSec\\vendor\\laravel\\framework\\src\\Illuminate\\Foundation\\Http\\Middleware\\TransformsRequest.php(21): Illuminate\\Pipeline\\Pipeline->Illuminate\\Pipeline\\{closure}(Object(Illuminate\\Http\\Request))
#39 C:\\xampp\\htdocs\\secprog\\SecPro\\FrontEndSec\\vendor\\laravel\\framework\\src\\Illuminate\\Foundation\\Http\\Middleware\\TrimStrings.php(51): Illuminate\\Foundation\\Http\\Middleware\\TransformsRequest->handle(Object(Illuminate\\Http\\Request), Object(Closure))
#40 C:\\xampp\\htdocs\\secprog\\SecPro\\FrontEndSec\\vendor\\laravel\\framework\\src\\Illuminate\\Pipeline\\Pipeline.php(219): Illuminate\\Foundation\\Http\\Middleware\\TrimStrings->handle(Object(Illuminate\\Http\\Request), Object(Closure))
#41 C:\\xampp\\htdocs\\secprog\\SecPro\\FrontEndSec\\vendor\\laravel\\framework\\src\\Illuminate\\Http\\Middleware\\ValidatePostSize.php(27): Illuminate\\Pipeline\\Pipeline->Illuminate\\Pipeline\\{closure}(Object(Illuminate\\Http\\Request))
#42 C:\\xampp\\htdocs\\secprog\\SecPro\\FrontEndSec\\vendor\\laravel\\framework\\src\\Illuminate\\Pipeline\\Pipeline.php(219): Illuminate\\Http\\Middleware\\ValidatePostSize->handle(Object(Illuminate\\Http\\Request), Object(Closure))
#43 C:\\xampp\\htdocs\\secprog\\SecPro\\FrontEndSec\\vendor\\laravel\\framework\\src\\Illuminate\\Foundation\\Http\\Middleware\\PreventRequestsDuringMaintenance.php(109): Illuminate\\Pipeline\\Pipeline->Illuminate\\Pipeline\\{closure}(Object(Illuminate\\Http\\Request))
#44 C:\\xampp\\htdocs\\secprog\\SecPro\\FrontEndSec\\vendor\\laravel\\framework\\src\\Illuminate\\Pipeline\\Pipeline.php(219): Illuminate\\Foundation\\Http\\Middleware\\PreventRequestsDuringMaintenance->handle(Object(Illuminate\\Http\\Request), Object(Closure))
#45 C:\\xampp\\htdocs\\secprog\\SecPro\\FrontEndSec\\vendor\\laravel\\framework\\src\\Illuminate\\Http\\Middleware\\HandleCors.php(48): Illuminate\\Pipeline\\Pipeline->Illuminate\\Pipeline\\{closure}(Object(Illuminate\\Http\\Request))
#46 C:\\xampp\\htdocs\\secprog\\SecPro\\FrontEndSec\\vendor\\laravel\\framework\\src\\Illuminate\\Pipeline\\Pipeline.php(219): Illuminate\\Http\\Middleware\\HandleCors->handle(Object(Illuminate\\Http\\Request), Object(Closure))
#47 C:\\xampp\\htdocs\\secprog\\SecPro\\FrontEndSec\\vendor\\laravel\\framework\\src\\Illuminate\\Http\\Middleware\\TrustProxies.php(58): Illuminate\\Pipeline\\Pipeline->Illuminate\\Pipeline\\{closure}(Object(Illuminate\\Http\\Request))
#48 C:\\xampp\\htdocs\\secprog\\SecPro\\FrontEndSec\\vendor\\laravel\\framework\\src\\Illuminate\\Pipeline\\Pipeline.php(219): Illuminate\\Http\\Middleware\\TrustProxies->handle(Object(Illuminate\\Http\\Request), Object(Closure))
#49 C:\\xampp\\htdocs\\secprog\\SecPro\\FrontEndSec\\vendor\\laravel\\framework\\src\\Illuminate\\Foundation\\Http\\Middleware\\InvokeDeferredCallbacks.php(22): Illuminate\\Pipeline\\Pipeline->Illuminate\\Pipeline\\{closure}(Object(Illuminate\\Http\\Request))
#50 C:\\xampp\\htdocs\\secprog\\SecPro\\FrontEndSec\\vendor\\laravel\\framework\\src\\Illuminate\\Pipeline\\Pipeline.php(219): Illuminate\\Foundation\\Http\\Middleware\\InvokeDeferredCallbacks->handle(Object(Illuminate\\Http\\Request), Object(Closure))
#51 C:\\xampp\\htdocs\\secprog\\SecPro\\FrontEndSec\\vendor\\laravel\\framework\\src\\Illuminate\\Http\\Middleware\\ValidatePathEncoding.php(26): Illuminate\\Pipeline\\Pipeline->Illuminate\\Pipeline\\{closure}(Object(Illuminate\\Http\\Request))
#52 C:\\xampp\\htdocs\\secprog\\SecPro\\FrontEndSec\\vendor\\laravel\\framework\\src\\Illuminate\\Pipeline\\Pipeline.php(219): Illuminate\\Http\\Middleware\\ValidatePathEncoding->handle(Object(Illuminate\\Http\\Request), Object(Closure))
#53 C:\\xampp\\htdocs\\secprog\\SecPro\\FrontEndSec\\vendor\\laravel\\framework\\src\\Illuminate\\Pipeline\\Pipeline.php(137): Illuminate\\Pipeline\\Pipeline->Illuminate\\Pipeline\\{closure}(Object(Illuminate\\Http\\Request))
#54 C:\\xampp\\htdocs\\secprog\\SecPro\\FrontEndSec\\vendor\\laravel\\framework\\src\\Illuminate\\Foundation\\Http\\Kernel.php(175): Illuminate\\Pipeline\\Pipeline->then(Object(Closure))
#55 C:\\xampp\\htdocs\\secprog\\SecPro\\FrontEndSec\\vendor\\laravel\\framework\\src\\Illuminate\\Foundation\\Http\\Kernel.php(144): Illuminate\\Foundation\\Http\\Kernel->sendRequestThroughRouter(Object(Illuminate\\Http\\Request))
#56 C:\\xampp\\htdocs\\secprog\\SecPro\\FrontEndSec\\vendor\\laravel\\framework\\src\\Illuminate\\Foundation\\Application.php(1220): Illuminate\\Foundation\\Http\\Kernel->handle(Object(Illuminate\\Http\\Request))
#57 C:\\xampp\\htdocs\\secprog\\SecPro\\FrontEndSec\\public\\index.php(20): Illuminate\\Foundation\\Application->handleRequest(Object(Illuminate\\Http\\Request))
#58 C:\\xampp\\htdocs\\secprog\\SecPro\\FrontEndSec\\vendor\\laravel\\framework\\src\\Illuminate\\Foundation\\resources\\server.php(23): require_once('C:\\\\xampp\\\\htdocs...')
#59 {main}
"} 
[2025-11-18 14:30:11] local.ERROR: Undefined variable $weeklyRecipes (View: C:\xampp\htdocs\secprog\SecPro\FrontEndSec\resources\views\mainPage.blade.php) {"exception":"[object] (Illuminate\\View\\ViewException(code: 0): Undefined variable $weeklyRecipes (View: C:\\xampp\\htdocs\\secprog\\SecPro\\FrontEndSec\\resources\\views\\mainPage.blade.php) at C:\\xampp\\htdocs\\secprog\\SecPro\\FrontEndSec\\storage\\framework\\views\\1f1e764261ce25fd6ab9770d03d6856e.php:142)
[stacktrace]
#0 C:\\xampp\\htdocs\\secprog\\SecPro\\FrontEndSec\\vendor\\laravel\\framework\\src\\Illuminate\\View\\Engines\\PhpEngine.php(59): Illuminate\\View\\Engines\\CompilerEngine->handleViewException(Object(ErrorException), 1)
#1 C:\\xampp\\htdocs\\secprog\\SecPro\\FrontEndSec\\vendor\\laravel\\framework\\src\\Illuminate\\View\\Engines\\CompilerEngine.php(76): Illuminate\\View\\Engines\\PhpEngine->evaluatePath('C:\\\\xampp\\\\htdocs...', Array)
#2 C:\\xampp\\htdocs\\secprog\\SecPro\\FrontEndSec\\vendor\\laravel\\framework\\src\\Illuminate\\View\\View.php(208): Illuminate\\View\\Engines\\CompilerEngine->get('C:\\\\xampp\\\\htdocs...', Array)
#3 C:\\xampp\\htdocs\\secprog\\SecPro\\FrontEndSec\\vendor\\laravel\\framework\\src\\Illuminate\\View\\View.php(191): Illuminate\\View\\View->getContents()
#4 C:\\xampp\\htdocs\\secprog\\SecPro\\FrontEndSec\\vendor\\laravel\\framework\\src\\Illuminate\\View\\View.php(160): Illuminate\\View\\View->renderContents()
#5 C:\\xampp\\htdocs\\secprog\\SecPro\\FrontEndSec\\vendor\\laravel\\framework\\src\\Illuminate\\Http\\Response.php(78): Illuminate\\View\\View->render()
#6 C:\\xampp\\htdocs\\secprog\\SecPro\\FrontEndSec\\vendor\\laravel\\framework\\src\\Illuminate\\Http\\Response.php(34): Illuminate\\Http\\Response->setContent(Object(Illuminate\\View\\View))
#7 C:\\xampp\\htdocs\\secprog\\SecPro\\FrontEndSec\\vendor\\laravel\\framework\\src\\Illuminate\\Routing\\Router.php(939): Illuminate\\Http\\Response->__construct(Object(Illuminate\\View\\View), 200, Array)
#8 C:\\xampp\\htdocs\\secprog\\SecPro\\FrontEndSec\\vendor\\laravel\\framework\\src\\Illuminate\\Routing\\Router.php(906): Illuminate\\Routing\\Router::toResponse(Object(Illuminate\\Http\\Request), Object(Illuminate\\View\\View))
#9 C:\\xampp\\htdocs\\secprog\\SecPro\\FrontEndSec\\vendor\\laravel\\framework\\src\\Illuminate\\Routing\\Router.php(821): Illuminate\\Routing\\Router->prepareResponse(Object(Illuminate\\Http\\Request), Object(Illuminate\\View\\View))
#10 C:\\xampp\\htdocs\\secprog\\SecPro\\FrontEndSec\\vendor\\laravel\\framework\\src\\Illuminate\\Pipeline\\Pipeline.php(180): Illuminate\\Routing\\Router->Illuminate\\Routing\\{closure}(Object(Illuminate\\Http\\Request))
#11 C:\\xampp\\htdocs\\secprog\\SecPro\\FrontEndSec\\vendor\\laravel\\framework\\src\\Illuminate\\Routing\\Middleware\\SubstituteBindings.php(50): Illuminate\\Pipeline\\Pipeline->Illuminate\\Pipeline\\{closure}(Object(Illuminate\\Http\\Request))
#12 C:\\xampp\\htdocs\\secprog\\SecPro\\FrontEndSec\\vendor\\laravel\\framework\\src\\Illuminate\\Pipeline\\Pipeline.php(219): Illuminate\\Routing\\Middleware\\SubstituteBindings->handle(Object(Illuminate\\Http\\Request), Object(Closure))
#13 C:\\xampp\\htdocs\\secprog\\SecPro\\FrontEndSec\\vendor\\laravel\\framework\\src\\Illuminate\\Foundation\\Http\\Middleware\\VerifyCsrfToken.php(87): Illuminate\\Pipeline\\Pipeline->Illuminate\\Pipeline\\{closure}(Object(Illuminate\\Http\\Request))
#14 C:\\xampp\\htdocs\\secprog\\SecPro\\FrontEndSec\\vendor\\laravel\\framework\\src\\Illuminate\\Pipeline\\Pipeline.php(219): Illuminate\\Foundation\\Http\\Middleware\\VerifyCsrfToken->handle(Object(Illuminate\\Http\\Request), Object(Closure))
#15 C:\\xampp\\htdocs\\secprog\\SecPro\\FrontEndSec\\vendor\\laravel\\framework\\src\\Illuminate\\View\\Middleware\\ShareErrorsFromSession.php(48): Illuminate\\Pipeline\\Pipeline->Illuminate\\Pipeline\\{closure}(Object(Illuminate\\Http\\Request))
#16 C:\\xampp\\htdocs\\secprog\\SecPro\\FrontEndSec\\vendor\\laravel\\framework\\src\\Illuminate\\Pipeline\\Pipeline.php(219): Illuminate\\View\\Middleware\\ShareErrorsFromSession->handle(Object(Illuminate\\Http\\Request), Object(Closure))
#17 C:\\xampp\\htdocs\\secprog\\SecPro\\FrontEndSec\\vendor\\laravel\\framework\\src\\Illuminate\\Session\\Middleware\\StartSession.php(120): Illuminate\\Pipeline\\Pipeline->Illuminate\\Pipeline\\{closure}(Object(Illuminate\\Http\\Request))
#18 C:\\xampp\\htdocs\\secprog\\SecPro\\FrontEndSec\\vendor\\laravel\\framework\\src\\Illuminate\\Session\\Middleware\\StartSession.php(63): Illuminate\\Session\\Middleware\\StartSession->handleStatefulRequest(Object(Illuminate\\Http\\Request), Object(Illuminate\\Session\\Store), Object(Closure))
#19 C:\\xampp\\htdocs\\secprog\\SecPro\\FrontEndSec\\vendor\\laravel\\framework\\src\\Illuminate\\Pipeline\\Pipeline.php(219): Illuminate\\Session\\Middleware\\StartSession->handle(Object(Illuminate\\Http\\Request), Object(Closure))
#20 C:\\xampp\\htdocs\\secprog\\SecPro\\FrontEndSec\\vendor\\laravel\\framework\\src\\Illuminate\\Cookie\\Middleware\\AddQueuedCookiesToResponse.php(36): Illuminate\\Pipeline\\Pipeline->Illuminate\\Pipeline\\{closure}(Object(Illuminate\\Http\\Request))
#21 C:\\xampp\\htdocs\\secprog\\SecPro\\FrontEndSec\\vendor\\laravel\\framework\\src\\Illuminate\\Pipeline\\Pipeline.php(219): Illuminate\\Cookie\\Middleware\\AddQueuedCookiesToResponse->handle(Object(Illuminate\\Http\\Request), Object(Closure))
#22 C:\\xampp\\htdocs\\secprog\\SecPro\\FrontEndSec\\vendor\\laravel\\framework\\src\\Illuminate\\Cookie\\Middleware\\EncryptCookies.php(74): Illuminate\\Pipeline\\Pipeline->Illuminate\\Pipeline\\{closure}(Object(Illuminate\\Http\\Request))
#23 C:\\xampp\\htdocs\\secprog\\SecPro\\FrontEndSec\\vendor\\laravel\\framework\\src\\Illuminate\\Pipeline\\Pipeline.php(219): Illuminate\\Cookie\\Middleware\\EncryptCookies->handle(Object(Illuminate\\Http\\Request), Object(Closure))
#24 C:\\xampp\\htdocs\\secprog\\SecPro\\FrontEndSec\\vendor\\laravel\\framework\\src\\Illuminate\\Pipeline\\Pipeline.php(137): Illuminate\\Pipeline\\Pipeline->Illuminate\\Pipeline\\{closure}(Object(Illuminate\\Http\\Request))
#25 C:\\xampp\\htdocs\\secprog\\SecPro\\FrontEndSec\\vendor\\laravel\\framework\\src\\Illuminate\\Routing\\Router.php(821): Illuminate\\Pipeline\\Pipeline->then(Object(Closure))
#26 C:\\xampp\\htdocs\\secprog\\SecPro\\FrontEndSec\\vendor\\laravel\\framework\\src\\Illuminate\\Routing\\Router.php(800): Illuminate\\Routing\\Router->runRouteWithinStack(Object(Illuminate\\Routing\\Route), Object(Illuminate\\Http\\Request))
#27 C:\\xampp\\htdocs\\secprog\\SecPro\\FrontEndSec\\vendor\\laravel\\framework\\src\\Illuminate\\Routing\\Router.php(764): Illuminate\\Routing\\Router->runRoute(Object(Illuminate\\Http\\Request), Object(Illuminate\\Routing\\Route))
#28 C:\\xampp\\htdocs\\secprog\\SecPro\\FrontEndSec\\vendor\\laravel\\framework\\src\\Illuminate\\Routing\\Router.php(753): Illuminate\\Routing\\Router->dispatchToRoute(Object(Illuminate\\Http\\Request))
#29 C:\\xampp\\htdocs\\secprog\\SecPro\\FrontEndSec\\vendor\\laravel\\framework\\src\\Illuminate\\Foundation\\Http\\Kernel.php(200): Illuminate\\Routing\\Router->dispatch(Object(Illuminate\\Http\\Request))
#30 C:\\xampp\\htdocs\\secprog\\SecPro\\FrontEndSec\\vendor\\laravel\\framework\\src\\Illuminate\\Pipeline\\Pipeline.php(180): Illuminate\\Foundation\\Http\\Kernel->Illuminate\\Foundation\\Http\\{closure}(Object(Illuminate\\Http\\Request))
#31 C:\\xampp\\htdocs\\secprog\\SecPro\\FrontEndSec\\vendor\\laravel\\framework\\src\\Illuminate\\Foundation\\Http\\Middleware\\TransformsRequest.php(21): Illuminate\\Pipeline\\Pipeline->Illuminate\\Pipeline\\{closure}(Object(Illuminate\\Http\\Request))
#32 C:\\xampp\\htdocs\\secprog\\SecPro\\FrontEndSec\\vendor\\laravel\\framework\\src\\Illuminate\\Foundation\\Http\\Middleware\\ConvertEmptyStringsToNull.php(31): Illuminate\\Foundation\\Http\\Middleware\\TransformsRequest->handle(Object(Illuminate\\Http\\Request), Object(Closure))
#33 C:\\xampp\\htdocs\\secprog\\SecPro\\FrontEndSec\\vendor\\laravel\\framework\\src\\Illuminate\\Pipeline\\Pipeline.php(219): Illuminate\\Foundation\\Http\\Middleware\\ConvertEmptyStringsToNull->handle(Object(Illuminate\\Http\\Request), Object(Closure))
#34 C:\\xampp\\htdocs\\secprog\\SecPro\\FrontEndSec\\vendor\\laravel\\framework\\src\\Illuminate\\Foundation\\Http\\Middleware\\TransformsRequest.php(21): Illuminate\\Pipeline\\Pipeline->Illuminate\\Pipeline\\{closure}(Object(Illuminate\\Http\\Request))
#35 C:\\xampp\\htdocs\\secprog\\SecPro\\FrontEndSec\\vendor\\laravel\\framework\\src\\Illuminate\\Foundation\\Http\\Middleware\\TrimStrings.php(51): Illuminate\\Foundation\\Http\\Middleware\\TransformsRequest->handle(Object(Illuminate\\Http\\Request), Object(Closure))
#36 C:\\xampp\\htdocs\\secprog\\SecPro\\FrontEndSec\\vendor\\laravel\\framework\\src\\Illuminate\\Pipeline\\Pipeline.php(219): Illuminate\\Foundation\\Http\\Middleware\\TrimStrings->handle(Object(Illuminate\\Http\\Request), Object(Closure))
#37 C:\\xampp\\htdocs\\secprog\\SecPro\\FrontEndSec\\vendor\\laravel\\framework\\src\\Illuminate\\Http\\Middleware\\ValidatePostSize.php(27): Illuminate\\Pipeline\\Pipeline->Illuminate\\Pipeline\\{closure}(Object(Illuminate\\Http\\Request))
#38 C:\\xampp\\htdocs\\secprog\\SecPro\\FrontEndSec\\vendor\\laravel\\framework\\src\\Illuminate\\Pipeline\\Pipeline.php(219): Illuminate\\Http\\Middleware\\ValidatePostSize->handle(Object(Illuminate\\Http\\Request), Object(Closure))
#39 C:\\xampp\\htdocs\\secprog\\SecPro\\FrontEndSec\\vendor\\laravel\\framework\\src\\Illuminate\\Foundation\\Http\\Middleware\\PreventRequestsDuringMaintenance.php(109): Illuminate\\Pipeline\\Pipeline->Illuminate\\Pipeline\\{closure}(Object(Illuminate\\Http\\Request))
#40 C:\\xampp\\htdocs\\secprog\\SecPro\\FrontEndSec\\vendor\\laravel\\framework\\src\\Illuminate\\Pipeline\\Pipeline.php(219): Illuminate\\Foundation\\Http\\Middleware\\PreventRequestsDuringMaintenance->handle(Object(Illuminate\\Http\\Request), Object(Closure))
#41 C:\\xampp\\htdocs\\secprog\\SecPro\\FrontEndSec\\vendor\\laravel\\framework\\src\\Illuminate\\Http\\Middleware\\HandleCors.php(48): Illuminate\\Pipeline\\Pipeline->Illuminate\\Pipeline\\{closure}(Object(Illuminate\\Http\\Request))
#42 C:\\xampp\\htdocs\\secprog\\SecPro\\FrontEndSec\\vendor\\laravel\\framework\\src\\Illuminate\\Pipeline\\Pipeline.php(219): Illuminate\\Http\\Middleware\\HandleCors->handle(Object(Illuminate\\Http\\Request), Object(Closure))
#43 C:\\xampp\\htdocs\\secprog\\SecPro\\FrontEndSec\\vendor\\laravel\\framework\\src\\Illuminate\\Http\\Middleware\\TrustProxies.php(58): Illuminate\\Pipeline\\Pipeline->Illuminate\\Pipeline\\{closure}(Object(Illuminate\\Http\\Request))
#44 C:\\xampp\\htdocs\\secprog\\SecPro\\FrontEndSec\\vendor\\laravel\\framework\\src\\Illuminate\\Pipeline\\Pipeline.php(219): Illuminate\\Http\\Middleware\\TrustProxies->handle(Object(Illuminate\\Http\\Request), Object(Closure))
#45 C:\\xampp\\htdocs\\secprog\\SecPro\\FrontEndSec\\vendor\\laravel\\framework\\src\\Illuminate\\Foundation\\Http\\Middleware\\InvokeDeferredCallbacks.php(22): Illuminate\\Pipeline\\Pipeline->Illuminate\\Pipeline\\{closure}(Object(Illuminate\\Http\\Request))
#46 C:\\xampp\\htdocs\\secprog\\SecPro\\FrontEndSec\\vendor\\laravel\\framework\\src\\Illuminate\\Pipeline\\Pipeline.php(219): Illuminate\\Foundation\\Http\\Middleware\\InvokeDeferredCallbacks->handle(Object(Illuminate\\Http\\Request), Object(Closure))
#47 C:\\xampp\\htdocs\\secprog\\SecPro\\FrontEndSec\\vendor\\laravel\\framework\\src\\Illuminate\\Http\\Middleware\\ValidatePathEncoding.php(26): Illuminate\\Pipeline\\Pipeline->Illuminate\\Pipeline\\{closure}(Object(Illuminate\\Http\\Request))
#48 C:\\xampp\\htdocs\\secprog\\SecPro\\FrontEndSec\\vendor\\laravel\\framework\\src\\Illuminate\\Pipeline\\Pipeline.php(219): Illuminate\\Http\\Middleware\\ValidatePathEncoding->handle(Object(Illuminate\\Http\\Request), Object(Closure))
#49 C:\\xampp\\htdocs\\secprog\\SecPro\\FrontEndSec\\vendor\\laravel\\framework\\src\\Illuminate\\Pipeline\\Pipeline.php(137): Illuminate\\Pipeline\\Pipeline->Illuminate\\Pipeline\\{closure}(Object(Illuminate\\Http\\Request))
#50 C:\\xampp\\htdocs\\secprog\\SecPro\\FrontEndSec\\vendor\\laravel\\framework\\src\\Illuminate\\Foundation\\Http\\Kernel.php(175): Illuminate\\Pipeline\\Pipeline->then(Object(Closure))
#51 C:\\xampp\\htdocs\\secprog\\SecPro\\FrontEndSec\\vendor\\laravel\\framework\\src\\Illuminate\\Foundation\\Http\\Kernel.php(144): Illuminate\\Foundation\\Http\\Kernel->sendRequestThroughRouter(Object(Illuminate\\Http\\Request))
#52 C:\\xampp\\htdocs\\secprog\\SecPro\\FrontEndSec\\vendor\\laravel\\framework\\src\\Illuminate\\Foundation\\Application.php(1220): Illuminate\\Foundation\\Http\\Kernel->handle(Object(Illuminate\\Http\\Request))
#53 C:\\xampp\\htdocs\\secprog\\SecPro\\FrontEndSec\\public\\index.php(20): Illuminate\\Foundation\\Application->handleRequest(Object(Illuminate\\Http\\Request))
#54 C:\\xampp\\htdocs\\secprog\\SecPro\\FrontEndSec\\vendor\\laravel\\framework\\src\\Illuminate\\Foundation\\resources\\server.php(23): require_once('C:\\\\xampp\\\\htdocs...')
#55 {main}

[previous exception] [object] (ErrorException(code: 0): Undefined variable $weeklyRecipes at C:\\xampp\\htdocs\\secprog\\SecPro\\FrontEndSec\\storage\\framework\\views\\1f1e764261ce25fd6ab9770d03d6856e.php:142)
[stacktrace]
#0 C:\\xampp\\htdocs\\secprog\\SecPro\\FrontEndSec\\vendor\\laravel\\framework\\src\\Illuminate\\Foundation\\Bootstrap\\HandleExceptions.php(258): Illuminate\\Foundation\\Bootstrap\\HandleExceptions->handleError(2, 'Undefined varia...', 'C:\\\\xampp\\\\htdocs...', 142)
#1 C:\\xampp\\htdocs\\secprog\\SecPro\\FrontEndSec\\storage\\framework\\views\\1f1e764261ce25fd6ab9770d03d6856e.php(142): Illuminate\\Foundation\\Bootstrap\\HandleExceptions->Illuminate\\Foundation\\Bootstrap\\{closure}(2, 'Undefined varia...', 'C:\\\\xampp\\\\htdocs...', 142)
#2 C:\\xampp\\htdocs\\secprog\\SecPro\\FrontEndSec\\vendor\\laravel\\framework\\src\\Illuminate\\Filesystem\\Filesystem.php(123): require('C:\\\\xampp\\\\htdocs...')
#3 C:\\xampp\\htdocs\\secprog\\SecPro\\FrontEndSec\\vendor\\laravel\\framework\\src\\Illuminate\\Filesystem\\Filesystem.php(124): Illuminate\\Filesystem\\Filesystem::Illuminate\\Filesystem\\{closure}()
#4 C:\\xampp\\htdocs\\secprog\\SecPro\\FrontEndSec\\vendor\\laravel\\framework\\src\\Illuminate\\View\\Engines\\PhpEngine.php(57): Illuminate\\Filesystem\\Filesystem->getRequire('C:\\\\xampp\\\\htdocs...', Array)
#5 C:\\xampp\\htdocs\\secprog\\SecPro\\FrontEndSec\\vendor\\laravel\\framework\\src\\Illuminate\\View\\Engines\\CompilerEngine.php(76): Illuminate\\View\\Engines\\PhpEngine->evaluatePath('C:\\\\xampp\\\\htdocs...', Array)
#6 C:\\xampp\\htdocs\\secprog\\SecPro\\FrontEndSec\\vendor\\laravel\\framework\\src\\Illuminate\\View\\View.php(208): Illuminate\\View\\Engines\\CompilerEngine->get('C:\\\\xampp\\\\htdocs...', Array)
#7 C:\\xampp\\htdocs\\secprog\\SecPro\\FrontEndSec\\vendor\\laravel\\framework\\src\\Illuminate\\View\\View.php(191): Illuminate\\View\\View->getContents()
#8 C:\\xampp\\htdocs\\secprog\\SecPro\\FrontEndSec\\vendor\\laravel\\framework\\src\\Illuminate\\View\\View.php(160): Illuminate\\View\\View->renderContents()
#9 C:\\xampp\\htdocs\\secprog\\SecPro\\FrontEndSec\\vendor\\laravel\\framework\\src\\Illuminate\\Http\\Response.php(78): Illuminate\\View\\View->render()
#10 C:\\xampp\\htdocs\\secprog\\SecPro\\FrontEndSec\\vendor\\laravel\\framework\\src\\Illuminate\\Http\\Response.php(34): Illuminate\\Http\\Response->setContent(Object(Illuminate\\View\\View))
#11 C:\\xampp\\htdocs\\secprog\\SecPro\\FrontEndSec\\vendor\\laravel\\framework\\src\\Illuminate\\Routing\\Router.php(939): Illuminate\\Http\\Response->__construct(Object(Illuminate\\View\\View), 200, Array)
#12 C:\\xampp\\htdocs\\secprog\\SecPro\\FrontEndSec\\vendor\\laravel\\framework\\src\\Illuminate\\Routing\\Router.php(906): Illuminate\\Routing\\Router::toResponse(Object(Illuminate\\Http\\Request), Object(Illuminate\\View\\View))
#13 C:\\xampp\\htdocs\\secprog\\SecPro\\FrontEndSec\\vendor\\laravel\\framework\\src\\Illuminate\\Routing\\Router.php(821): Illuminate\\Routing\\Router->prepareResponse(Object(Illuminate\\Http\\Request), Object(Illuminate\\View\\View))
#14 C:\\xampp\\htdocs\\secprog\\SecPro\\FrontEndSec\\vendor\\laravel\\framework\\src\\Illuminate\\Pipeline\\Pipeline.php(180): Illuminate\\Routing\\Router->Illuminate\\Routing\\{closure}(Object(Illuminate\\Http\\Request))
#15 C:\\xampp\\htdocs\\secprog\\SecPro\\FrontEndSec\\vendor\\laravel\\framework\\src\\Illuminate\\Routing\\Middleware\\SubstituteBindings.php(50): Illuminate\\Pipeline\\Pipeline->Illuminate\\Pipeline\\{closure}(Object(Illuminate\\Http\\Request))
#16 C:\\xampp\\htdocs\\secprog\\SecPro\\FrontEndSec\\vendor\\laravel\\framework\\src\\Illuminate\\Pipeline\\Pipeline.php(219): Illuminate\\Routing\\Middleware\\SubstituteBindings->handle(Object(Illuminate\\Http\\Request), Object(Closure))
#17 C:\\xampp\\htdocs\\secprog\\SecPro\\FrontEndSec\\vendor\\laravel\\framework\\src\\Illuminate\\Foundation\\Http\\Middleware\\VerifyCsrfToken.php(87): Illuminate\\Pipeline\\Pipeline->Illuminate\\Pipeline\\{closure}(Object(Illuminate\\Http\\Request))
#18 C:\\xampp\\htdocs\\secprog\\SecPro\\FrontEndSec\\vendor\\laravel\\framework\\src\\Illuminate\\Pipeline\\Pipeline.php(219): Illuminate\\Foundation\\Http\\Middleware\\VerifyCsrfToken->handle(Object(Illuminate\\Http\\Request), Object(Closure))
#19 C:\\xampp\\htdocs\\secprog\\SecPro\\FrontEndSec\\vendor\\laravel\\framework\\src\\Illuminate\\View\\Middleware\\ShareErrorsFromSession.php(48): Illuminate\\Pipeline\\Pipeline->Illuminate\\Pipeline\\{closure}(Object(Illuminate\\Http\\Request))
#20 C:\\xampp\\htdocs\\secprog\\SecPro\\FrontEndSec\\vendor\\laravel\\framework\\src\\Illuminate\\Pipeline\\Pipeline.php(219): Illuminate\\View\\Middleware\\ShareErrorsFromSession->handle(Object(Illuminate\\Http\\Request), Object(Closure))
#21 C:\\xampp\\htdocs\\secprog\\SecPro\\FrontEndSec\\vendor\\laravel\\framework\\src\\Illuminate\\Session\\Middleware\\StartSession.php(120): Illuminate\\Pipeline\\Pipeline->Illuminate\\Pipeline\\{closure}(Object(Illuminate\\Http\\Request))
#22 C:\\xampp\\htdocs\\secprog\\SecPro\\FrontEndSec\\vendor\\laravel\\framework\\src\\Illuminate\\Session\\Middleware\\StartSession.php(63): Illuminate\\Session\\Middleware\\StartSession->handleStatefulRequest(Object(Illuminate\\Http\\Request), Object(Illuminate\\Session\\Store), Object(Closure))
#23 C:\\xampp\\htdocs\\secprog\\SecPro\\FrontEndSec\\vendor\\laravel\\framework\\src\\Illuminate\\Pipeline\\Pipeline.php(219): Illuminate\\Session\\Middleware\\StartSession->handle(Object(Illuminate\\Http\\Request), Object(Closure))
#24 C:\\xampp\\htdocs\\secprog\\SecPro\\FrontEndSec\\vendor\\laravel\\framework\\src\\Illuminate\\Cookie\\Middleware\\AddQueuedCookiesToResponse.php(36): Illuminate\\Pipeline\\Pipeline->Illuminate\\Pipeline\\{closure}(Object(Illuminate\\Http\\Request))
#25 C:\\xampp\\htdocs\\secprog\\SecPro\\FrontEndSec\\vendor\\laravel\\framework\\src\\Illuminate\\Pipeline\\Pipeline.php(219): Illuminate\\Cookie\\Middleware\\AddQueuedCookiesToResponse->handle(Object(Illuminate\\Http\\Request), Object(Closure))
#26 C:\\xampp\\htdocs\\secprog\\SecPro\\FrontEndSec\\vendor\\laravel\\framework\\src\\Illuminate\\Cookie\\Middleware\\EncryptCookies.php(74): Illuminate\\Pipeline\\Pipeline->Illuminate\\Pipeline\\{closure}(Object(Illuminate\\Http\\Request))
#27 C:\\xampp\\htdocs\\secprog\\SecPro\\FrontEndSec\\vendor\\laravel\\framework\\src\\Illuminate\\Pipeline\\Pipeline.php(219): Illuminate\\Cookie\\Middleware\\EncryptCookies->handle(Object(Illuminate\\Http\\Request), Object(Closure))
#28 C:\\xampp\\htdocs\\secprog\\SecPro\\FrontEndSec\\vendor\\laravel\\framework\\src\\Illuminate\\Pipeline\\Pipeline.php(137): Illuminate\\Pipeline\\Pipeline->Illuminate\\Pipeline\\{closure}(Object(Illuminate\\Http\\Request))
#29 C:\\xampp\\htdocs\\secprog\\SecPro\\FrontEndSec\\vendor\\laravel\\framework\\src\\Illuminate\\Routing\\Router.php(821): Illuminate\\Pipeline\\Pipeline->then(Object(Closure))
#30 C:\\xampp\\htdocs\\secprog\\SecPro\\FrontEndSec\\vendor\\laravel\\framework\\src\\Illuminate\\Routing\\Router.php(800): Illuminate\\Routing\\Router->runRouteWithinStack(Object(Illuminate\\Routing\\Route), Object(Illuminate\\Http\\Request))
#31 C:\\xampp\\htdocs\\secprog\\SecPro\\FrontEndSec\\vendor\\laravel\\framework\\src\\Illuminate\\Routing\\Router.php(764): Illuminate\\Routing\\Router->runRoute(Object(Illuminate\\Http\\Request), Object(Illuminate\\Routing\\Route))
#32 C:\\xampp\\htdocs\\secprog\\SecPro\\FrontEndSec\\vendor\\laravel\\framework\\src\\Illuminate\\Routing\\Router.php(753): Illuminate\\Routing\\Router->dispatchToRoute(Object(Illuminate\\Http\\Request))
#33 C:\\xampp\\htdocs\\secprog\\SecPro\\FrontEndSec\\vendor\\laravel\\framework\\src\\Illuminate\\Foundation\\Http\\Kernel.php(200): Illuminate\\Routing\\Router->dispatch(Object(Illuminate\\Http\\Request))
#34 C:\\xampp\\htdocs\\secprog\\SecPro\\FrontEndSec\\vendor\\laravel\\framework\\src\\Illuminate\\Pipeline\\Pipeline.php(180): Illuminate\\Foundation\\Http\\Kernel->Illuminate\\Foundation\\Http\\{closure}(Object(Illuminate\\Http\\Request))
#35 C:\\xampp\\htdocs\\secprog\\SecPro\\FrontEndSec\\vendor\\laravel\\framework\\src\\Illuminate\\Foundation\\Http\\Middleware\\TransformsRequest.php(21): Illuminate\\Pipeline\\Pipeline->Illuminate\\Pipeline\\{closure}(Object(Illuminate\\Http\\Request))
#36 C:\\xampp\\htdocs\\secprog\\SecPro\\FrontEndSec\\vendor\\laravel\\framework\\src\\Illuminate\\Foundation\\Http\\Middleware\\ConvertEmptyStringsToNull.php(31): Illuminate\\Foundation\\Http\\Middleware\\TransformsRequest->handle(Object(Illuminate\\Http\\Request), Object(Closure))
#37 C:\\xampp\\htdocs\\secprog\\SecPro\\FrontEndSec\\vendor\\laravel\\framework\\src\\Illuminate\\Pipeline\\Pipeline.php(219): Illuminate\\Foundation\\Http\\Middleware\\ConvertEmptyStringsToNull->handle(Object(Illuminate\\Http\\Request), Object(Closure))
#38 C:\\xampp\\htdocs\\secprog\\SecPro\\FrontEndSec\\vendor\\laravel\\framework\\src\\Illuminate\\Foundation\\Http\\Middleware\\TransformsRequest.php(21): Illuminate\\Pipeline\\Pipeline->Illuminate\\Pipeline\\{closure}(Object(Illuminate\\Http\\Request))
#39 C:\\xampp\\htdocs\\secprog\\SecPro\\FrontEndSec\\vendor\\laravel\\framework\\src\\Illuminate\\Foundation\\Http\\Middleware\\TrimStrings.php(51): Illuminate\\Foundation\\Http\\Middleware\\TransformsRequest->handle(Object(Illuminate\\Http\\Request), Object(Closure))
#40 C:\\xampp\\htdocs\\secprog\\SecPro\\FrontEndSec\\vendor\\laravel\\framework\\src\\Illuminate\\Pipeline\\Pipeline.php(219): Illuminate\\Foundation\\Http\\Middleware\\TrimStrings->handle(Object(Illuminate\\Http\\Request), Object(Closure))
#41 C:\\xampp\\htdocs\\secprog\\SecPro\\FrontEndSec\\vendor\\laravel\\framework\\src\\Illuminate\\Http\\Middleware\\ValidatePostSize.php(27): Illuminate\\Pipeline\\Pipeline->Illuminate\\Pipeline\\{closure}(Object(Illuminate\\Http\\Request))
#42 C:\\xampp\\htdocs\\secprog\\SecPro\\FrontEndSec\\vendor\\laravel\\framework\\src\\Illuminate\\Pipeline\\Pipeline.php(219): Illuminate\\Http\\Middleware\\ValidatePostSize->handle(Object(Illuminate\\Http\\Request), Object(Closure))
#43 C:\\xampp\\htdocs\\secprog\\SecPro\\FrontEndSec\\vendor\\laravel\\framework\\src\\Illuminate\\Foundation\\Http\\Middleware\\PreventRequestsDuringMaintenance.php(109): Illuminate\\Pipeline\\Pipeline->Illuminate\\Pipeline\\{closure}(Object(Illuminate\\Http\\Request))
#44 C:\\xampp\\htdocs\\secprog\\SecPro\\FrontEndSec\\vendor\\laravel\\framework\\src\\Illuminate\\Pipeline\\Pipeline.php(219): Illuminate\\Foundation\\Http\\Middleware\\PreventRequestsDuringMaintenance->handle(Object(Illuminate\\Http\\Request), Object(Closure))
#45 C:\\xampp\\htdocs\\secprog\\SecPro\\FrontEndSec\\vendor\\laravel\\framework\\src\\Illuminate\\Http\\Middleware\\HandleCors.php(48): Illuminate\\Pipeline\\Pipeline->Illuminate\\Pipeline\\{closure}(Object(Illuminate\\Http\\Request))
#46 C:\\xampp\\htdocs\\secprog\\SecPro\\FrontEndSec\\vendor\\laravel\\framework\\src\\Illuminate\\Pipeline\\Pipeline.php(219): Illuminate\\Http\\Middleware\\HandleCors->handle(Object(Illuminate\\Http\\Request), Object(Closure))
#47 C:\\xampp\\htdocs\\secprog\\SecPro\\FrontEndSec\\vendor\\laravel\\framework\\src\\Illuminate\\Http\\Middleware\\TrustProxies.php(58): Illuminate\\Pipeline\\Pipeline->Illuminate\\Pipeline\\{closure}(Object(Illuminate\\Http\\Request))
#48 C:\\xampp\\htdocs\\secprog\\SecPro\\FrontEndSec\\vendor\\laravel\\framework\\src\\Illuminate\\Pipeline\\Pipeline.php(219): Illuminate\\Http\\Middleware\\TrustProxies->handle(Object(Illuminate\\Http\\Request), Object(Closure))
#49 C:\\xampp\\htdocs\\secprog\\SecPro\\FrontEndSec\\vendor\\laravel\\framework\\src\\Illuminate\\Foundation\\Http\\Middleware\\InvokeDeferredCallbacks.php(22): Illuminate\\Pipeline\\Pipeline->Illuminate\\Pipeline\\{closure}(Object(Illuminate\\Http\\Request))
#50 C:\\xampp\\htdocs\\secprog\\SecPro\\FrontEndSec\\vendor\\laravel\\framework\\src\\Illuminate\\Pipeline\\Pipeline.php(219): Illuminate\\Foundation\\Http\\Middleware\\InvokeDeferredCallbacks->handle(Object(Illuminate\\Http\\Request), Object(Closure))
#51 C:\\xampp\\htdocs\\secprog\\SecPro\\FrontEndSec\\vendor\\laravel\\framework\\src\\Illuminate\\Http\\Middleware\\ValidatePathEncoding.php(26): Illuminate\\Pipeline\\Pipeline->Illuminate\\Pipeline\\{closure}(Object(Illuminate\\Http\\Request))
#52 C:\\xampp\\htdocs\\secprog\\SecPro\\FrontEndSec\\vendor\\laravel\\framework\\src\\Illuminate\\Pipeline\\Pipeline.php(219): Illuminate\\Http\\Middleware\\ValidatePathEncoding->handle(Object(Illuminate\\Http\\Request), Object(Closure))
#53 C:\\xampp\\htdocs\\secprog\\SecPro\\FrontEndSec\\vendor\\laravel\\framework\\src\\Illuminate\\Pipeline\\Pipeline.php(137): Illuminate\\Pipeline\\Pipeline->Illuminate\\Pipeline\\{closure}(Object(Illuminate\\Http\\Request))
#54 C:\\xampp\\htdocs\\secprog\\SecPro\\FrontEndSec\\vendor\\laravel\\framework\\src\\Illuminate\\Foundation\\Http\\Kernel.php(175): Illuminate\\Pipeline\\Pipeline->then(Object(Closure))
#55 C:\\xampp\\htdocs\\secprog\\SecPro\\FrontEndSec\\vendor\\laravel\\framework\\src\\Illuminate\\Foundation\\Http\\Kernel.php(144): Illuminate\\Foundation\\Http\\Kernel->sendRequestThroughRouter(Object(Illuminate\\Http\\Request))
#56 C:\\xampp\\htdocs\\secprog\\SecPro\\FrontEndSec\\vendor\\laravel\\framework\\src\\Illuminate\\Foundation\\Application.php(1220): Illuminate\\Foundation\\Http\\Kernel->handle(Object(Illuminate\\Http\\Request))
#57 C:\\xampp\\htdocs\\secprog\\SecPro\\FrontEndSec\\public\\index.php(20): Illuminate\\Foundation\\Application->handleRequest(Object(Illuminate\\Http\\Request))
#58 C:\\xampp\\htdocs\\secprog\\SecPro\\FrontEndSec\\vendor\\laravel\\framework\\src\\Illuminate\\Foundation\\resources\\server.php(23): require_once('C:\\\\xampp\\\\htdocs...')
#59 {main}
"} 
[2025-11-18 14:58:45] local.ERROR: Undefined variable $weeklyRecipes (View: C:\xampp\htdocs\secprog\SecPro\FrontEndSec\resources\views\mainPage.blade.php) {"exception":"[object] (Illuminate\\View\\ViewException(code: 0): Undefined variable $weeklyRecipes (View: C:\\xampp\\htdocs\\secprog\\SecPro\\FrontEndSec\\resources\\views\\mainPage.blade.php) at C:\\xampp\\htdocs\\secprog\\SecPro\\FrontEndSec\\storage\\framework\\views\\1f1e764261ce25fd6ab9770d03d6856e.php:142)
[stacktrace]
#0 C:\\xampp\\htdocs\\secprog\\SecPro\\FrontEndSec\\vendor\\laravel\\framework\\src\\Illuminate\\View\\Engines\\PhpEngine.php(59): Illuminate\\View\\Engines\\CompilerEngine->handleViewException(Object(ErrorException), 1)
#1 C:\\xampp\\htdocs\\secprog\\SecPro\\FrontEndSec\\vendor\\laravel\\framework\\src\\Illuminate\\View\\Engines\\CompilerEngine.php(76): Illuminate\\View\\Engines\\PhpEngine->evaluatePath('C:\\\\xampp\\\\htdocs...', Array)
#2 C:\\xampp\\htdocs\\secprog\\SecPro\\FrontEndSec\\vendor\\laravel\\framework\\src\\Illuminate\\View\\View.php(208): Illuminate\\View\\Engines\\CompilerEngine->get('C:\\\\xampp\\\\htdocs...', Array)
#3 C:\\xampp\\htdocs\\secprog\\SecPro\\FrontEndSec\\vendor\\laravel\\framework\\src\\Illuminate\\View\\View.php(191): Illuminate\\View\\View->getContents()
#4 C:\\xampp\\htdocs\\secprog\\SecPro\\FrontEndSec\\vendor\\laravel\\framework\\src\\Illuminate\\View\\View.php(160): Illuminate\\View\\View->renderContents()
#5 C:\\xampp\\htdocs\\secprog\\SecPro\\FrontEndSec\\vendor\\laravel\\framework\\src\\Illuminate\\Http\\Response.php(78): Illuminate\\View\\View->render()
#6 C:\\xampp\\htdocs\\secprog\\SecPro\\FrontEndSec\\vendor\\laravel\\framework\\src\\Illuminate\\Http\\Response.php(34): Illuminate\\Http\\Response->setContent(Object(Illuminate\\View\\View))
#7 C:\\xampp\\htdocs\\secprog\\SecPro\\FrontEndSec\\vendor\\laravel\\framework\\src\\Illuminate\\Routing\\Router.php(939): Illuminate\\Http\\Response->__construct(Object(Illuminate\\View\\View), 200, Array)
#8 C:\\xampp\\htdocs\\secprog\\SecPro\\FrontEndSec\\vendor\\laravel\\framework\\src\\Illuminate\\Routing\\Router.php(906): Illuminate\\Routing\\Router::toResponse(Object(Illuminate\\Http\\Request), Object(Illuminate\\View\\View))
#9 C:\\xampp\\htdocs\\secprog\\SecPro\\FrontEndSec\\vendor\\laravel\\framework\\src\\Illuminate\\Routing\\Router.php(821): Illuminate\\Routing\\Router->prepareResponse(Object(Illuminate\\Http\\Request), Object(Illuminate\\View\\View))
#10 C:\\xampp\\htdocs\\secprog\\SecPro\\FrontEndSec\\vendor\\laravel\\framework\\src\\Illuminate\\Pipeline\\Pipeline.php(180): Illuminate\\Routing\\Router->Illuminate\\Routing\\{closure}(Object(Illuminate\\Http\\Request))
#11 C:\\xampp\\htdocs\\secprog\\SecPro\\FrontEndSec\\vendor\\laravel\\framework\\src\\Illuminate\\Routing\\Middleware\\SubstituteBindings.php(50): Illuminate\\Pipeline\\Pipeline->Illuminate\\Pipeline\\{closure}(Object(Illuminate\\Http\\Request))
#12 C:\\xampp\\htdocs\\secprog\\SecPro\\FrontEndSec\\vendor\\laravel\\framework\\src\\Illuminate\\Pipeline\\Pipeline.php(219): Illuminate\\Routing\\Middleware\\SubstituteBindings->handle(Object(Illuminate\\Http\\Request), Object(Closure))
#13 C:\\xampp\\htdocs\\secprog\\SecPro\\FrontEndSec\\vendor\\laravel\\framework\\src\\Illuminate\\Foundation\\Http\\Middleware\\VerifyCsrfToken.php(87): Illuminate\\Pipeline\\Pipeline->Illuminate\\Pipeline\\{closure}(Object(Illuminate\\Http\\Request))
#14 C:\\xampp\\htdocs\\secprog\\SecPro\\FrontEndSec\\vendor\\laravel\\framework\\src\\Illuminate\\Pipeline\\Pipeline.php(219): Illuminate\\Foundation\\Http\\Middleware\\VerifyCsrfToken->handle(Object(Illuminate\\Http\\Request), Object(Closure))
#15 C:\\xampp\\htdocs\\secprog\\SecPro\\FrontEndSec\\vendor\\laravel\\framework\\src\\Illuminate\\View\\Middleware\\ShareErrorsFromSession.php(48): Illuminate\\Pipeline\\Pipeline->Illuminate\\Pipeline\\{closure}(Object(Illuminate\\Http\\Request))
#16 C:\\xampp\\htdocs\\secprog\\SecPro\\FrontEndSec\\vendor\\laravel\\framework\\src\\Illuminate\\Pipeline\\Pipeline.php(219): Illuminate\\View\\Middleware\\ShareErrorsFromSession->handle(Object(Illuminate\\Http\\Request), Object(Closure))
#17 C:\\xampp\\htdocs\\secprog\\SecPro\\FrontEndSec\\vendor\\laravel\\framework\\src\\Illuminate\\Session\\Middleware\\StartSession.php(120): Illuminate\\Pipeline\\Pipeline->Illuminate\\Pipeline\\{closure}(Object(Illuminate\\Http\\Request))
#18 C:\\xampp\\htdocs\\secprog\\SecPro\\FrontEndSec\\vendor\\laravel\\framework\\src\\Illuminate\\Session\\Middleware\\StartSession.php(63): Illuminate\\Session\\Middleware\\StartSession->handleStatefulRequest(Object(Illuminate\\Http\\Request), Object(Illuminate\\Session\\Store), Object(Closure))
#19 C:\\xampp\\htdocs\\secprog\\SecPro\\FrontEndSec\\vendor\\laravel\\framework\\src\\Illuminate\\Pipeline\\Pipeline.php(219): Illuminate\\Session\\Middleware\\StartSession->handle(Object(Illuminate\\Http\\Request), Object(Closure))
#20 C:\\xampp\\htdocs\\secprog\\SecPro\\FrontEndSec\\vendor\\laravel\\framework\\src\\Illuminate\\Cookie\\Middleware\\AddQueuedCookiesToResponse.php(36): Illuminate\\Pipeline\\Pipeline->Illuminate\\Pipeline\\{closure}(Object(Illuminate\\Http\\Request))
#21 C:\\xampp\\htdocs\\secprog\\SecPro\\FrontEndSec\\vendor\\laravel\\framework\\src\\Illuminate\\Pipeline\\Pipeline.php(219): Illuminate\\Cookie\\Middleware\\AddQueuedCookiesToResponse->handle(Object(Illuminate\\Http\\Request), Object(Closure))
#22 C:\\xampp\\htdocs\\secprog\\SecPro\\FrontEndSec\\vendor\\laravel\\framework\\src\\Illuminate\\Cookie\\Middleware\\EncryptCookies.php(74): Illuminate\\Pipeline\\Pipeline->Illuminate\\Pipeline\\{closure}(Object(Illuminate\\Http\\Request))
#23 C:\\xampp\\htdocs\\secprog\\SecPro\\FrontEndSec\\vendor\\laravel\\framework\\src\\Illuminate\\Pipeline\\Pipeline.php(219): Illuminate\\Cookie\\Middleware\\EncryptCookies->handle(Object(Illuminate\\Http\\Request), Object(Closure))
#24 C:\\xampp\\htdocs\\secprog\\SecPro\\FrontEndSec\\vendor\\laravel\\framework\\src\\Illuminate\\Pipeline\\Pipeline.php(137): Illuminate\\Pipeline\\Pipeline->Illuminate\\Pipeline\\{closure}(Object(Illuminate\\Http\\Request))
#25 C:\\xampp\\htdocs\\secprog\\SecPro\\FrontEndSec\\vendor\\laravel\\framework\\src\\Illuminate\\Routing\\Router.php(821): Illuminate\\Pipeline\\Pipeline->then(Object(Closure))
#26 C:\\xampp\\htdocs\\secprog\\SecPro\\FrontEndSec\\vendor\\laravel\\framework\\src\\Illuminate\\Routing\\Router.php(800): Illuminate\\Routing\\Router->runRouteWithinStack(Object(Illuminate\\Routing\\Route), Object(Illuminate\\Http\\Request))
#27 C:\\xampp\\htdocs\\secprog\\SecPro\\FrontEndSec\\vendor\\laravel\\framework\\src\\Illuminate\\Routing\\Router.php(764): Illuminate\\Routing\\Router->runRoute(Object(Illuminate\\Http\\Request), Object(Illuminate\\Routing\\Route))
#28 C:\\xampp\\htdocs\\secprog\\SecPro\\FrontEndSec\\vendor\\laravel\\framework\\src\\Illuminate\\Routing\\Router.php(753): Illuminate\\Routing\\Router->dispatchToRoute(Object(Illuminate\\Http\\Request))
#29 C:\\xampp\\htdocs\\secprog\\SecPro\\FrontEndSec\\vendor\\laravel\\framework\\src\\Illuminate\\Foundation\\Http\\Kernel.php(200): Illuminate\\Routing\\Router->dispatch(Object(Illuminate\\Http\\Request))
#30 C:\\xampp\\htdocs\\secprog\\SecPro\\FrontEndSec\\vendor\\laravel\\framework\\src\\Illuminate\\Pipeline\\Pipeline.php(180): Illuminate\\Foundation\\Http\\Kernel->Illuminate\\Foundation\\Http\\{closure}(Object(Illuminate\\Http\\Request))
#31 C:\\xampp\\htdocs\\secprog\\SecPro\\FrontEndSec\\vendor\\laravel\\framework\\src\\Illuminate\\Foundation\\Http\\Middleware\\TransformsRequest.php(21): Illuminate\\Pipeline\\Pipeline->Illuminate\\Pipeline\\{closure}(Object(Illuminate\\Http\\Request))
#32 C:\\xampp\\htdocs\\secprog\\SecPro\\FrontEndSec\\vendor\\laravel\\framework\\src\\Illuminate\\Foundation\\Http\\Middleware\\ConvertEmptyStringsToNull.php(31): Illuminate\\Foundation\\Http\\Middleware\\TransformsRequest->handle(Object(Illuminate\\Http\\Request), Object(Closure))
#33 C:\\xampp\\htdocs\\secprog\\SecPro\\FrontEndSec\\vendor\\laravel\\framework\\src\\Illuminate\\Pipeline\\Pipeline.php(219): Illuminate\\Foundation\\Http\\Middleware\\ConvertEmptyStringsToNull->handle(Object(Illuminate\\Http\\Request), Object(Closure))
#34 C:\\xampp\\htdocs\\secprog\\SecPro\\FrontEndSec\\vendor\\laravel\\framework\\src\\Illuminate\\Foundation\\Http\\Middleware\\TransformsRequest.php(21): Illuminate\\Pipeline\\Pipeline->Illuminate\\Pipeline\\{closure}(Object(Illuminate\\Http\\Request))
#35 C:\\xampp\\htdocs\\secprog\\SecPro\\FrontEndSec\\vendor\\laravel\\framework\\src\\Illuminate\\Foundation\\Http\\Middleware\\TrimStrings.php(51): Illuminate\\Foundation\\Http\\Middleware\\TransformsRequest->handle(Object(Illuminate\\Http\\Request), Object(Closure))
#36 C:\\xampp\\htdocs\\secprog\\SecPro\\FrontEndSec\\vendor\\laravel\\framework\\src\\Illuminate\\Pipeline\\Pipeline.php(219): Illuminate\\Foundation\\Http\\Middleware\\TrimStrings->handle(Object(Illuminate\\Http\\Request), Object(Closure))
#37 C:\\xampp\\htdocs\\secprog\\SecPro\\FrontEndSec\\vendor\\laravel\\framework\\src\\Illuminate\\Http\\Middleware\\ValidatePostSize.php(27): Illuminate\\Pipeline\\Pipeline->Illuminate\\Pipeline\\{closure}(Object(Illuminate\\Http\\Request))
#38 C:\\xampp\\htdocs\\secprog\\SecPro\\FrontEndSec\\vendor\\laravel\\framework\\src\\Illuminate\\Pipeline\\Pipeline.php(219): Illuminate\\Http\\Middleware\\ValidatePostSize->handle(Object(Illuminate\\Http\\Request), Object(Closure))
#39 C:\\xampp\\htdocs\\secprog\\SecPro\\FrontEndSec\\vendor\\laravel\\framework\\src\\Illuminate\\Foundation\\Http\\Middleware\\PreventRequestsDuringMaintenance.php(109): Illuminate\\Pipeline\\Pipeline->Illuminate\\Pipeline\\{closure}(Object(Illuminate\\Http\\Request))
#40 C:\\xampp\\htdocs\\secprog\\SecPro\\FrontEndSec\\vendor\\laravel\\framework\\src\\Illuminate\\Pipeline\\Pipeline.php(219): Illuminate\\Foundation\\Http\\Middleware\\PreventRequestsDuringMaintenance->handle(Object(Illuminate\\Http\\Request), Object(Closure))
#41 C:\\xampp\\htdocs\\secprog\\SecPro\\FrontEndSec\\vendor\\laravel\\framework\\src\\Illuminate\\Http\\Middleware\\HandleCors.php(48): Illuminate\\Pipeline\\Pipeline->Illuminate\\Pipeline\\{closure}(Object(Illuminate\\Http\\Request))
#42 C:\\xampp\\htdocs\\secprog\\SecPro\\FrontEndSec\\vendor\\laravel\\framework\\src\\Illuminate\\Pipeline\\Pipeline.php(219): Illuminate\\Http\\Middleware\\HandleCors->handle(Object(Illuminate\\Http\\Request), Object(Closure))
#43 C:\\xampp\\htdocs\\secprog\\SecPro\\FrontEndSec\\vendor\\laravel\\framework\\src\\Illuminate\\Http\\Middleware\\TrustProxies.php(58): Illuminate\\Pipeline\\Pipeline->Illuminate\\Pipeline\\{closure}(Object(Illuminate\\Http\\Request))
#44 C:\\xampp\\htdocs\\secprog\\SecPro\\FrontEndSec\\vendor\\laravel\\framework\\src\\Illuminate\\Pipeline\\Pipeline.php(219): Illuminate\\Http\\Middleware\\TrustProxies->handle(Object(Illuminate\\Http\\Request), Object(Closure))
#45 C:\\xampp\\htdocs\\secprog\\SecPro\\FrontEndSec\\vendor\\laravel\\framework\\src\\Illuminate\\Foundation\\Http\\Middleware\\InvokeDeferredCallbacks.php(22): Illuminate\\Pipeline\\Pipeline->Illuminate\\Pipeline\\{closure}(Object(Illuminate\\Http\\Request))
#46 C:\\xampp\\htdocs\\secprog\\SecPro\\FrontEndSec\\vendor\\laravel\\framework\\src\\Illuminate\\Pipeline\\Pipeline.php(219): Illuminate\\Foundation\\Http\\Middleware\\InvokeDeferredCallbacks->handle(Object(Illuminate\\Http\\Request), Object(Closure))
#47 C:\\xampp\\htdocs\\secprog\\SecPro\\FrontEndSec\\vendor\\laravel\\framework\\src\\Illuminate\\Http\\Middleware\\ValidatePathEncoding.php(26): Illuminate\\Pipeline\\Pipeline->Illuminate\\Pipeline\\{closure}(Object(Illuminate\\Http\\Request))
#48 C:\\xampp\\htdocs\\secprog\\SecPro\\FrontEndSec\\vendor\\laravel\\framework\\src\\Illuminate\\Pipeline\\Pipeline.php(219): Illuminate\\Http\\Middleware\\ValidatePathEncoding->handle(Object(Illuminate\\Http\\Request), Object(Closure))
#49 C:\\xampp\\htdocs\\secprog\\SecPro\\FrontEndSec\\vendor\\laravel\\framework\\src\\Illuminate\\Pipeline\\Pipeline.php(137): Illuminate\\Pipeline\\Pipeline->Illuminate\\Pipeline\\{closure}(Object(Illuminate\\Http\\Request))
#50 C:\\xampp\\htdocs\\secprog\\SecPro\\FrontEndSec\\vendor\\laravel\\framework\\src\\Illuminate\\Foundation\\Http\\Kernel.php(175): Illuminate\\Pipeline\\Pipeline->then(Object(Closure))
#51 C:\\xampp\\htdocs\\secprog\\SecPro\\FrontEndSec\\vendor\\laravel\\framework\\src\\Illuminate\\Foundation\\Http\\Kernel.php(144): Illuminate\\Foundation\\Http\\Kernel->sendRequestThroughRouter(Object(Illuminate\\Http\\Request))
#52 C:\\xampp\\htdocs\\secprog\\SecPro\\FrontEndSec\\vendor\\laravel\\framework\\src\\Illuminate\\Foundation\\Application.php(1220): Illuminate\\Foundation\\Http\\Kernel->handle(Object(Illuminate\\Http\\Request))
#53 C:\\xampp\\htdocs\\secprog\\SecPro\\FrontEndSec\\public\\index.php(20): Illuminate\\Foundation\\Application->handleRequest(Object(Illuminate\\Http\\Request))
#54 C:\\xampp\\htdocs\\secprog\\SecPro\\FrontEndSec\\vendor\\laravel\\framework\\src\\Illuminate\\Foundation\\resources\\server.php(23): require_once('C:\\\\xampp\\\\htdocs...')
#55 {main}

[previous exception] [object] (ErrorException(code: 0): Undefined variable $weeklyRecipes at C:\\xampp\\htdocs\\secprog\\SecPro\\FrontEndSec\\storage\\framework\\views\\1f1e764261ce25fd6ab9770d03d6856e.php:142)
[stacktrace]
#0 C:\\xampp\\htdocs\\secprog\\SecPro\\FrontEndSec\\vendor\\laravel\\framework\\src\\Illuminate\\Foundation\\Bootstrap\\HandleExceptions.php(258): Illuminate\\Foundation\\Bootstrap\\HandleExceptions->handleError(2, 'Undefined varia...', 'C:\\\\xampp\\\\htdocs...', 142)
#1 C:\\xampp\\htdocs\\secprog\\SecPro\\FrontEndSec\\storage\\framework\\views\\1f1e764261ce25fd6ab9770d03d6856e.php(142): Illuminate\\Foundation\\Bootstrap\\HandleExceptions->Illuminate\\Foundation\\Bootstrap\\{closure}(2, 'Undefined varia...', 'C:\\\\xampp\\\\htdocs...', 142)
#2 C:\\xampp\\htdocs\\secprog\\SecPro\\FrontEndSec\\vendor\\laravel\\framework\\src\\Illuminate\\Filesystem\\Filesystem.php(123): require('C:\\\\xampp\\\\htdocs...')
#3 C:\\xampp\\htdocs\\secprog\\SecPro\\FrontEndSec\\vendor\\laravel\\framework\\src\\Illuminate\\Filesystem\\Filesystem.php(124): Illuminate\\Filesystem\\Filesystem::Illuminate\\Filesystem\\{closure}()
#4 C:\\xampp\\htdocs\\secprog\\SecPro\\FrontEndSec\\vendor\\laravel\\framework\\src\\Illuminate\\View\\Engines\\PhpEngine.php(57): Illuminate\\Filesystem\\Filesystem->getRequire('C:\\\\xampp\\\\htdocs...', Array)
#5 C:\\xampp\\htdocs\\secprog\\SecPro\\FrontEndSec\\vendor\\laravel\\framework\\src\\Illuminate\\View\\Engines\\CompilerEngine.php(76): Illuminate\\View\\Engines\\PhpEngine->evaluatePath('C:\\\\xampp\\\\htdocs...', Array)
#6 C:\\xampp\\htdocs\\secprog\\SecPro\\FrontEndSec\\vendor\\laravel\\framework\\src\\Illuminate\\View\\View.php(208): Illuminate\\View\\Engines\\CompilerEngine->get('C:\\\\xampp\\\\htdocs...', Array)
#7 C:\\xampp\\htdocs\\secprog\\SecPro\\FrontEndSec\\vendor\\laravel\\framework\\src\\Illuminate\\View\\View.php(191): Illuminate\\View\\View->getContents()
#8 C:\\xampp\\htdocs\\secprog\\SecPro\\FrontEndSec\\vendor\\laravel\\framework\\src\\Illuminate\\View\\View.php(160): Illuminate\\View\\View->renderContents()
#9 C:\\xampp\\htdocs\\secprog\\SecPro\\FrontEndSec\\vendor\\laravel\\framework\\src\\Illuminate\\Http\\Response.php(78): Illuminate\\View\\View->render()
#10 C:\\xampp\\htdocs\\secprog\\SecPro\\FrontEndSec\\vendor\\laravel\\framework\\src\\Illuminate\\Http\\Response.php(34): Illuminate\\Http\\Response->setContent(Object(Illuminate\\View\\View))
#11 C:\\xampp\\htdocs\\secprog\\SecPro\\FrontEndSec\\vendor\\laravel\\framework\\src\\Illuminate\\Routing\\Router.php(939): Illuminate\\Http\\Response->__construct(Object(Illuminate\\View\\View), 200, Array)
#12 C:\\xampp\\htdocs\\secprog\\SecPro\\FrontEndSec\\vendor\\laravel\\framework\\src\\Illuminate\\Routing\\Router.php(906): Illuminate\\Routing\\Router::toResponse(Object(Illuminate\\Http\\Request), Object(Illuminate\\View\\View))
#13 C:\\xampp\\htdocs\\secprog\\SecPro\\FrontEndSec\\vendor\\laravel\\framework\\src\\Illuminate\\Routing\\Router.php(821): Illuminate\\Routing\\Router->prepareResponse(Object(Illuminate\\Http\\Request), Object(Illuminate\\View\\View))
#14 C:\\xampp\\htdocs\\secprog\\SecPro\\FrontEndSec\\vendor\\laravel\\framework\\src\\Illuminate\\Pipeline\\Pipeline.php(180): Illuminate\\Routing\\Router->Illuminate\\Routing\\{closure}(Object(Illuminate\\Http\\Request))
#15 C:\\xampp\\htdocs\\secprog\\SecPro\\FrontEndSec\\vendor\\laravel\\framework\\src\\Illuminate\\Routing\\Middleware\\SubstituteBindings.php(50): Illuminate\\Pipeline\\Pipeline->Illuminate\\Pipeline\\{closure}(Object(Illuminate\\Http\\Request))
#16 C:\\xampp\\htdocs\\secprog\\SecPro\\FrontEndSec\\vendor\\laravel\\framework\\src\\Illuminate\\Pipeline\\Pipeline.php(219): Illuminate\\Routing\\Middleware\\SubstituteBindings->handle(Object(Illuminate\\Http\\Request), Object(Closure))
#17 C:\\xampp\\htdocs\\secprog\\SecPro\\FrontEndSec\\vendor\\laravel\\framework\\src\\Illuminate\\Foundation\\Http\\Middleware\\VerifyCsrfToken.php(87): Illuminate\\Pipeline\\Pipeline->Illuminate\\Pipeline\\{closure}(Object(Illuminate\\Http\\Request))
#18 C:\\xampp\\htdocs\\secprog\\SecPro\\FrontEndSec\\vendor\\laravel\\framework\\src\\Illuminate\\Pipeline\\Pipeline.php(219): Illuminate\\Foundation\\Http\\Middleware\\VerifyCsrfToken->handle(Object(Illuminate\\Http\\Request), Object(Closure))
#19 C:\\xampp\\htdocs\\secprog\\SecPro\\FrontEndSec\\vendor\\laravel\\framework\\src\\Illuminate\\View\\Middleware\\ShareErrorsFromSession.php(48): Illuminate\\Pipeline\\Pipeline->Illuminate\\Pipeline\\{closure}(Object(Illuminate\\Http\\Request))
#20 C:\\xampp\\htdocs\\secprog\\SecPro\\FrontEndSec\\vendor\\laravel\\framework\\src\\Illuminate\\Pipeline\\Pipeline.php(219): Illuminate\\View\\Middleware\\ShareErrorsFromSession->handle(Object(Illuminate\\Http\\Request), Object(Closure))
#21 C:\\xampp\\htdocs\\secprog\\SecPro\\FrontEndSec\\vendor\\laravel\\framework\\src\\Illuminate\\Session\\Middleware\\StartSession.php(120): Illuminate\\Pipeline\\Pipeline->Illuminate\\Pipeline\\{closure}(Object(Illuminate\\Http\\Request))
#22 C:\\xampp\\htdocs\\secprog\\SecPro\\FrontEndSec\\vendor\\laravel\\framework\\src\\Illuminate\\Session\\Middleware\\StartSession.php(63): Illuminate\\Session\\Middleware\\StartSession->handleStatefulRequest(Object(Illuminate\\Http\\Request), Object(Illuminate\\Session\\Store), Object(Closure))
#23 C:\\xampp\\htdocs\\secprog\\SecPro\\FrontEndSec\\vendor\\laravel\\framework\\src\\Illuminate\\Pipeline\\Pipeline.php(219): Illuminate\\Session\\Middleware\\StartSession->handle(Object(Illuminate\\Http\\Request), Object(Closure))
#24 C:\\xampp\\htdocs\\secprog\\SecPro\\FrontEndSec\\vendor\\laravel\\framework\\src\\Illuminate\\Cookie\\Middleware\\AddQueuedCookiesToResponse.php(36): Illuminate\\Pipeline\\Pipeline->Illuminate\\Pipeline\\{closure}(Object(Illuminate\\Http\\Request))
#25 C:\\xampp\\htdocs\\secprog\\SecPro\\FrontEndSec\\vendor\\laravel\\framework\\src\\Illuminate\\Pipeline\\Pipeline.php(219): Illuminate\\Cookie\\Middleware\\AddQueuedCookiesToResponse->handle(Object(Illuminate\\Http\\Request), Object(Closure))
#26 C:\\xampp\\htdocs\\secprog\\SecPro\\FrontEndSec\\vendor\\laravel\\framework\\src\\Illuminate\\Cookie\\Middleware\\EncryptCookies.php(74): Illuminate\\Pipeline\\Pipeline->Illuminate\\Pipeline\\{closure}(Object(Illuminate\\Http\\Request))
#27 C:\\xampp\\htdocs\\secprog\\SecPro\\FrontEndSec\\vendor\\laravel\\framework\\src\\Illuminate\\Pipeline\\Pipeline.php(219): Illuminate\\Cookie\\Middleware\\EncryptCookies->handle(Object(Illuminate\\Http\\Request), Object(Closure))
#28 C:\\xampp\\htdocs\\secprog\\SecPro\\FrontEndSec\\vendor\\laravel\\framework\\src\\Illuminate\\Pipeline\\Pipeline.php(137): Illuminate\\Pipeline\\Pipeline->Illuminate\\Pipeline\\{closure}(Object(Illuminate\\Http\\Request))
#29 C:\\xampp\\htdocs\\secprog\\SecPro\\FrontEndSec\\vendor\\laravel\\framework\\src\\Illuminate\\Routing\\Router.php(821): Illuminate\\Pipeline\\Pipeline->then(Object(Closure))
#30 C:\\xampp\\htdocs\\secprog\\SecPro\\FrontEndSec\\vendor\\laravel\\framework\\src\\Illuminate\\Routing\\Router.php(800): Illuminate\\Routing\\Router->runRouteWithinStack(Object(Illuminate\\Routing\\Route), Object(Illuminate\\Http\\Request))
#31 C:\\xampp\\htdocs\\secprog\\SecPro\\FrontEndSec\\vendor\\laravel\\framework\\src\\Illuminate\\Routing\\Router.php(764): Illuminate\\Routing\\Router->runRoute(Object(Illuminate\\Http\\Request), Object(Illuminate\\Routing\\Route))
#32 C:\\xampp\\htdocs\\secprog\\SecPro\\FrontEndSec\\vendor\\laravel\\framework\\src\\Illuminate\\Routing\\Router.php(753): Illuminate\\Routing\\Router->dispatchToRoute(Object(Illuminate\\Http\\Request))
#33 C:\\xampp\\htdocs\\secprog\\SecPro\\FrontEndSec\\vendor\\laravel\\framework\\src\\Illuminate\\Foundation\\Http\\Kernel.php(200): Illuminate\\Routing\\Router->dispatch(Object(Illuminate\\Http\\Request))
#34 C:\\xampp\\htdocs\\secprog\\SecPro\\FrontEndSec\\vendor\\laravel\\framework\\src\\Illuminate\\Pipeline\\Pipeline.php(180): Illuminate\\Foundation\\Http\\Kernel->Illuminate\\Foundation\\Http\\{closure}(Object(Illuminate\\Http\\Request))
#35 C:\\xampp\\htdocs\\secprog\\SecPro\\FrontEndSec\\vendor\\laravel\\framework\\src\\Illuminate\\Foundation\\Http\\Middleware\\TransformsRequest.php(21): Illuminate\\Pipeline\\Pipeline->Illuminate\\Pipeline\\{closure}(Object(Illuminate\\Http\\Request))
#36 C:\\xampp\\htdocs\\secprog\\SecPro\\FrontEndSec\\vendor\\laravel\\framework\\src\\Illuminate\\Foundation\\Http\\Middleware\\ConvertEmptyStringsToNull.php(31): Illuminate\\Foundation\\Http\\Middleware\\TransformsRequest->handle(Object(Illuminate\\Http\\Request), Object(Closure))
#37 C:\\xampp\\htdocs\\secprog\\SecPro\\FrontEndSec\\vendor\\laravel\\framework\\src\\Illuminate\\Pipeline\\Pipeline.php(219): Illuminate\\Foundation\\Http\\Middleware\\ConvertEmptyStringsToNull->handle(Object(Illuminate\\Http\\Request), Object(Closure))
#38 C:\\xampp\\htdocs\\secprog\\SecPro\\FrontEndSec\\vendor\\laravel\\framework\\src\\Illuminate\\Foundation\\Http\\Middleware\\TransformsRequest.php(21): Illuminate\\Pipeline\\Pipeline->Illuminate\\Pipeline\\{closure}(Object(Illuminate\\Http\\Request))
#39 C:\\xampp\\htdocs\\secprog\\SecPro\\FrontEndSec\\vendor\\laravel\\framework\\src\\Illuminate\\Foundation\\Http\\Middleware\\TrimStrings.php(51): Illuminate\\Foundation\\Http\\Middleware\\TransformsRequest->handle(Object(Illuminate\\Http\\Request), Object(Closure))
#40 C:\\xampp\\htdocs\\secprog\\SecPro\\FrontEndSec\\vendor\\laravel\\framework\\src\\Illuminate\\Pipeline\\Pipeline.php(219): Illuminate\\Foundation\\Http\\Middleware\\TrimStrings->handle(Object(Illuminate\\Http\\Request), Object(Closure))
#41 C:\\xampp\\htdocs\\secprog\\SecPro\\FrontEndSec\\vendor\\laravel\\framework\\src\\Illuminate\\Http\\Middleware\\ValidatePostSize.php(27): Illuminate\\Pipeline\\Pipeline->Illuminate\\Pipeline\\{closure}(Object(Illuminate\\Http\\Request))
#42 C:\\xampp\\htdocs\\secprog\\SecPro\\FrontEndSec\\vendor\\laravel\\framework\\src\\Illuminate\\Pipeline\\Pipeline.php(219): Illuminate\\Http\\Middleware\\ValidatePostSize->handle(Object(Illuminate\\Http\\Request), Object(Closure))
#43 C:\\xampp\\htdocs\\secprog\\SecPro\\FrontEndSec\\vendor\\laravel\\framework\\src\\Illuminate\\Foundation\\Http\\Middleware\\PreventRequestsDuringMaintenance.php(109): Illuminate\\Pipeline\\Pipeline->Illuminate\\Pipeline\\{closure}(Object(Illuminate\\Http\\Request))
#44 C:\\xampp\\htdocs\\secprog\\SecPro\\FrontEndSec\\vendor\\laravel\\framework\\src\\Illuminate\\Pipeline\\Pipeline.php(219): Illuminate\\Foundation\\Http\\Middleware\\PreventRequestsDuringMaintenance->handle(Object(Illuminate\\Http\\Request), Object(Closure))
#45 C:\\xampp\\htdocs\\secprog\\SecPro\\FrontEndSec\\vendor\\laravel\\framework\\src\\Illuminate\\Http\\Middleware\\HandleCors.php(48): Illuminate\\Pipeline\\Pipeline->Illuminate\\Pipeline\\{closure}(Object(Illuminate\\Http\\Request))
#46 C:\\xampp\\htdocs\\secprog\\SecPro\\FrontEndSec\\vendor\\laravel\\framework\\src\\Illuminate\\Pipeline\\Pipeline.php(219): Illuminate\\Http\\Middleware\\HandleCors->handle(Object(Illuminate\\Http\\Request), Object(Closure))
#47 C:\\xampp\\htdocs\\secprog\\SecPro\\FrontEndSec\\vendor\\laravel\\framework\\src\\Illuminate\\Http\\Middleware\\TrustProxies.php(58): Illuminate\\Pipeline\\Pipeline->Illuminate\\Pipeline\\{closure}(Object(Illuminate\\Http\\Request))
#48 C:\\xampp\\htdocs\\secprog\\SecPro\\FrontEndSec\\vendor\\laravel\\framework\\src\\Illuminate\\Pipeline\\Pipeline.php(219): Illuminate\\Http\\Middleware\\TrustProxies->handle(Object(Illuminate\\Http\\Request), Object(Closure))
#49 C:\\xampp\\htdocs\\secprog\\SecPro\\FrontEndSec\\vendor\\laravel\\framework\\src\\Illuminate\\Foundation\\Http\\Middleware\\InvokeDeferredCallbacks.php(22): Illuminate\\Pipeline\\Pipeline->Illuminate\\Pipeline\\{closure}(Object(Illuminate\\Http\\Request))
#50 C:\\xampp\\htdocs\\secprog\\SecPro\\FrontEndSec\\vendor\\laravel\\framework\\src\\Illuminate\\Pipeline\\Pipeline.php(219): Illuminate\\Foundation\\Http\\Middleware\\InvokeDeferredCallbacks->handle(Object(Illuminate\\Http\\Request), Object(Closure))
#51 C:\\xampp\\htdocs\\secprog\\SecPro\\FrontEndSec\\vendor\\laravel\\framework\\src\\Illuminate\\Http\\Middleware\\ValidatePathEncoding.php(26): Illuminate\\Pipeline\\Pipeline->Illuminate\\Pipeline\\{closure}(Object(Illuminate\\Http\\Request))
#52 C:\\xampp\\htdocs\\secprog\\SecPro\\FrontEndSec\\vendor\\laravel\\framework\\src\\Illuminate\\Pipeline\\Pipeline.php(219): Illuminate\\Http\\Middleware\\ValidatePathEncoding->handle(Object(Illuminate\\Http\\Request), Object(Closure))
#53 C:\\xampp\\htdocs\\secprog\\SecPro\\FrontEndSec\\vendor\\laravel\\framework\\src\\Illuminate\\Pipeline\\Pipeline.php(137): Illuminate\\Pipeline\\Pipeline->Illuminate\\Pipeline\\{closure}(Object(Illuminate\\Http\\Request))
#54 C:\\xampp\\htdocs\\secprog\\SecPro\\FrontEndSec\\vendor\\laravel\\framework\\src\\Illuminate\\Foundation\\Http\\Kernel.php(175): Illuminate\\Pipeline\\Pipeline->then(Object(Closure))
#55 C:\\xampp\\htdocs\\secprog\\SecPro\\FrontEndSec\\vendor\\laravel\\framework\\src\\Illuminate\\Foundation\\Http\\Kernel.php(144): Illuminate\\Foundation\\Http\\Kernel->sendRequestThroughRouter(Object(Illuminate\\Http\\Request))
#56 C:\\xampp\\htdocs\\secprog\\SecPro\\FrontEndSec\\vendor\\laravel\\framework\\src\\Illuminate\\Foundation\\Application.php(1220): Illuminate\\Foundation\\Http\\Kernel->handle(Object(Illuminate\\Http\\Request))
#57 C:\\xampp\\htdocs\\secprog\\SecPro\\FrontEndSec\\public\\index.php(20): Illuminate\\Foundation\\Application->handleRequest(Object(Illuminate\\Http\\Request))
#58 C:\\xampp\\htdocs\\secprog\\SecPro\\FrontEndSec\\vendor\\laravel\\framework\\src\\Illuminate\\Foundation\\resources\\server.php(23): require_once('C:\\\\xampp\\\\htdocs...')
#59 {main}
"} 
[2025-11-18 15:31:13] local.ERROR: Undefined variable $weeklyRecipes (View: C:\xampp\htdocs\secprog\SecPro\FrontEndSec\resources\views\mainPage.blade.php) {"exception":"[object] (Illuminate\\View\\ViewException(code: 0): Undefined variable $weeklyRecipes (View: C:\\xampp\\htdocs\\secprog\\SecPro\\FrontEndSec\\resources\\views\\mainPage.blade.php) at C:\\xampp\\htdocs\\secprog\\SecPro\\FrontEndSec\\storage\\framework\\views\\1f1e764261ce25fd6ab9770d03d6856e.php:142)
[stacktrace]
#0 C:\\xampp\\htdocs\\secprog\\SecPro\\FrontEndSec\\vendor\\laravel\\framework\\src\\Illuminate\\View\\Engines\\PhpEngine.php(59): Illuminate\\View\\Engines\\CompilerEngine->handleViewException(Object(ErrorException), 1)
#1 C:\\xampp\\htdocs\\secprog\\SecPro\\FrontEndSec\\vendor\\laravel\\framework\\src\\Illuminate\\View\\Engines\\CompilerEngine.php(76): Illuminate\\View\\Engines\\PhpEngine->evaluatePath('C:\\\\xampp\\\\htdocs...', Array)
#2 C:\\xampp\\htdocs\\secprog\\SecPro\\FrontEndSec\\vendor\\laravel\\framework\\src\\Illuminate\\View\\View.php(208): Illuminate\\View\\Engines\\CompilerEngine->get('C:\\\\xampp\\\\htdocs...', Array)
#3 C:\\xampp\\htdocs\\secprog\\SecPro\\FrontEndSec\\vendor\\laravel\\framework\\src\\Illuminate\\View\\View.php(191): Illuminate\\View\\View->getContents()
#4 C:\\xampp\\htdocs\\secprog\\SecPro\\FrontEndSec\\vendor\\laravel\\framework\\src\\Illuminate\\View\\View.php(160): Illuminate\\View\\View->renderContents()
#5 C:\\xampp\\htdocs\\secprog\\SecPro\\FrontEndSec\\vendor\\laravel\\framework\\src\\Illuminate\\Http\\Response.php(78): Illuminate\\View\\View->render()
#6 C:\\xampp\\htdocs\\secprog\\SecPro\\FrontEndSec\\vendor\\laravel\\framework\\src\\Illuminate\\Http\\Response.php(34): Illuminate\\Http\\Response->setContent(Object(Illuminate\\View\\View))
#7 C:\\xampp\\htdocs\\secprog\\SecPro\\FrontEndSec\\vendor\\laravel\\framework\\src\\Illuminate\\Routing\\Router.php(939): Illuminate\\Http\\Response->__construct(Object(Illuminate\\View\\View), 200, Array)
#8 C:\\xampp\\htdocs\\secprog\\SecPro\\FrontEndSec\\vendor\\laravel\\framework\\src\\Illuminate\\Routing\\Router.php(906): Illuminate\\Routing\\Router::toResponse(Object(Illuminate\\Http\\Request), Object(Illuminate\\View\\View))
#9 C:\\xampp\\htdocs\\secprog\\SecPro\\FrontEndSec\\vendor\\laravel\\framework\\src\\Illuminate\\Routing\\Router.php(821): Illuminate\\Routing\\Router->prepareResponse(Object(Illuminate\\Http\\Request), Object(Illuminate\\View\\View))
#10 C:\\xampp\\htdocs\\secprog\\SecPro\\FrontEndSec\\vendor\\laravel\\framework\\src\\Illuminate\\Pipeline\\Pipeline.php(180): Illuminate\\Routing\\Router->Illuminate\\Routing\\{closure}(Object(Illuminate\\Http\\Request))
#11 C:\\xampp\\htdocs\\secprog\\SecPro\\FrontEndSec\\vendor\\laravel\\framework\\src\\Illuminate\\Routing\\Middleware\\SubstituteBindings.php(50): Illuminate\\Pipeline\\Pipeline->Illuminate\\Pipeline\\{closure}(Object(Illuminate\\Http\\Request))
#12 C:\\xampp\\htdocs\\secprog\\SecPro\\FrontEndSec\\vendor\\laravel\\framework\\src\\Illuminate\\Pipeline\\Pipeline.php(219): Illuminate\\Routing\\Middleware\\SubstituteBindings->handle(Object(Illuminate\\Http\\Request), Object(Closure))
#13 C:\\xampp\\htdocs\\secprog\\SecPro\\FrontEndSec\\vendor\\laravel\\framework\\src\\Illuminate\\Foundation\\Http\\Middleware\\VerifyCsrfToken.php(87): Illuminate\\Pipeline\\Pipeline->Illuminate\\Pipeline\\{closure}(Object(Illuminate\\Http\\Request))
#14 C:\\xampp\\htdocs\\secprog\\SecPro\\FrontEndSec\\vendor\\laravel\\framework\\src\\Illuminate\\Pipeline\\Pipeline.php(219): Illuminate\\Foundation\\Http\\Middleware\\VerifyCsrfToken->handle(Object(Illuminate\\Http\\Request), Object(Closure))
#15 C:\\xampp\\htdocs\\secprog\\SecPro\\FrontEndSec\\vendor\\laravel\\framework\\src\\Illuminate\\View\\Middleware\\ShareErrorsFromSession.php(48): Illuminate\\Pipeline\\Pipeline->Illuminate\\Pipeline\\{closure}(Object(Illuminate\\Http\\Request))
#16 C:\\xampp\\htdocs\\secprog\\SecPro\\FrontEndSec\\vendor\\laravel\\framework\\src\\Illuminate\\Pipeline\\Pipeline.php(219): Illuminate\\View\\Middleware\\ShareErrorsFromSession->handle(Object(Illuminate\\Http\\Request), Object(Closure))
#17 C:\\xampp\\htdocs\\secprog\\SecPro\\FrontEndSec\\vendor\\laravel\\framework\\src\\Illuminate\\Session\\Middleware\\StartSession.php(120): Illuminate\\Pipeline\\Pipeline->Illuminate\\Pipeline\\{closure}(Object(Illuminate\\Http\\Request))
#18 C:\\xampp\\htdocs\\secprog\\SecPro\\FrontEndSec\\vendor\\laravel\\framework\\src\\Illuminate\\Session\\Middleware\\StartSession.php(63): Illuminate\\Session\\Middleware\\StartSession->handleStatefulRequest(Object(Illuminate\\Http\\Request), Object(Illuminate\\Session\\Store), Object(Closure))
#19 C:\\xampp\\htdocs\\secprog\\SecPro\\FrontEndSec\\vendor\\laravel\\framework\\src\\Illuminate\\Pipeline\\Pipeline.php(219): Illuminate\\Session\\Middleware\\StartSession->handle(Object(Illuminate\\Http\\Request), Object(Closure))
#20 C:\\xampp\\htdocs\\secprog\\SecPro\\FrontEndSec\\vendor\\laravel\\framework\\src\\Illuminate\\Cookie\\Middleware\\AddQueuedCookiesToResponse.php(36): Illuminate\\Pipeline\\Pipeline->Illuminate\\Pipeline\\{closure}(Object(Illuminate\\Http\\Request))
#21 C:\\xampp\\htdocs\\secprog\\SecPro\\FrontEndSec\\vendor\\laravel\\framework\\src\\Illuminate\\Pipeline\\Pipeline.php(219): Illuminate\\Cookie\\Middleware\\AddQueuedCookiesToResponse->handle(Object(Illuminate\\Http\\Request), Object(Closure))
#22 C:\\xampp\\htdocs\\secprog\\SecPro\\FrontEndSec\\vendor\\laravel\\framework\\src\\Illuminate\\Cookie\\Middleware\\EncryptCookies.php(74): Illuminate\\Pipeline\\Pipeline->Illuminate\\Pipeline\\{closure}(Object(Illuminate\\Http\\Request))
#23 C:\\xampp\\htdocs\\secprog\\SecPro\\FrontEndSec\\vendor\\laravel\\framework\\src\\Illuminate\\Pipeline\\Pipeline.php(219): Illuminate\\Cookie\\Middleware\\EncryptCookies->handle(Object(Illuminate\\Http\\Request), Object(Closure))
#24 C:\\xampp\\htdocs\\secprog\\SecPro\\FrontEndSec\\vendor\\laravel\\framework\\src\\Illuminate\\Pipeline\\Pipeline.php(137): Illuminate\\Pipeline\\Pipeline->Illuminate\\Pipeline\\{closure}(Object(Illuminate\\Http\\Request))
#25 C:\\xampp\\htdocs\\secprog\\SecPro\\FrontEndSec\\vendor\\laravel\\framework\\src\\Illuminate\\Routing\\Router.php(821): Illuminate\\Pipeline\\Pipeline->then(Object(Closure))
#26 C:\\xampp\\htdocs\\secprog\\SecPro\\FrontEndSec\\vendor\\laravel\\framework\\src\\Illuminate\\Routing\\Router.php(800): Illuminate\\Routing\\Router->runRouteWithinStack(Object(Illuminate\\Routing\\Route), Object(Illuminate\\Http\\Request))
#27 C:\\xampp\\htdocs\\secprog\\SecPro\\FrontEndSec\\vendor\\laravel\\framework\\src\\Illuminate\\Routing\\Router.php(764): Illuminate\\Routing\\Router->runRoute(Object(Illuminate\\Http\\Request), Object(Illuminate\\Routing\\Route))
#28 C:\\xampp\\htdocs\\secprog\\SecPro\\FrontEndSec\\vendor\\laravel\\framework\\src\\Illuminate\\Routing\\Router.php(753): Illuminate\\Routing\\Router->dispatchToRoute(Object(Illuminate\\Http\\Request))
#29 C:\\xampp\\htdocs\\secprog\\SecPro\\FrontEndSec\\vendor\\laravel\\framework\\src\\Illuminate\\Foundation\\Http\\Kernel.php(200): Illuminate\\Routing\\Router->dispatch(Object(Illuminate\\Http\\Request))
#30 C:\\xampp\\htdocs\\secprog\\SecPro\\FrontEndSec\\vendor\\laravel\\framework\\src\\Illuminate\\Pipeline\\Pipeline.php(180): Illuminate\\Foundation\\Http\\Kernel->Illuminate\\Foundation\\Http\\{closure}(Object(Illuminate\\Http\\Request))
#31 C:\\xampp\\htdocs\\secprog\\SecPro\\FrontEndSec\\vendor\\laravel\\framework\\src\\Illuminate\\Foundation\\Http\\Middleware\\TransformsRequest.php(21): Illuminate\\Pipeline\\Pipeline->Illuminate\\Pipeline\\{closure}(Object(Illuminate\\Http\\Request))
#32 C:\\xampp\\htdocs\\secprog\\SecPro\\FrontEndSec\\vendor\\laravel\\framework\\src\\Illuminate\\Foundation\\Http\\Middleware\\ConvertEmptyStringsToNull.php(31): Illuminate\\Foundation\\Http\\Middleware\\TransformsRequest->handle(Object(Illuminate\\Http\\Request), Object(Closure))
#33 C:\\xampp\\htdocs\\secprog\\SecPro\\FrontEndSec\\vendor\\laravel\\framework\\src\\Illuminate\\Pipeline\\Pipeline.php(219): Illuminate\\Foundation\\Http\\Middleware\\ConvertEmptyStringsToNull->handle(Object(Illuminate\\Http\\Request), Object(Closure))
#34 C:\\xampp\\htdocs\\secprog\\SecPro\\FrontEndSec\\vendor\\laravel\\framework\\src\\Illuminate\\Foundation\\Http\\Middleware\\TransformsRequest.php(21): Illuminate\\Pipeline\\Pipeline->Illuminate\\Pipeline\\{closure}(Object(Illuminate\\Http\\Request))
#35 C:\\xampp\\htdocs\\secprog\\SecPro\\FrontEndSec\\vendor\\laravel\\framework\\src\\Illuminate\\Foundation\\Http\\Middleware\\TrimStrings.php(51): Illuminate\\Foundation\\Http\\Middleware\\TransformsRequest->handle(Object(Illuminate\\Http\\Request), Object(Closure))
#36 C:\\xampp\\htdocs\\secprog\\SecPro\\FrontEndSec\\vendor\\laravel\\framework\\src\\Illuminate\\Pipeline\\Pipeline.php(219): Illuminate\\Foundation\\Http\\Middleware\\TrimStrings->handle(Object(Illuminate\\Http\\Request), Object(Closure))
#37 C:\\xampp\\htdocs\\secprog\\SecPro\\FrontEndSec\\vendor\\laravel\\framework\\src\\Illuminate\\Http\\Middleware\\ValidatePostSize.php(27): Illuminate\\Pipeline\\Pipeline->Illuminate\\Pipeline\\{closure}(Object(Illuminate\\Http\\Request))
#38 C:\\xampp\\htdocs\\secprog\\SecPro\\FrontEndSec\\vendor\\laravel\\framework\\src\\Illuminate\\Pipeline\\Pipeline.php(219): Illuminate\\Http\\Middleware\\ValidatePostSize->handle(Object(Illuminate\\Http\\Request), Object(Closure))
#39 C:\\xampp\\htdocs\\secprog\\SecPro\\FrontEndSec\\vendor\\laravel\\framework\\src\\Illuminate\\Foundation\\Http\\Middleware\\PreventRequestsDuringMaintenance.php(109): Illuminate\\Pipeline\\Pipeline->Illuminate\\Pipeline\\{closure}(Object(Illuminate\\Http\\Request))
#40 C:\\xampp\\htdocs\\secprog\\SecPro\\FrontEndSec\\vendor\\laravel\\framework\\src\\Illuminate\\Pipeline\\Pipeline.php(219): Illuminate\\Foundation\\Http\\Middleware\\PreventRequestsDuringMaintenance->handle(Object(Illuminate\\Http\\Request), Object(Closure))
#41 C:\\xampp\\htdocs\\secprog\\SecPro\\FrontEndSec\\vendor\\laravel\\framework\\src\\Illuminate\\Http\\Middleware\\HandleCors.php(48): Illuminate\\Pipeline\\Pipeline->Illuminate\\Pipeline\\{closure}(Object(Illuminate\\Http\\Request))
#42 C:\\xampp\\htdocs\\secprog\\SecPro\\FrontEndSec\\vendor\\laravel\\framework\\src\\Illuminate\\Pipeline\\Pipeline.php(219): Illuminate\\Http\\Middleware\\HandleCors->handle(Object(Illuminate\\Http\\Request), Object(Closure))
#43 C:\\xampp\\htdocs\\secprog\\SecPro\\FrontEndSec\\vendor\\laravel\\framework\\src\\Illuminate\\Http\\Middleware\\TrustProxies.php(58): Illuminate\\Pipeline\\Pipeline->Illuminate\\Pipeline\\{closure}(Object(Illuminate\\Http\\Request))
#44 C:\\xampp\\htdocs\\secprog\\SecPro\\FrontEndSec\\vendor\\laravel\\framework\\src\\Illuminate\\Pipeline\\Pipeline.php(219): Illuminate\\Http\\Middleware\\TrustProxies->handle(Object(Illuminate\\Http\\Request), Object(Closure))
#45 C:\\xampp\\htdocs\\secprog\\SecPro\\FrontEndSec\\vendor\\laravel\\framework\\src\\Illuminate\\Foundation\\Http\\Middleware\\InvokeDeferredCallbacks.php(22): Illuminate\\Pipeline\\Pipeline->Illuminate\\Pipeline\\{closure}(Object(Illuminate\\Http\\Request))
#46 C:\\xampp\\htdocs\\secprog\\SecPro\\FrontEndSec\\vendor\\laravel\\framework\\src\\Illuminate\\Pipeline\\Pipeline.php(219): Illuminate\\Foundation\\Http\\Middleware\\InvokeDeferredCallbacks->handle(Object(Illuminate\\Http\\Request), Object(Closure))
#47 C:\\xampp\\htdocs\\secprog\\SecPro\\FrontEndSec\\vendor\\laravel\\framework\\src\\Illuminate\\Http\\Middleware\\ValidatePathEncoding.php(26): Illuminate\\Pipeline\\Pipeline->Illuminate\\Pipeline\\{closure}(Object(Illuminate\\Http\\Request))
#48 C:\\xampp\\htdocs\\secprog\\SecPro\\FrontEndSec\\vendor\\laravel\\framework\\src\\Illuminate\\Pipeline\\Pipeline.php(219): Illuminate\\Http\\Middleware\\ValidatePathEncoding->handle(Object(Illuminate\\Http\\Request), Object(Closure))
#49 C:\\xampp\\htdocs\\secprog\\SecPro\\FrontEndSec\\vendor\\laravel\\framework\\src\\Illuminate\\Pipeline\\Pipeline.php(137): Illuminate\\Pipeline\\Pipeline->Illuminate\\Pipeline\\{closure}(Object(Illuminate\\Http\\Request))
#50 C:\\xampp\\htdocs\\secprog\\SecPro\\FrontEndSec\\vendor\\laravel\\framework\\src\\Illuminate\\Foundation\\Http\\Kernel.php(175): Illuminate\\Pipeline\\Pipeline->then(Object(Closure))
#51 C:\\xampp\\htdocs\\secprog\\SecPro\\FrontEndSec\\vendor\\laravel\\framework\\src\\Illuminate\\Foundation\\Http\\Kernel.php(144): Illuminate\\Foundation\\Http\\Kernel->sendRequestThroughRouter(Object(Illuminate\\Http\\Request))
#52 C:\\xampp\\htdocs\\secprog\\SecPro\\FrontEndSec\\vendor\\laravel\\framework\\src\\Illuminate\\Foundation\\Application.php(1220): Illuminate\\Foundation\\Http\\Kernel->handle(Object(Illuminate\\Http\\Request))
#53 C:\\xampp\\htdocs\\secprog\\SecPro\\FrontEndSec\\public\\index.php(20): Illuminate\\Foundation\\Application->handleRequest(Object(Illuminate\\Http\\Request))
#54 C:\\xampp\\htdocs\\secprog\\SecPro\\FrontEndSec\\vendor\\laravel\\framework\\src\\Illuminate\\Foundation\\resources\\server.php(23): require_once('C:\\\\xampp\\\\htdocs...')
#55 {main}

[previous exception] [object] (ErrorException(code: 0): Undefined variable $weeklyRecipes at C:\\xampp\\htdocs\\secprog\\SecPro\\FrontEndSec\\storage\\framework\\views\\1f1e764261ce25fd6ab9770d03d6856e.php:142)
[stacktrace]
#0 C:\\xampp\\htdocs\\secprog\\SecPro\\FrontEndSec\\vendor\\laravel\\framework\\src\\Illuminate\\Foundation\\Bootstrap\\HandleExceptions.php(258): Illuminate\\Foundation\\Bootstrap\\HandleExceptions->handleError(2, 'Undefined varia...', 'C:\\\\xampp\\\\htdocs...', 142)
#1 C:\\xampp\\htdocs\\secprog\\SecPro\\FrontEndSec\\storage\\framework\\views\\1f1e764261ce25fd6ab9770d03d6856e.php(142): Illuminate\\Foundation\\Bootstrap\\HandleExceptions->Illuminate\\Foundation\\Bootstrap\\{closure}(2, 'Undefined varia...', 'C:\\\\xampp\\\\htdocs...', 142)
#2 C:\\xampp\\htdocs\\secprog\\SecPro\\FrontEndSec\\vendor\\laravel\\framework\\src\\Illuminate\\Filesystem\\Filesystem.php(123): require('C:\\\\xampp\\\\htdocs...')
#3 C:\\xampp\\htdocs\\secprog\\SecPro\\FrontEndSec\\vendor\\laravel\\framework\\src\\Illuminate\\Filesystem\\Filesystem.php(124): Illuminate\\Filesystem\\Filesystem::Illuminate\\Filesystem\\{closure}()
#4 C:\\xampp\\htdocs\\secprog\\SecPro\\FrontEndSec\\vendor\\laravel\\framework\\src\\Illuminate\\View\\Engines\\PhpEngine.php(57): Illuminate\\Filesystem\\Filesystem->getRequire('C:\\\\xampp\\\\htdocs...', Array)
#5 C:\\xampp\\htdocs\\secprog\\SecPro\\FrontEndSec\\vendor\\laravel\\framework\\src\\Illuminate\\View\\Engines\\CompilerEngine.php(76): Illuminate\\View\\Engines\\PhpEngine->evaluatePath('C:\\\\xampp\\\\htdocs...', Array)
#6 C:\\xampp\\htdocs\\secprog\\SecPro\\FrontEndSec\\vendor\\laravel\\framework\\src\\Illuminate\\View\\View.php(208): Illuminate\\View\\Engines\\CompilerEngine->get('C:\\\\xampp\\\\htdocs...', Array)
#7 C:\\xampp\\htdocs\\secprog\\SecPro\\FrontEndSec\\vendor\\laravel\\framework\\src\\Illuminate\\View\\View.php(191): Illuminate\\View\\View->getContents()
#8 C:\\xampp\\htdocs\\secprog\\SecPro\\FrontEndSec\\vendor\\laravel\\framework\\src\\Illuminate\\View\\View.php(160): Illuminate\\View\\View->renderContents()
#9 C:\\xampp\\htdocs\\secprog\\SecPro\\FrontEndSec\\vendor\\laravel\\framework\\src\\Illuminate\\Http\\Response.php(78): Illuminate\\View\\View->render()
#10 C:\\xampp\\htdocs\\secprog\\SecPro\\FrontEndSec\\vendor\\laravel\\framework\\src\\Illuminate\\Http\\Response.php(34): Illuminate\\Http\\Response->setContent(Object(Illuminate\\View\\View))
#11 C:\\xampp\\htdocs\\secprog\\SecPro\\FrontEndSec\\vendor\\laravel\\framework\\src\\Illuminate\\Routing\\Router.php(939): Illuminate\\Http\\Response->__construct(Object(Illuminate\\View\\View), 200, Array)
#12 C:\\xampp\\htdocs\\secprog\\SecPro\\FrontEndSec\\vendor\\laravel\\framework\\src\\Illuminate\\Routing\\Router.php(906): Illuminate\\Routing\\Router::toResponse(Object(Illuminate\\Http\\Request), Object(Illuminate\\View\\View))
#13 C:\\xampp\\htdocs\\secprog\\SecPro\\FrontEndSec\\vendor\\laravel\\framework\\src\\Illuminate\\Routing\\Router.php(821): Illuminate\\Routing\\Router->prepareResponse(Object(Illuminate\\Http\\Request), Object(Illuminate\\View\\View))
#14 C:\\xampp\\htdocs\\secprog\\SecPro\\FrontEndSec\\vendor\\laravel\\framework\\src\\Illuminate\\Pipeline\\Pipeline.php(180): Illuminate\\Routing\\Router->Illuminate\\Routing\\{closure}(Object(Illuminate\\Http\\Request))
#15 C:\\xampp\\htdocs\\secprog\\SecPro\\FrontEndSec\\vendor\\laravel\\framework\\src\\Illuminate\\Routing\\Middleware\\SubstituteBindings.php(50): Illuminate\\Pipeline\\Pipeline->Illuminate\\Pipeline\\{closure}(Object(Illuminate\\Http\\Request))
#16 C:\\xampp\\htdocs\\secprog\\SecPro\\FrontEndSec\\vendor\\laravel\\framework\\src\\Illuminate\\Pipeline\\Pipeline.php(219): Illuminate\\Routing\\Middleware\\SubstituteBindings->handle(Object(Illuminate\\Http\\Request), Object(Closure))
#17 C:\\xampp\\htdocs\\secprog\\SecPro\\FrontEndSec\\vendor\\laravel\\framework\\src\\Illuminate\\Foundation\\Http\\Middleware\\VerifyCsrfToken.php(87): Illuminate\\Pipeline\\Pipeline->Illuminate\\Pipeline\\{closure}(Object(Illuminate\\Http\\Request))
#18 C:\\xampp\\htdocs\\secprog\\SecPro\\FrontEndSec\\vendor\\laravel\\framework\\src\\Illuminate\\Pipeline\\Pipeline.php(219): Illuminate\\Foundation\\Http\\Middleware\\VerifyCsrfToken->handle(Object(Illuminate\\Http\\Request), Object(Closure))
#19 C:\\xampp\\htdocs\\secprog\\SecPro\\FrontEndSec\\vendor\\laravel\\framework\\src\\Illuminate\\View\\Middleware\\ShareErrorsFromSession.php(48): Illuminate\\Pipeline\\Pipeline->Illuminate\\Pipeline\\{closure}(Object(Illuminate\\Http\\Request))
#20 C:\\xampp\\htdocs\\secprog\\SecPro\\FrontEndSec\\vendor\\laravel\\framework\\src\\Illuminate\\Pipeline\\Pipeline.php(219): Illuminate\\View\\Middleware\\ShareErrorsFromSession->handle(Object(Illuminate\\Http\\Request), Object(Closure))
#21 C:\\xampp\\htdocs\\secprog\\SecPro\\FrontEndSec\\vendor\\laravel\\framework\\src\\Illuminate\\Session\\Middleware\\StartSession.php(120): Illuminate\\Pipeline\\Pipeline->Illuminate\\Pipeline\\{closure}(Object(Illuminate\\Http\\Request))
#22 C:\\xampp\\htdocs\\secprog\\SecPro\\FrontEndSec\\vendor\\laravel\\framework\\src\\Illuminate\\Session\\Middleware\\StartSession.php(63): Illuminate\\Session\\Middleware\\StartSession->handleStatefulRequest(Object(Illuminate\\Http\\Request), Object(Illuminate\\Session\\Store), Object(Closure))
#23 C:\\xampp\\htdocs\\secprog\\SecPro\\FrontEndSec\\vendor\\laravel\\framework\\src\\Illuminate\\Pipeline\\Pipeline.php(219): Illuminate\\Session\\Middleware\\StartSession->handle(Object(Illuminate\\Http\\Request), Object(Closure))
#24 C:\\xampp\\htdocs\\secprog\\SecPro\\FrontEndSec\\vendor\\laravel\\framework\\src\\Illuminate\\Cookie\\Middleware\\AddQueuedCookiesToResponse.php(36): Illuminate\\Pipeline\\Pipeline->Illuminate\\Pipeline\\{closure}(Object(Illuminate\\Http\\Request))
#25 C:\\xampp\\htdocs\\secprog\\SecPro\\FrontEndSec\\vendor\\laravel\\framework\\src\\Illuminate\\Pipeline\\Pipeline.php(219): Illuminate\\Cookie\\Middleware\\AddQueuedCookiesToResponse->handle(Object(Illuminate\\Http\\Request), Object(Closure))
#26 C:\\xampp\\htdocs\\secprog\\SecPro\\FrontEndSec\\vendor\\laravel\\framework\\src\\Illuminate\\Cookie\\Middleware\\EncryptCookies.php(74): Illuminate\\Pipeline\\Pipeline->Illuminate\\Pipeline\\{closure}(Object(Illuminate\\Http\\Request))
#27 C:\\xampp\\htdocs\\secprog\\SecPro\\FrontEndSec\\vendor\\laravel\\framework\\src\\Illuminate\\Pipeline\\Pipeline.php(219): Illuminate\\Cookie\\Middleware\\EncryptCookies->handle(Object(Illuminate\\Http\\Request), Object(Closure))
#28 C:\\xampp\\htdocs\\secprog\\SecPro\\FrontEndSec\\vendor\\laravel\\framework\\src\\Illuminate\\Pipeline\\Pipeline.php(137): Illuminate\\Pipeline\\Pipeline->Illuminate\\Pipeline\\{closure}(Object(Illuminate\\Http\\Request))
#29 C:\\xampp\\htdocs\\secprog\\SecPro\\FrontEndSec\\vendor\\laravel\\framework\\src\\Illuminate\\Routing\\Router.php(821): Illuminate\\Pipeline\\Pipeline->then(Object(Closure))
#30 C:\\xampp\\htdocs\\secprog\\SecPro\\FrontEndSec\\vendor\\laravel\\framework\\src\\Illuminate\\Routing\\Router.php(800): Illuminate\\Routing\\Router->runRouteWithinStack(Object(Illuminate\\Routing\\Route), Object(Illuminate\\Http\\Request))
#31 C:\\xampp\\htdocs\\secprog\\SecPro\\FrontEndSec\\vendor\\laravel\\framework\\src\\Illuminate\\Routing\\Router.php(764): Illuminate\\Routing\\Router->runRoute(Object(Illuminate\\Http\\Request), Object(Illuminate\\Routing\\Route))
#32 C:\\xampp\\htdocs\\secprog\\SecPro\\FrontEndSec\\vendor\\laravel\\framework\\src\\Illuminate\\Routing\\Router.php(753): Illuminate\\Routing\\Router->dispatchToRoute(Object(Illuminate\\Http\\Request))
#33 C:\\xampp\\htdocs\\secprog\\SecPro\\FrontEndSec\\vendor\\laravel\\framework\\src\\Illuminate\\Foundation\\Http\\Kernel.php(200): Illuminate\\Routing\\Router->dispatch(Object(Illuminate\\Http\\Request))
#34 C:\\xampp\\htdocs\\secprog\\SecPro\\FrontEndSec\\vendor\\laravel\\framework\\src\\Illuminate\\Pipeline\\Pipeline.php(180): Illuminate\\Foundation\\Http\\Kernel->Illuminate\\Foundation\\Http\\{closure}(Object(Illuminate\\Http\\Request))
#35 C:\\xampp\\htdocs\\secprog\\SecPro\\FrontEndSec\\vendor\\laravel\\framework\\src\\Illuminate\\Foundation\\Http\\Middleware\\TransformsRequest.php(21): Illuminate\\Pipeline\\Pipeline->Illuminate\\Pipeline\\{closure}(Object(Illuminate\\Http\\Request))
#36 C:\\xampp\\htdocs\\secprog\\SecPro\\FrontEndSec\\vendor\\laravel\\framework\\src\\Illuminate\\Foundation\\Http\\Middleware\\ConvertEmptyStringsToNull.php(31): Illuminate\\Foundation\\Http\\Middleware\\TransformsRequest->handle(Object(Illuminate\\Http\\Request), Object(Closure))
#37 C:\\xampp\\htdocs\\secprog\\SecPro\\FrontEndSec\\vendor\\laravel\\framework\\src\\Illuminate\\Pipeline\\Pipeline.php(219): Illuminate\\Foundation\\Http\\Middleware\\ConvertEmptyStringsToNull->handle(Object(Illuminate\\Http\\Request), Object(Closure))
#38 C:\\xampp\\htdocs\\secprog\\SecPro\\FrontEndSec\\vendor\\laravel\\framework\\src\\Illuminate\\Foundation\\Http\\Middleware\\TransformsRequest.php(21): Illuminate\\Pipeline\\Pipeline->Illuminate\\Pipeline\\{closure}(Object(Illuminate\\Http\\Request))
#39 C:\\xampp\\htdocs\\secprog\\SecPro\\FrontEndSec\\vendor\\laravel\\framework\\src\\Illuminate\\Foundation\\Http\\Middleware\\TrimStrings.php(51): Illuminate\\Foundation\\Http\\Middleware\\TransformsRequest->handle(Object(Illuminate\\Http\\Request), Object(Closure))
#40 C:\\xampp\\htdocs\\secprog\\SecPro\\FrontEndSec\\vendor\\laravel\\framework\\src\\Illuminate\\Pipeline\\Pipeline.php(219): Illuminate\\Foundation\\Http\\Middleware\\TrimStrings->handle(Object(Illuminate\\Http\\Request), Object(Closure))
#41 C:\\xampp\\htdocs\\secprog\\SecPro\\FrontEndSec\\vendor\\laravel\\framework\\src\\Illuminate\\Http\\Middleware\\ValidatePostSize.php(27): Illuminate\\Pipeline\\Pipeline->Illuminate\\Pipeline\\{closure}(Object(Illuminate\\Http\\Request))
#42 C:\\xampp\\htdocs\\secprog\\SecPro\\FrontEndSec\\vendor\\laravel\\framework\\src\\Illuminate\\Pipeline\\Pipeline.php(219): Illuminate\\Http\\Middleware\\ValidatePostSize->handle(Object(Illuminate\\Http\\Request), Object(Closure))
#43 C:\\xampp\\htdocs\\secprog\\SecPro\\FrontEndSec\\vendor\\laravel\\framework\\src\\Illuminate\\Foundation\\Http\\Middleware\\PreventRequestsDuringMaintenance.php(109): Illuminate\\Pipeline\\Pipeline->Illuminate\\Pipeline\\{closure}(Object(Illuminate\\Http\\Request))
#44 C:\\xampp\\htdocs\\secprog\\SecPro\\FrontEndSec\\vendor\\laravel\\framework\\src\\Illuminate\\Pipeline\\Pipeline.php(219): Illuminate\\Foundation\\Http\\Middleware\\PreventRequestsDuringMaintenance->handle(Object(Illuminate\\Http\\Request), Object(Closure))
#45 C:\\xampp\\htdocs\\secprog\\SecPro\\FrontEndSec\\vendor\\laravel\\framework\\src\\Illuminate\\Http\\Middleware\\HandleCors.php(48): Illuminate\\Pipeline\\Pipeline->Illuminate\\Pipeline\\{closure}(Object(Illuminate\\Http\\Request))
#46 C:\\xampp\\htdocs\\secprog\\SecPro\\FrontEndSec\\vendor\\laravel\\framework\\src\\Illuminate\\Pipeline\\Pipeline.php(219): Illuminate\\Http\\Middleware\\HandleCors->handle(Object(Illuminate\\Http\\Request), Object(Closure))
#47 C:\\xampp\\htdocs\\secprog\\SecPro\\FrontEndSec\\vendor\\laravel\\framework\\src\\Illuminate\\Http\\Middleware\\TrustProxies.php(58): Illuminate\\Pipeline\\Pipeline->Illuminate\\Pipeline\\{closure}(Object(Illuminate\\Http\\Request))
#48 C:\\xampp\\htdocs\\secprog\\SecPro\\FrontEndSec\\vendor\\laravel\\framework\\src\\Illuminate\\Pipeline\\Pipeline.php(219): Illuminate\\Http\\Middleware\\TrustProxies->handle(Object(Illuminate\\Http\\Request), Object(Closure))
#49 C:\\xampp\\htdocs\\secprog\\SecPro\\FrontEndSec\\vendor\\laravel\\framework\\src\\Illuminate\\Foundation\\Http\\Middleware\\InvokeDeferredCallbacks.php(22): Illuminate\\Pipeline\\Pipeline->Illuminate\\Pipeline\\{closure}(Object(Illuminate\\Http\\Request))
#50 C:\\xampp\\htdocs\\secprog\\SecPro\\FrontEndSec\\vendor\\laravel\\framework\\src\\Illuminate\\Pipeline\\Pipeline.php(219): Illuminate\\Foundation\\Http\\Middleware\\InvokeDeferredCallbacks->handle(Object(Illuminate\\Http\\Request), Object(Closure))
#51 C:\\xampp\\htdocs\\secprog\\SecPro\\FrontEndSec\\vendor\\laravel\\framework\\src\\Illuminate\\Http\\Middleware\\ValidatePathEncoding.php(26): Illuminate\\Pipeline\\Pipeline->Illuminate\\Pipeline\\{closure}(Object(Illuminate\\Http\\Request))
#52 C:\\xampp\\htdocs\\secprog\\SecPro\\FrontEndSec\\vendor\\laravel\\framework\\src\\Illuminate\\Pipeline\\Pipeline.php(219): Illuminate\\Http\\Middleware\\ValidatePathEncoding->handle(Object(Illuminate\\Http\\Request), Object(Closure))
#53 C:\\xampp\\htdocs\\secprog\\SecPro\\FrontEndSec\\vendor\\laravel\\framework\\src\\Illuminate\\Pipeline\\Pipeline.php(137): Illuminate\\Pipeline\\Pipeline->Illuminate\\Pipeline\\{closure}(Object(Illuminate\\Http\\Request))
#54 C:\\xampp\\htdocs\\secprog\\SecPro\\FrontEndSec\\vendor\\laravel\\framework\\src\\Illuminate\\Foundation\\Http\\Kernel.php(175): Illuminate\\Pipeline\\Pipeline->then(Object(Closure))
#55 C:\\xampp\\htdocs\\secprog\\SecPro\\FrontEndSec\\vendor\\laravel\\framework\\src\\Illuminate\\Foundation\\Http\\Kernel.php(144): Illuminate\\Foundation\\Http\\Kernel->sendRequestThroughRouter(Object(Illuminate\\Http\\Request))
#56 C:\\xampp\\htdocs\\secprog\\SecPro\\FrontEndSec\\vendor\\laravel\\framework\\src\\Illuminate\\Foundation\\Application.php(1220): Illuminate\\Foundation\\Http\\Kernel->handle(Object(Illuminate\\Http\\Request))
#57 C:\\xampp\\htdocs\\secprog\\SecPro\\FrontEndSec\\public\\index.php(20): Illuminate\\Foundation\\Application->handleRequest(Object(Illuminate\\Http\\Request))
#58 C:\\xampp\\htdocs\\secprog\\SecPro\\FrontEndSec\\vendor\\laravel\\framework\\src\\Illuminate\\Foundation\\resources\\server.php(23): require_once('C:\\\\xampp\\\\htdocs...')
#59 {main}
"} 
[2025-11-18 15:37:34] local.ERROR: Undefined variable $weeklyRecipes (View: C:\xampp\htdocs\secprog\SecPro\FrontEndSec\resources\views\mainPage.blade.php) {"exception":"[object] (Illuminate\\View\\ViewException(code: 0): Undefined variable $weeklyRecipes (View: C:\\xampp\\htdocs\\secprog\\SecPro\\FrontEndSec\\resources\\views\\mainPage.blade.php) at C:\\xampp\\htdocs\\secprog\\SecPro\\FrontEndSec\\storage\\framework\\views\\1f1e764261ce25fd6ab9770d03d6856e.php:142)
[stacktrace]
#0 C:\\xampp\\htdocs\\secprog\\SecPro\\FrontEndSec\\vendor\\laravel\\framework\\src\\Illuminate\\View\\Engines\\PhpEngine.php(59): Illuminate\\View\\Engines\\CompilerEngine->handleViewException(Object(ErrorException), 1)
#1 C:\\xampp\\htdocs\\secprog\\SecPro\\FrontEndSec\\vendor\\laravel\\framework\\src\\Illuminate\\View\\Engines\\CompilerEngine.php(76): Illuminate\\View\\Engines\\PhpEngine->evaluatePath('C:\\\\xampp\\\\htdocs...', Array)
#2 C:\\xampp\\htdocs\\secprog\\SecPro\\FrontEndSec\\vendor\\laravel\\framework\\src\\Illuminate\\View\\View.php(208): Illuminate\\View\\Engines\\CompilerEngine->get('C:\\\\xampp\\\\htdocs...', Array)
#3 C:\\xampp\\htdocs\\secprog\\SecPro\\FrontEndSec\\vendor\\laravel\\framework\\src\\Illuminate\\View\\View.php(191): Illuminate\\View\\View->getContents()
#4 C:\\xampp\\htdocs\\secprog\\SecPro\\FrontEndSec\\vendor\\laravel\\framework\\src\\Illuminate\\View\\View.php(160): Illuminate\\View\\View->renderContents()
#5 C:\\xampp\\htdocs\\secprog\\SecPro\\FrontEndSec\\vendor\\laravel\\framework\\src\\Illuminate\\Http\\Response.php(78): Illuminate\\View\\View->render()
#6 C:\\xampp\\htdocs\\secprog\\SecPro\\FrontEndSec\\vendor\\laravel\\framework\\src\\Illuminate\\Http\\Response.php(34): Illuminate\\Http\\Response->setContent(Object(Illuminate\\View\\View))
#7 C:\\xampp\\htdocs\\secprog\\SecPro\\FrontEndSec\\vendor\\laravel\\framework\\src\\Illuminate\\Routing\\Router.php(939): Illuminate\\Http\\Response->__construct(Object(Illuminate\\View\\View), 200, Array)
#8 C:\\xampp\\htdocs\\secprog\\SecPro\\FrontEndSec\\vendor\\laravel\\framework\\src\\Illuminate\\Routing\\Router.php(906): Illuminate\\Routing\\Router::toResponse(Object(Illuminate\\Http\\Request), Object(Illuminate\\View\\View))
#9 C:\\xampp\\htdocs\\secprog\\SecPro\\FrontEndSec\\vendor\\laravel\\framework\\src\\Illuminate\\Routing\\Router.php(821): Illuminate\\Routing\\Router->prepareResponse(Object(Illuminate\\Http\\Request), Object(Illuminate\\View\\View))
#10 C:\\xampp\\htdocs\\secprog\\SecPro\\FrontEndSec\\vendor\\laravel\\framework\\src\\Illuminate\\Pipeline\\Pipeline.php(180): Illuminate\\Routing\\Router->Illuminate\\Routing\\{closure}(Object(Illuminate\\Http\\Request))
#11 C:\\xampp\\htdocs\\secprog\\SecPro\\FrontEndSec\\vendor\\laravel\\framework\\src\\Illuminate\\Routing\\Middleware\\SubstituteBindings.php(50): Illuminate\\Pipeline\\Pipeline->Illuminate\\Pipeline\\{closure}(Object(Illuminate\\Http\\Request))
#12 C:\\xampp\\htdocs\\secprog\\SecPro\\FrontEndSec\\vendor\\laravel\\framework\\src\\Illuminate\\Pipeline\\Pipeline.php(219): Illuminate\\Routing\\Middleware\\SubstituteBindings->handle(Object(Illuminate\\Http\\Request), Object(Closure))
#13 C:\\xampp\\htdocs\\secprog\\SecPro\\FrontEndSec\\vendor\\laravel\\framework\\src\\Illuminate\\Foundation\\Http\\Middleware\\VerifyCsrfToken.php(87): Illuminate\\Pipeline\\Pipeline->Illuminate\\Pipeline\\{closure}(Object(Illuminate\\Http\\Request))
#14 C:\\xampp\\htdocs\\secprog\\SecPro\\FrontEndSec\\vendor\\laravel\\framework\\src\\Illuminate\\Pipeline\\Pipeline.php(219): Illuminate\\Foundation\\Http\\Middleware\\VerifyCsrfToken->handle(Object(Illuminate\\Http\\Request), Object(Closure))
#15 C:\\xampp\\htdocs\\secprog\\SecPro\\FrontEndSec\\vendor\\laravel\\framework\\src\\Illuminate\\View\\Middleware\\ShareErrorsFromSession.php(48): Illuminate\\Pipeline\\Pipeline->Illuminate\\Pipeline\\{closure}(Object(Illuminate\\Http\\Request))
#16 C:\\xampp\\htdocs\\secprog\\SecPro\\FrontEndSec\\vendor\\laravel\\framework\\src\\Illuminate\\Pipeline\\Pipeline.php(219): Illuminate\\View\\Middleware\\ShareErrorsFromSession->handle(Object(Illuminate\\Http\\Request), Object(Closure))
#17 C:\\xampp\\htdocs\\secprog\\SecPro\\FrontEndSec\\vendor\\laravel\\framework\\src\\Illuminate\\Session\\Middleware\\StartSession.php(120): Illuminate\\Pipeline\\Pipeline->Illuminate\\Pipeline\\{closure}(Object(Illuminate\\Http\\Request))
#18 C:\\xampp\\htdocs\\secprog\\SecPro\\FrontEndSec\\vendor\\laravel\\framework\\src\\Illuminate\\Session\\Middleware\\StartSession.php(63): Illuminate\\Session\\Middleware\\StartSession->handleStatefulRequest(Object(Illuminate\\Http\\Request), Object(Illuminate\\Session\\Store), Object(Closure))
#19 C:\\xampp\\htdocs\\secprog\\SecPro\\FrontEndSec\\vendor\\laravel\\framework\\src\\Illuminate\\Pipeline\\Pipeline.php(219): Illuminate\\Session\\Middleware\\StartSession->handle(Object(Illuminate\\Http\\Request), Object(Closure))
#20 C:\\xampp\\htdocs\\secprog\\SecPro\\FrontEndSec\\vendor\\laravel\\framework\\src\\Illuminate\\Cookie\\Middleware\\AddQueuedCookiesToResponse.php(36): Illuminate\\Pipeline\\Pipeline->Illuminate\\Pipeline\\{closure}(Object(Illuminate\\Http\\Request))
#21 C:\\xampp\\htdocs\\secprog\\SecPro\\FrontEndSec\\vendor\\laravel\\framework\\src\\Illuminate\\Pipeline\\Pipeline.php(219): Illuminate\\Cookie\\Middleware\\AddQueuedCookiesToResponse->handle(Object(Illuminate\\Http\\Request), Object(Closure))
#22 C:\\xampp\\htdocs\\secprog\\SecPro\\FrontEndSec\\vendor\\laravel\\framework\\src\\Illuminate\\Cookie\\Middleware\\EncryptCookies.php(74): Illuminate\\Pipeline\\Pipeline->Illuminate\\Pipeline\\{closure}(Object(Illuminate\\Http\\Request))
#23 C:\\xampp\\htdocs\\secprog\\SecPro\\FrontEndSec\\vendor\\laravel\\framework\\src\\Illuminate\\Pipeline\\Pipeline.php(219): Illuminate\\Cookie\\Middleware\\EncryptCookies->handle(Object(Illuminate\\Http\\Request), Object(Closure))
#24 C:\\xampp\\htdocs\\secprog\\SecPro\\FrontEndSec\\vendor\\laravel\\framework\\src\\Illuminate\\Pipeline\\Pipeline.php(137): Illuminate\\Pipeline\\Pipeline->Illuminate\\Pipeline\\{closure}(Object(Illuminate\\Http\\Request))
#25 C:\\xampp\\htdocs\\secprog\\SecPro\\FrontEndSec\\vendor\\laravel\\framework\\src\\Illuminate\\Routing\\Router.php(821): Illuminate\\Pipeline\\Pipeline->then(Object(Closure))
#26 C:\\xampp\\htdocs\\secprog\\SecPro\\FrontEndSec\\vendor\\laravel\\framework\\src\\Illuminate\\Routing\\Router.php(800): Illuminate\\Routing\\Router->runRouteWithinStack(Object(Illuminate\\Routing\\Route), Object(Illuminate\\Http\\Request))
#27 C:\\xampp\\htdocs\\secprog\\SecPro\\FrontEndSec\\vendor\\laravel\\framework\\src\\Illuminate\\Routing\\Router.php(764): Illuminate\\Routing\\Router->runRoute(Object(Illuminate\\Http\\Request), Object(Illuminate\\Routing\\Route))
#28 C:\\xampp\\htdocs\\secprog\\SecPro\\FrontEndSec\\vendor\\laravel\\framework\\src\\Illuminate\\Routing\\Router.php(753): Illuminate\\Routing\\Router->dispatchToRoute(Object(Illuminate\\Http\\Request))
#29 C:\\xampp\\htdocs\\secprog\\SecPro\\FrontEndSec\\vendor\\laravel\\framework\\src\\Illuminate\\Foundation\\Http\\Kernel.php(200): Illuminate\\Routing\\Router->dispatch(Object(Illuminate\\Http\\Request))
#30 C:\\xampp\\htdocs\\secprog\\SecPro\\FrontEndSec\\vendor\\laravel\\framework\\src\\Illuminate\\Pipeline\\Pipeline.php(180): Illuminate\\Foundation\\Http\\Kernel->Illuminate\\Foundation\\Http\\{closure}(Object(Illuminate\\Http\\Request))
#31 C:\\xampp\\htdocs\\secprog\\SecPro\\FrontEndSec\\vendor\\laravel\\framework\\src\\Illuminate\\Foundation\\Http\\Middleware\\TransformsRequest.php(21): Illuminate\\Pipeline\\Pipeline->Illuminate\\Pipeline\\{closure}(Object(Illuminate\\Http\\Request))
#32 C:\\xampp\\htdocs\\secprog\\SecPro\\FrontEndSec\\vendor\\laravel\\framework\\src\\Illuminate\\Foundation\\Http\\Middleware\\ConvertEmptyStringsToNull.php(31): Illuminate\\Foundation\\Http\\Middleware\\TransformsRequest->handle(Object(Illuminate\\Http\\Request), Object(Closure))
#33 C:\\xampp\\htdocs\\secprog\\SecPro\\FrontEndSec\\vendor\\laravel\\framework\\src\\Illuminate\\Pipeline\\Pipeline.php(219): Illuminate\\Foundation\\Http\\Middleware\\ConvertEmptyStringsToNull->handle(Object(Illuminate\\Http\\Request), Object(Closure))
#34 C:\\xampp\\htdocs\\secprog\\SecPro\\FrontEndSec\\vendor\\laravel\\framework\\src\\Illuminate\\Foundation\\Http\\Middleware\\TransformsRequest.php(21): Illuminate\\Pipeline\\Pipeline->Illuminate\\Pipeline\\{closure}(Object(Illuminate\\Http\\Request))
#35 C:\\xampp\\htdocs\\secprog\\SecPro\\FrontEndSec\\vendor\\laravel\\framework\\src\\Illuminate\\Foundation\\Http\\Middleware\\TrimStrings.php(51): Illuminate\\Foundation\\Http\\Middleware\\TransformsRequest->handle(Object(Illuminate\\Http\\Request), Object(Closure))
#36 C:\\xampp\\htdocs\\secprog\\SecPro\\FrontEndSec\\vendor\\laravel\\framework\\src\\Illuminate\\Pipeline\\Pipeline.php(219): Illuminate\\Foundation\\Http\\Middleware\\TrimStrings->handle(Object(Illuminate\\Http\\Request), Object(Closure))
#37 C:\\xampp\\htdocs\\secprog\\SecPro\\FrontEndSec\\vendor\\laravel\\framework\\src\\Illuminate\\Http\\Middleware\\ValidatePostSize.php(27): Illuminate\\Pipeline\\Pipeline->Illuminate\\Pipeline\\{closure}(Object(Illuminate\\Http\\Request))
#38 C:\\xampp\\htdocs\\secprog\\SecPro\\FrontEndSec\\vendor\\laravel\\framework\\src\\Illuminate\\Pipeline\\Pipeline.php(219): Illuminate\\Http\\Middleware\\ValidatePostSize->handle(Object(Illuminate\\Http\\Request), Object(Closure))
#39 C:\\xampp\\htdocs\\secprog\\SecPro\\FrontEndSec\\vendor\\laravel\\framework\\src\\Illuminate\\Foundation\\Http\\Middleware\\PreventRequestsDuringMaintenance.php(109): Illuminate\\Pipeline\\Pipeline->Illuminate\\Pipeline\\{closure}(Object(Illuminate\\Http\\Request))
#40 C:\\xampp\\htdocs\\secprog\\SecPro\\FrontEndSec\\vendor\\laravel\\framework\\src\\Illuminate\\Pipeline\\Pipeline.php(219): Illuminate\\Foundation\\Http\\Middleware\\PreventRequestsDuringMaintenance->handle(Object(Illuminate\\Http\\Request), Object(Closure))
#41 C:\\xampp\\htdocs\\secprog\\SecPro\\FrontEndSec\\vendor\\laravel\\framework\\src\\Illuminate\\Http\\Middleware\\HandleCors.php(48): Illuminate\\Pipeline\\Pipeline->Illuminate\\Pipeline\\{closure}(Object(Illuminate\\Http\\Request))
#42 C:\\xampp\\htdocs\\secprog\\SecPro\\FrontEndSec\\vendor\\laravel\\framework\\src\\Illuminate\\Pipeline\\Pipeline.php(219): Illuminate\\Http\\Middleware\\HandleCors->handle(Object(Illuminate\\Http\\Request), Object(Closure))
#43 C:\\xampp\\htdocs\\secprog\\SecPro\\FrontEndSec\\vendor\\laravel\\framework\\src\\Illuminate\\Http\\Middleware\\TrustProxies.php(58): Illuminate\\Pipeline\\Pipeline->Illuminate\\Pipeline\\{closure}(Object(Illuminate\\Http\\Request))
#44 C:\\xampp\\htdocs\\secprog\\SecPro\\FrontEndSec\\vendor\\laravel\\framework\\src\\Illuminate\\Pipeline\\Pipeline.php(219): Illuminate\\Http\\Middleware\\TrustProxies->handle(Object(Illuminate\\Http\\Request), Object(Closure))
#45 C:\\xampp\\htdocs\\secprog\\SecPro\\FrontEndSec\\vendor\\laravel\\framework\\src\\Illuminate\\Foundation\\Http\\Middleware\\InvokeDeferredCallbacks.php(22): Illuminate\\Pipeline\\Pipeline->Illuminate\\Pipeline\\{closure}(Object(Illuminate\\Http\\Request))
#46 C:\\xampp\\htdocs\\secprog\\SecPro\\FrontEndSec\\vendor\\laravel\\framework\\src\\Illuminate\\Pipeline\\Pipeline.php(219): Illuminate\\Foundation\\Http\\Middleware\\InvokeDeferredCallbacks->handle(Object(Illuminate\\Http\\Request), Object(Closure))
#47 C:\\xampp\\htdocs\\secprog\\SecPro\\FrontEndSec\\vendor\\laravel\\framework\\src\\Illuminate\\Http\\Middleware\\ValidatePathEncoding.php(26): Illuminate\\Pipeline\\Pipeline->Illuminate\\Pipeline\\{closure}(Object(Illuminate\\Http\\Request))
#48 C:\\xampp\\htdocs\\secprog\\SecPro\\FrontEndSec\\vendor\\laravel\\framework\\src\\Illuminate\\Pipeline\\Pipeline.php(219): Illuminate\\Http\\Middleware\\ValidatePathEncoding->handle(Object(Illuminate\\Http\\Request), Object(Closure))
#49 C:\\xampp\\htdocs\\secprog\\SecPro\\FrontEndSec\\vendor\\laravel\\framework\\src\\Illuminate\\Pipeline\\Pipeline.php(137): Illuminate\\Pipeline\\Pipeline->Illuminate\\Pipeline\\{closure}(Object(Illuminate\\Http\\Request))
#50 C:\\xampp\\htdocs\\secprog\\SecPro\\FrontEndSec\\vendor\\laravel\\framework\\src\\Illuminate\\Foundation\\Http\\Kernel.php(175): Illuminate\\Pipeline\\Pipeline->then(Object(Closure))
#51 C:\\xampp\\htdocs\\secprog\\SecPro\\FrontEndSec\\vendor\\laravel\\framework\\src\\Illuminate\\Foundation\\Http\\Kernel.php(144): Illuminate\\Foundation\\Http\\Kernel->sendRequestThroughRouter(Object(Illuminate\\Http\\Request))
#52 C:\\xampp\\htdocs\\secprog\\SecPro\\FrontEndSec\\vendor\\laravel\\framework\\src\\Illuminate\\Foundation\\Application.php(1220): Illuminate\\Foundation\\Http\\Kernel->handle(Object(Illuminate\\Http\\Request))
#53 C:\\xampp\\htdocs\\secprog\\SecPro\\FrontEndSec\\public\\index.php(20): Illuminate\\Foundation\\Application->handleRequest(Object(Illuminate\\Http\\Request))
#54 C:\\xampp\\htdocs\\secprog\\SecPro\\FrontEndSec\\vendor\\laravel\\framework\\src\\Illuminate\\Foundation\\resources\\server.php(23): require_once('C:\\\\xampp\\\\htdocs...')
#55 {main}

[previous exception] [object] (ErrorException(code: 0): Undefined variable $weeklyRecipes at C:\\xampp\\htdocs\\secprog\\SecPro\\FrontEndSec\\storage\\framework\\views\\1f1e764261ce25fd6ab9770d03d6856e.php:142)
[stacktrace]
#0 C:\\xampp\\htdocs\\secprog\\SecPro\\FrontEndSec\\vendor\\laravel\\framework\\src\\Illuminate\\Foundation\\Bootstrap\\HandleExceptions.php(258): Illuminate\\Foundation\\Bootstrap\\HandleExceptions->handleError(2, 'Undefined varia...', 'C:\\\\xampp\\\\htdocs...', 142)
#1 C:\\xampp\\htdocs\\secprog\\SecPro\\FrontEndSec\\storage\\framework\\views\\1f1e764261ce25fd6ab9770d03d6856e.php(142): Illuminate\\Foundation\\Bootstrap\\HandleExceptions->Illuminate\\Foundation\\Bootstrap\\{closure}(2, 'Undefined varia...', 'C:\\\\xampp\\\\htdocs...', 142)
#2 C:\\xampp\\htdocs\\secprog\\SecPro\\FrontEndSec\\vendor\\laravel\\framework\\src\\Illuminate\\Filesystem\\Filesystem.php(123): require('C:\\\\xampp\\\\htdocs...')
#3 C:\\xampp\\htdocs\\secprog\\SecPro\\FrontEndSec\\vendor\\laravel\\framework\\src\\Illuminate\\Filesystem\\Filesystem.php(124): Illuminate\\Filesystem\\Filesystem::Illuminate\\Filesystem\\{closure}()
#4 C:\\xampp\\htdocs\\secprog\\SecPro\\FrontEndSec\\vendor\\laravel\\framework\\src\\Illuminate\\View\\Engines\\PhpEngine.php(57): Illuminate\\Filesystem\\Filesystem->getRequire('C:\\\\xampp\\\\htdocs...', Array)
#5 C:\\xampp\\htdocs\\secprog\\SecPro\\FrontEndSec\\vendor\\laravel\\framework\\src\\Illuminate\\View\\Engines\\CompilerEngine.php(76): Illuminate\\View\\Engines\\PhpEngine->evaluatePath('C:\\\\xampp\\\\htdocs...', Array)
#6 C:\\xampp\\htdocs\\secprog\\SecPro\\FrontEndSec\\vendor\\laravel\\framework\\src\\Illuminate\\View\\View.php(208): Illuminate\\View\\Engines\\CompilerEngine->get('C:\\\\xampp\\\\htdocs...', Array)
#7 C:\\xampp\\htdocs\\secprog\\SecPro\\FrontEndSec\\vendor\\laravel\\framework\\src\\Illuminate\\View\\View.php(191): Illuminate\\View\\View->getContents()
#8 C:\\xampp\\htdocs\\secprog\\SecPro\\FrontEndSec\\vendor\\laravel\\framework\\src\\Illuminate\\View\\View.php(160): Illuminate\\View\\View->renderContents()
#9 C:\\xampp\\htdocs\\secprog\\SecPro\\FrontEndSec\\vendor\\laravel\\framework\\src\\Illuminate\\Http\\Response.php(78): Illuminate\\View\\View->render()
#10 C:\\xampp\\htdocs\\secprog\\SecPro\\FrontEndSec\\vendor\\laravel\\framework\\src\\Illuminate\\Http\\Response.php(34): Illuminate\\Http\\Response->setContent(Object(Illuminate\\View\\View))
#11 C:\\xampp\\htdocs\\secprog\\SecPro\\FrontEndSec\\vendor\\laravel\\framework\\src\\Illuminate\\Routing\\Router.php(939): Illuminate\\Http\\Response->__construct(Object(Illuminate\\View\\View), 200, Array)
#12 C:\\xampp\\htdocs\\secprog\\SecPro\\FrontEndSec\\vendor\\laravel\\framework\\src\\Illuminate\\Routing\\Router.php(906): Illuminate\\Routing\\Router::toResponse(Object(Illuminate\\Http\\Request), Object(Illuminate\\View\\View))
#13 C:\\xampp\\htdocs\\secprog\\SecPro\\FrontEndSec\\vendor\\laravel\\framework\\src\\Illuminate\\Routing\\Router.php(821): Illuminate\\Routing\\Router->prepareResponse(Object(Illuminate\\Http\\Request), Object(Illuminate\\View\\View))
#14 C:\\xampp\\htdocs\\secprog\\SecPro\\FrontEndSec\\vendor\\laravel\\framework\\src\\Illuminate\\Pipeline\\Pipeline.php(180): Illuminate\\Routing\\Router->Illuminate\\Routing\\{closure}(Object(Illuminate\\Http\\Request))
#15 C:\\xampp\\htdocs\\secprog\\SecPro\\FrontEndSec\\vendor\\laravel\\framework\\src\\Illuminate\\Routing\\Middleware\\SubstituteBindings.php(50): Illuminate\\Pipeline\\Pipeline->Illuminate\\Pipeline\\{closure}(Object(Illuminate\\Http\\Request))
#16 C:\\xampp\\htdocs\\secprog\\SecPro\\FrontEndSec\\vendor\\laravel\\framework\\src\\Illuminate\\Pipeline\\Pipeline.php(219): Illuminate\\Routing\\Middleware\\SubstituteBindings->handle(Object(Illuminate\\Http\\Request), Object(Closure))
#17 C:\\xampp\\htdocs\\secprog\\SecPro\\FrontEndSec\\vendor\\laravel\\framework\\src\\Illuminate\\Foundation\\Http\\Middleware\\VerifyCsrfToken.php(87): Illuminate\\Pipeline\\Pipeline->Illuminate\\Pipeline\\{closure}(Object(Illuminate\\Http\\Request))
#18 C:\\xampp\\htdocs\\secprog\\SecPro\\FrontEndSec\\vendor\\laravel\\framework\\src\\Illuminate\\Pipeline\\Pipeline.php(219): Illuminate\\Foundation\\Http\\Middleware\\VerifyCsrfToken->handle(Object(Illuminate\\Http\\Request), Object(Closure))
#19 C:\\xampp\\htdocs\\secprog\\SecPro\\FrontEndSec\\vendor\\laravel\\framework\\src\\Illuminate\\View\\Middleware\\ShareErrorsFromSession.php(48): Illuminate\\Pipeline\\Pipeline->Illuminate\\Pipeline\\{closure}(Object(Illuminate\\Http\\Request))
#20 C:\\xampp\\htdocs\\secprog\\SecPro\\FrontEndSec\\vendor\\laravel\\framework\\src\\Illuminate\\Pipeline\\Pipeline.php(219): Illuminate\\View\\Middleware\\ShareErrorsFromSession->handle(Object(Illuminate\\Http\\Request), Object(Closure))
#21 C:\\xampp\\htdocs\\secprog\\SecPro\\FrontEndSec\\vendor\\laravel\\framework\\src\\Illuminate\\Session\\Middleware\\StartSession.php(120): Illuminate\\Pipeline\\Pipeline->Illuminate\\Pipeline\\{closure}(Object(Illuminate\\Http\\Request))
#22 C:\\xampp\\htdocs\\secprog\\SecPro\\FrontEndSec\\vendor\\laravel\\framework\\src\\Illuminate\\Session\\Middleware\\StartSession.php(63): Illuminate\\Session\\Middleware\\StartSession->handleStatefulRequest(Object(Illuminate\\Http\\Request), Object(Illuminate\\Session\\Store), Object(Closure))
#23 C:\\xampp\\htdocs\\secprog\\SecPro\\FrontEndSec\\vendor\\laravel\\framework\\src\\Illuminate\\Pipeline\\Pipeline.php(219): Illuminate\\Session\\Middleware\\StartSession->handle(Object(Illuminate\\Http\\Request), Object(Closure))
#24 C:\\xampp\\htdocs\\secprog\\SecPro\\FrontEndSec\\vendor\\laravel\\framework\\src\\Illuminate\\Cookie\\Middleware\\AddQueuedCookiesToResponse.php(36): Illuminate\\Pipeline\\Pipeline->Illuminate\\Pipeline\\{closure}(Object(Illuminate\\Http\\Request))
#25 C:\\xampp\\htdocs\\secprog\\SecPro\\FrontEndSec\\vendor\\laravel\\framework\\src\\Illuminate\\Pipeline\\Pipeline.php(219): Illuminate\\Cookie\\Middleware\\AddQueuedCookiesToResponse->handle(Object(Illuminate\\Http\\Request), Object(Closure))
#26 C:\\xampp\\htdocs\\secprog\\SecPro\\FrontEndSec\\vendor\\laravel\\framework\\src\\Illuminate\\Cookie\\Middleware\\EncryptCookies.php(74): Illuminate\\Pipeline\\Pipeline->Illuminate\\Pipeline\\{closure}(Object(Illuminate\\Http\\Request))
#27 C:\\xampp\\htdocs\\secprog\\SecPro\\FrontEndSec\\vendor\\laravel\\framework\\src\\Illuminate\\Pipeline\\Pipeline.php(219): Illuminate\\Cookie\\Middleware\\EncryptCookies->handle(Object(Illuminate\\Http\\Request), Object(Closure))
#28 C:\\xampp\\htdocs\\secprog\\SecPro\\FrontEndSec\\vendor\\laravel\\framework\\src\\Illuminate\\Pipeline\\Pipeline.php(137): Illuminate\\Pipeline\\Pipeline->Illuminate\\Pipeline\\{closure}(Object(Illuminate\\Http\\Request))
#29 C:\\xampp\\htdocs\\secprog\\SecPro\\FrontEndSec\\vendor\\laravel\\framework\\src\\Illuminate\\Routing\\Router.php(821): Illuminate\\Pipeline\\Pipeline->then(Object(Closure))
#30 C:\\xampp\\htdocs\\secprog\\SecPro\\FrontEndSec\\vendor\\laravel\\framework\\src\\Illuminate\\Routing\\Router.php(800): Illuminate\\Routing\\Router->runRouteWithinStack(Object(Illuminate\\Routing\\Route), Object(Illuminate\\Http\\Request))
#31 C:\\xampp\\htdocs\\secprog\\SecPro\\FrontEndSec\\vendor\\laravel\\framework\\src\\Illuminate\\Routing\\Router.php(764): Illuminate\\Routing\\Router->runRoute(Object(Illuminate\\Http\\Request), Object(Illuminate\\Routing\\Route))
#32 C:\\xampp\\htdocs\\secprog\\SecPro\\FrontEndSec\\vendor\\laravel\\framework\\src\\Illuminate\\Routing\\Router.php(753): Illuminate\\Routing\\Router->dispatchToRoute(Object(Illuminate\\Http\\Request))
#33 C:\\xampp\\htdocs\\secprog\\SecPro\\FrontEndSec\\vendor\\laravel\\framework\\src\\Illuminate\\Foundation\\Http\\Kernel.php(200): Illuminate\\Routing\\Router->dispatch(Object(Illuminate\\Http\\Request))
#34 C:\\xampp\\htdocs\\secprog\\SecPro\\FrontEndSec\\vendor\\laravel\\framework\\src\\Illuminate\\Pipeline\\Pipeline.php(180): Illuminate\\Foundation\\Http\\Kernel->Illuminate\\Foundation\\Http\\{closure}(Object(Illuminate\\Http\\Request))
#35 C:\\xampp\\htdocs\\secprog\\SecPro\\FrontEndSec\\vendor\\laravel\\framework\\src\\Illuminate\\Foundation\\Http\\Middleware\\TransformsRequest.php(21): Illuminate\\Pipeline\\Pipeline->Illuminate\\Pipeline\\{closure}(Object(Illuminate\\Http\\Request))
#36 C:\\xampp\\htdocs\\secprog\\SecPro\\FrontEndSec\\vendor\\laravel\\framework\\src\\Illuminate\\Foundation\\Http\\Middleware\\ConvertEmptyStringsToNull.php(31): Illuminate\\Foundation\\Http\\Middleware\\TransformsRequest->handle(Object(Illuminate\\Http\\Request), Object(Closure))
#37 C:\\xampp\\htdocs\\secprog\\SecPro\\FrontEndSec\\vendor\\laravel\\framework\\src\\Illuminate\\Pipeline\\Pipeline.php(219): Illuminate\\Foundation\\Http\\Middleware\\ConvertEmptyStringsToNull->handle(Object(Illuminate\\Http\\Request), Object(Closure))
#38 C:\\xampp\\htdocs\\secprog\\SecPro\\FrontEndSec\\vendor\\laravel\\framework\\src\\Illuminate\\Foundation\\Http\\Middleware\\TransformsRequest.php(21): Illuminate\\Pipeline\\Pipeline->Illuminate\\Pipeline\\{closure}(Object(Illuminate\\Http\\Request))
#39 C:\\xampp\\htdocs\\secprog\\SecPro\\FrontEndSec\\vendor\\laravel\\framework\\src\\Illuminate\\Foundation\\Http\\Middleware\\TrimStrings.php(51): Illuminate\\Foundation\\Http\\Middleware\\TransformsRequest->handle(Object(Illuminate\\Http\\Request), Object(Closure))
#40 C:\\xampp\\htdocs\\secprog\\SecPro\\FrontEndSec\\vendor\\laravel\\framework\\src\\Illuminate\\Pipeline\\Pipeline.php(219): Illuminate\\Foundation\\Http\\Middleware\\TrimStrings->handle(Object(Illuminate\\Http\\Request), Object(Closure))
#41 C:\\xampp\\htdocs\\secprog\\SecPro\\FrontEndSec\\vendor\\laravel\\framework\\src\\Illuminate\\Http\\Middleware\\ValidatePostSize.php(27): Illuminate\\Pipeline\\Pipeline->Illuminate\\Pipeline\\{closure}(Object(Illuminate\\Http\\Request))
#42 C:\\xampp\\htdocs\\secprog\\SecPro\\FrontEndSec\\vendor\\laravel\\framework\\src\\Illuminate\\Pipeline\\Pipeline.php(219): Illuminate\\Http\\Middleware\\ValidatePostSize->handle(Object(Illuminate\\Http\\Request), Object(Closure))
#43 C:\\xampp\\htdocs\\secprog\\SecPro\\FrontEndSec\\vendor\\laravel\\framework\\src\\Illuminate\\Foundation\\Http\\Middleware\\PreventRequestsDuringMaintenance.php(109): Illuminate\\Pipeline\\Pipeline->Illuminate\\Pipeline\\{closure}(Object(Illuminate\\Http\\Request))
#44 C:\\xampp\\htdocs\\secprog\\SecPro\\FrontEndSec\\vendor\\laravel\\framework\\src\\Illuminate\\Pipeline\\Pipeline.php(219): Illuminate\\Foundation\\Http\\Middleware\\PreventRequestsDuringMaintenance->handle(Object(Illuminate\\Http\\Request), Object(Closure))
#45 C:\\xampp\\htdocs\\secprog\\SecPro\\FrontEndSec\\vendor\\laravel\\framework\\src\\Illuminate\\Http\\Middleware\\HandleCors.php(48): Illuminate\\Pipeline\\Pipeline->Illuminate\\Pipeline\\{closure}(Object(Illuminate\\Http\\Request))
#46 C:\\xampp\\htdocs\\secprog\\SecPro\\FrontEndSec\\vendor\\laravel\\framework\\src\\Illuminate\\Pipeline\\Pipeline.php(219): Illuminate\\Http\\Middleware\\HandleCors->handle(Object(Illuminate\\Http\\Request), Object(Closure))
#47 C:\\xampp\\htdocs\\secprog\\SecPro\\FrontEndSec\\vendor\\laravel\\framework\\src\\Illuminate\\Http\\Middleware\\TrustProxies.php(58): Illuminate\\Pipeline\\Pipeline->Illuminate\\Pipeline\\{closure}(Object(Illuminate\\Http\\Request))
#48 C:\\xampp\\htdocs\\secprog\\SecPro\\FrontEndSec\\vendor\\laravel\\framework\\src\\Illuminate\\Pipeline\\Pipeline.php(219): Illuminate\\Http\\Middleware\\TrustProxies->handle(Object(Illuminate\\Http\\Request), Object(Closure))
#49 C:\\xampp\\htdocs\\secprog\\SecPro\\FrontEndSec\\vendor\\laravel\\framework\\src\\Illuminate\\Foundation\\Http\\Middleware\\InvokeDeferredCallbacks.php(22): Illuminate\\Pipeline\\Pipeline->Illuminate\\Pipeline\\{closure}(Object(Illuminate\\Http\\Request))
#50 C:\\xampp\\htdocs\\secprog\\SecPro\\FrontEndSec\\vendor\\laravel\\framework\\src\\Illuminate\\Pipeline\\Pipeline.php(219): Illuminate\\Foundation\\Http\\Middleware\\InvokeDeferredCallbacks->handle(Object(Illuminate\\Http\\Request), Object(Closure))
#51 C:\\xampp\\htdocs\\secprog\\SecPro\\FrontEndSec\\vendor\\laravel\\framework\\src\\Illuminate\\Http\\Middleware\\ValidatePathEncoding.php(26): Illuminate\\Pipeline\\Pipeline->Illuminate\\Pipeline\\{closure}(Object(Illuminate\\Http\\Request))
#52 C:\\xampp\\htdocs\\secprog\\SecPro\\FrontEndSec\\vendor\\laravel\\framework\\src\\Illuminate\\Pipeline\\Pipeline.php(219): Illuminate\\Http\\Middleware\\ValidatePathEncoding->handle(Object(Illuminate\\Http\\Request), Object(Closure))
#53 C:\\xampp\\htdocs\\secprog\\SecPro\\FrontEndSec\\vendor\\laravel\\framework\\src\\Illuminate\\Pipeline\\Pipeline.php(137): Illuminate\\Pipeline\\Pipeline->Illuminate\\Pipeline\\{closure}(Object(Illuminate\\Http\\Request))
#54 C:\\xampp\\htdocs\\secprog\\SecPro\\FrontEndSec\\vendor\\laravel\\framework\\src\\Illuminate\\Foundation\\Http\\Kernel.php(175): Illuminate\\Pipeline\\Pipeline->then(Object(Closure))
#55 C:\\xampp\\htdocs\\secprog\\SecPro\\FrontEndSec\\vendor\\laravel\\framework\\src\\Illuminate\\Foundation\\Http\\Kernel.php(144): Illuminate\\Foundation\\Http\\Kernel->sendRequestThroughRouter(Object(Illuminate\\Http\\Request))
#56 C:\\xampp\\htdocs\\secprog\\SecPro\\FrontEndSec\\vendor\\laravel\\framework\\src\\Illuminate\\Foundation\\Application.php(1220): Illuminate\\Foundation\\Http\\Kernel->handle(Object(Illuminate\\Http\\Request))
#57 C:\\xampp\\htdocs\\secprog\\SecPro\\FrontEndSec\\public\\index.php(20): Illuminate\\Foundation\\Application->handleRequest(Object(Illuminate\\Http\\Request))
#58 C:\\xampp\\htdocs\\secprog\\SecPro\\FrontEndSec\\vendor\\laravel\\framework\\src\\Illuminate\\Foundation\\resources\\server.php(23): require_once('C:\\\\xampp\\\\htdocs...')
#59 {main}
"} 
[2025-11-18 15:37:42] local.ERROR: syntax error, unexpected token "return", expecting "]" {"exception":"[object] (ParseError(code: 0): syntax error, unexpected token \"return\", expecting \"]\" at C:\\xampp\\htdocs\\secprog\\SecPro\\FrontEndSec\\routes\\web.php:20)
[stacktrace]
#0 C:\\xampp\\htdocs\\secprog\\SecPro\\FrontEndSec\\vendor\\laravel\\framework\\src\\Illuminate\\Routing\\Router.php(526): Illuminate\\Routing\\RouteFileRegistrar->register('C:\\\\xampp\\\\htdocs...')
#1 C:\\xampp\\htdocs\\secprog\\SecPro\\FrontEndSec\\vendor\\laravel\\framework\\src\\Illuminate\\Routing\\Router.php(480): Illuminate\\Routing\\Router->loadRoutes('C:\\\\xampp\\\\htdocs...')
#2 C:\\xampp\\htdocs\\secprog\\SecPro\\FrontEndSec\\vendor\\laravel\\framework\\src\\Illuminate\\Routing\\RouteRegistrar.php(210): Illuminate\\Routing\\Router->group(Array, 'C:\\\\xampp\\\\htdocs...')
#3 C:\\xampp\\htdocs\\secprog\\SecPro\\FrontEndSec\\vendor\\laravel\\framework\\src\\Illuminate\\Foundation\\Configuration\\ApplicationBuilder.php(248): Illuminate\\Routing\\RouteRegistrar->group('C:\\\\xampp\\\\htdocs...')
#4 C:\\xampp\\htdocs\\secprog\\SecPro\\FrontEndSec\\vendor\\laravel\\framework\\src\\Illuminate\\Container\\BoundMethod.php(36): Illuminate\\Foundation\\Configuration\\ApplicationBuilder->Illuminate\\Foundation\\Configuration\\{closure}()
#5 C:\\xampp\\htdocs\\secprog\\SecPro\\FrontEndSec\\vendor\\laravel\\framework\\src\\Illuminate\\Container\\Util.php(43): Illuminate\\Container\\BoundMethod::Illuminate\\Container\\{closure}()
#6 C:\\xampp\\htdocs\\secprog\\SecPro\\FrontEndSec\\vendor\\laravel\\framework\\src\\Illuminate\\Container\\BoundMethod.php(84): Illuminate\\Container\\Util::unwrapIfClosure(Object(Closure))
#7 C:\\xampp\\htdocs\\secprog\\SecPro\\FrontEndSec\\vendor\\laravel\\framework\\src\\Illuminate\\Container\\BoundMethod.php(35): Illuminate\\Container\\BoundMethod::callBoundMethod(Object(Illuminate\\Foundation\\Application), Object(Closure), Object(Closure))
#8 C:\\xampp\\htdocs\\secprog\\SecPro\\FrontEndSec\\vendor\\laravel\\framework\\src\\Illuminate\\Container\\Container.php(836): Illuminate\\Container\\BoundMethod::call(Object(Illuminate\\Foundation\\Application), Object(Closure), Array, NULL)
#9 C:\\xampp\\htdocs\\secprog\\SecPro\\FrontEndSec\\vendor\\laravel\\framework\\src\\Illuminate\\Foundation\\Support\\Providers\\RouteServiceProvider.php(162): Illuminate\\Container\\Container->call(Object(Closure))
#10 C:\\xampp\\htdocs\\secprog\\SecPro\\FrontEndSec\\vendor\\laravel\\framework\\src\\Illuminate\\Foundation\\Support\\Providers\\RouteServiceProvider.php(59): Illuminate\\Foundation\\Support\\Providers\\RouteServiceProvider->loadRoutes()
#11 C:\\xampp\\htdocs\\secprog\\SecPro\\FrontEndSec\\vendor\\laravel\\framework\\src\\Illuminate\\Container\\BoundMethod.php(36): Illuminate\\Foundation\\Support\\Providers\\RouteServiceProvider->Illuminate\\Foundation\\Support\\Providers\\{closure}()
#12 C:\\xampp\\htdocs\\secprog\\SecPro\\FrontEndSec\\vendor\\laravel\\framework\\src\\Illuminate\\Container\\Util.php(43): Illuminate\\Container\\BoundMethod::Illuminate\\Container\\{closure}()
#13 C:\\xampp\\htdocs\\secprog\\SecPro\\FrontEndSec\\vendor\\laravel\\framework\\src\\Illuminate\\Container\\BoundMethod.php(84): Illuminate\\Container\\Util::unwrapIfClosure(Object(Closure))
#14 C:\\xampp\\htdocs\\secprog\\SecPro\\FrontEndSec\\vendor\\laravel\\framework\\src\\Illuminate\\Container\\BoundMethod.php(35): Illuminate\\Container\\BoundMethod::callBoundMethod(Object(Illuminate\\Foundation\\Application), Object(Closure), Object(Closure))
#15 C:\\xampp\\htdocs\\secprog\\SecPro\\FrontEndSec\\vendor\\laravel\\framework\\src\\Illuminate\\Container\\Container.php(836): Illuminate\\Container\\BoundMethod::call(Object(Illuminate\\Foundation\\Application), Object(Closure), Array, NULL)
#16 C:\\xampp\\htdocs\\secprog\\SecPro\\FrontEndSec\\vendor\\laravel\\framework\\src\\Illuminate\\Support\\ServiceProvider.php(143): Illuminate\\Container\\Container->call(Object(Closure))
#17 C:\\xampp\\htdocs\\secprog\\SecPro\\FrontEndSec\\vendor\\laravel\\framework\\src\\Illuminate\\Foundation\\Application.php(1154): Illuminate\\Support\\ServiceProvider->callBootedCallbacks()
#18 C:\\xampp\\htdocs\\secprog\\SecPro\\FrontEndSec\\vendor\\laravel\\framework\\src\\Illuminate\\Foundation\\Application.php(1132): Illuminate\\Foundation\\Application->bootProvider(Object(Illuminate\\Foundation\\Support\\Providers\\RouteServiceProvider))
#19 [internal function]: Illuminate\\Foundation\\Application->Illuminate\\Foundation\\{closure}(Object(Illuminate\\Foundation\\Support\\Providers\\RouteServiceProvider), 'Illuminate\\\\Foun...')
#20 C:\\xampp\\htdocs\\secprog\\SecPro\\FrontEndSec\\vendor\\laravel\\framework\\src\\Illuminate\\Foundation\\Application.php(1131): array_walk(Array, Object(Closure))
#21 C:\\xampp\\htdocs\\secprog\\SecPro\\FrontEndSec\\vendor\\laravel\\framework\\src\\Illuminate\\Foundation\\Bootstrap\\BootProviders.php(17): Illuminate\\Foundation\\Application->boot()
#22 C:\\xampp\\htdocs\\secprog\\SecPro\\FrontEndSec\\vendor\\laravel\\framework\\src\\Illuminate\\Foundation\\Application.php(342): Illuminate\\Foundation\\Bootstrap\\BootProviders->bootstrap(Object(Illuminate\\Foundation\\Application))
#23 C:\\xampp\\htdocs\\secprog\\SecPro\\FrontEndSec\\vendor\\laravel\\framework\\src\\Illuminate\\Foundation\\Http\\Kernel.php(186): Illuminate\\Foundation\\Application->bootstrapWith(Array)
#24 C:\\xampp\\htdocs\\secprog\\SecPro\\FrontEndSec\\vendor\\laravel\\framework\\src\\Illuminate\\Foundation\\Http\\Kernel.php(170): Illuminate\\Foundation\\Http\\Kernel->bootstrap()
#25 C:\\xampp\\htdocs\\secprog\\SecPro\\FrontEndSec\\vendor\\laravel\\framework\\src\\Illuminate\\Foundation\\Http\\Kernel.php(144): Illuminate\\Foundation\\Http\\Kernel->sendRequestThroughRouter(Object(Illuminate\\Http\\Request))
#26 C:\\xampp\\htdocs\\secprog\\SecPro\\FrontEndSec\\vendor\\laravel\\framework\\src\\Illuminate\\Foundation\\Application.php(1220): Illuminate\\Foundation\\Http\\Kernel->handle(Object(Illuminate\\Http\\Request))
#27 C:\\xampp\\htdocs\\secprog\\SecPro\\FrontEndSec\\public\\index.php(20): Illuminate\\Foundation\\Application->handleRequest(Object(Illuminate\\Http\\Request))
#28 C:\\xampp\\htdocs\\secprog\\SecPro\\FrontEndSec\\vendor\\laravel\\framework\\src\\Illuminate\\Foundation\\resources\\server.php(23): require_once('C:\\\\xampp\\\\htdocs...')
#29 {main}
"} 
[2025-11-18 15:37:48] local.ERROR: Undefined variable $weeklyRecipes (View: C:\xampp\htdocs\secprog\SecPro\FrontEndSec\resources\views\mainPage.blade.php) {"exception":"[object] (Illuminate\\View\\ViewException(code: 0): Undefined variable $weeklyRecipes (View: C:\\xampp\\htdocs\\secprog\\SecPro\\FrontEndSec\\resources\\views\\mainPage.blade.php) at C:\\xampp\\htdocs\\secprog\\SecPro\\FrontEndSec\\storage\\framework\\views\\1f1e764261ce25fd6ab9770d03d6856e.php:142)
[stacktrace]
#0 C:\\xampp\\htdocs\\secprog\\SecPro\\FrontEndSec\\vendor\\laravel\\framework\\src\\Illuminate\\View\\Engines\\PhpEngine.php(59): Illuminate\\View\\Engines\\CompilerEngine->handleViewException(Object(ErrorException), 1)
#1 C:\\xampp\\htdocs\\secprog\\SecPro\\FrontEndSec\\vendor\\laravel\\framework\\src\\Illuminate\\View\\Engines\\CompilerEngine.php(76): Illuminate\\View\\Engines\\PhpEngine->evaluatePath('C:\\\\xampp\\\\htdocs...', Array)
#2 C:\\xampp\\htdocs\\secprog\\SecPro\\FrontEndSec\\vendor\\laravel\\framework\\src\\Illuminate\\View\\View.php(208): Illuminate\\View\\Engines\\CompilerEngine->get('C:\\\\xampp\\\\htdocs...', Array)
#3 C:\\xampp\\htdocs\\secprog\\SecPro\\FrontEndSec\\vendor\\laravel\\framework\\src\\Illuminate\\View\\View.php(191): Illuminate\\View\\View->getContents()
#4 C:\\xampp\\htdocs\\secprog\\SecPro\\FrontEndSec\\vendor\\laravel\\framework\\src\\Illuminate\\View\\View.php(160): Illuminate\\View\\View->renderContents()
#5 C:\\xampp\\htdocs\\secprog\\SecPro\\FrontEndSec\\vendor\\laravel\\framework\\src\\Illuminate\\Http\\Response.php(78): Illuminate\\View\\View->render()
#6 C:\\xampp\\htdocs\\secprog\\SecPro\\FrontEndSec\\vendor\\laravel\\framework\\src\\Illuminate\\Http\\Response.php(34): Illuminate\\Http\\Response->setContent(Object(Illuminate\\View\\View))
#7 C:\\xampp\\htdocs\\secprog\\SecPro\\FrontEndSec\\vendor\\laravel\\framework\\src\\Illuminate\\Routing\\Router.php(939): Illuminate\\Http\\Response->__construct(Object(Illuminate\\View\\View), 200, Array)
#8 C:\\xampp\\htdocs\\secprog\\SecPro\\FrontEndSec\\vendor\\laravel\\framework\\src\\Illuminate\\Routing\\Router.php(906): Illuminate\\Routing\\Router::toResponse(Object(Illuminate\\Http\\Request), Object(Illuminate\\View\\View))
#9 C:\\xampp\\htdocs\\secprog\\SecPro\\FrontEndSec\\vendor\\laravel\\framework\\src\\Illuminate\\Routing\\Router.php(821): Illuminate\\Routing\\Router->prepareResponse(Object(Illuminate\\Http\\Request), Object(Illuminate\\View\\View))
#10 C:\\xampp\\htdocs\\secprog\\SecPro\\FrontEndSec\\vendor\\laravel\\framework\\src\\Illuminate\\Pipeline\\Pipeline.php(180): Illuminate\\Routing\\Router->Illuminate\\Routing\\{closure}(Object(Illuminate\\Http\\Request))
#11 C:\\xampp\\htdocs\\secprog\\SecPro\\FrontEndSec\\vendor\\laravel\\framework\\src\\Illuminate\\Routing\\Middleware\\SubstituteBindings.php(50): Illuminate\\Pipeline\\Pipeline->Illuminate\\Pipeline\\{closure}(Object(Illuminate\\Http\\Request))
#12 C:\\xampp\\htdocs\\secprog\\SecPro\\FrontEndSec\\vendor\\laravel\\framework\\src\\Illuminate\\Pipeline\\Pipeline.php(219): Illuminate\\Routing\\Middleware\\SubstituteBindings->handle(Object(Illuminate\\Http\\Request), Object(Closure))
#13 C:\\xampp\\htdocs\\secprog\\SecPro\\FrontEndSec\\vendor\\laravel\\framework\\src\\Illuminate\\Foundation\\Http\\Middleware\\VerifyCsrfToken.php(87): Illuminate\\Pipeline\\Pipeline->Illuminate\\Pipeline\\{closure}(Object(Illuminate\\Http\\Request))
#14 C:\\xampp\\htdocs\\secprog\\SecPro\\FrontEndSec\\vendor\\laravel\\framework\\src\\Illuminate\\Pipeline\\Pipeline.php(219): Illuminate\\Foundation\\Http\\Middleware\\VerifyCsrfToken->handle(Object(Illuminate\\Http\\Request), Object(Closure))
#15 C:\\xampp\\htdocs\\secprog\\SecPro\\FrontEndSec\\vendor\\laravel\\framework\\src\\Illuminate\\View\\Middleware\\ShareErrorsFromSession.php(48): Illuminate\\Pipeline\\Pipeline->Illuminate\\Pipeline\\{closure}(Object(Illuminate\\Http\\Request))
#16 C:\\xampp\\htdocs\\secprog\\SecPro\\FrontEndSec\\vendor\\laravel\\framework\\src\\Illuminate\\Pipeline\\Pipeline.php(219): Illuminate\\View\\Middleware\\ShareErrorsFromSession->handle(Object(Illuminate\\Http\\Request), Object(Closure))
#17 C:\\xampp\\htdocs\\secprog\\SecPro\\FrontEndSec\\vendor\\laravel\\framework\\src\\Illuminate\\Session\\Middleware\\StartSession.php(120): Illuminate\\Pipeline\\Pipeline->Illuminate\\Pipeline\\{closure}(Object(Illuminate\\Http\\Request))
#18 C:\\xampp\\htdocs\\secprog\\SecPro\\FrontEndSec\\vendor\\laravel\\framework\\src\\Illuminate\\Session\\Middleware\\StartSession.php(63): Illuminate\\Session\\Middleware\\StartSession->handleStatefulRequest(Object(Illuminate\\Http\\Request), Object(Illuminate\\Session\\Store), Object(Closure))
#19 C:\\xampp\\htdocs\\secprog\\SecPro\\FrontEndSec\\vendor\\laravel\\framework\\src\\Illuminate\\Pipeline\\Pipeline.php(219): Illuminate\\Session\\Middleware\\StartSession->handle(Object(Illuminate\\Http\\Request), Object(Closure))
#20 C:\\xampp\\htdocs\\secprog\\SecPro\\FrontEndSec\\vendor\\laravel\\framework\\src\\Illuminate\\Cookie\\Middleware\\AddQueuedCookiesToResponse.php(36): Illuminate\\Pipeline\\Pipeline->Illuminate\\Pipeline\\{closure}(Object(Illuminate\\Http\\Request))
#21 C:\\xampp\\htdocs\\secprog\\SecPro\\FrontEndSec\\vendor\\laravel\\framework\\src\\Illuminate\\Pipeline\\Pipeline.php(219): Illuminate\\Cookie\\Middleware\\AddQueuedCookiesToResponse->handle(Object(Illuminate\\Http\\Request), Object(Closure))
#22 C:\\xampp\\htdocs\\secprog\\SecPro\\FrontEndSec\\vendor\\laravel\\framework\\src\\Illuminate\\Cookie\\Middleware\\EncryptCookies.php(74): Illuminate\\Pipeline\\Pipeline->Illuminate\\Pipeline\\{closure}(Object(Illuminate\\Http\\Request))
#23 C:\\xampp\\htdocs\\secprog\\SecPro\\FrontEndSec\\vendor\\laravel\\framework\\src\\Illuminate\\Pipeline\\Pipeline.php(219): Illuminate\\Cookie\\Middleware\\EncryptCookies->handle(Object(Illuminate\\Http\\Request), Object(Closure))
#24 C:\\xampp\\htdocs\\secprog\\SecPro\\FrontEndSec\\vendor\\laravel\\framework\\src\\Illuminate\\Pipeline\\Pipeline.php(137): Illuminate\\Pipeline\\Pipeline->Illuminate\\Pipeline\\{closure}(Object(Illuminate\\Http\\Request))
#25 C:\\xampp\\htdocs\\secprog\\SecPro\\FrontEndSec\\vendor\\laravel\\framework\\src\\Illuminate\\Routing\\Router.php(821): Illuminate\\Pipeline\\Pipeline->then(Object(Closure))
#26 C:\\xampp\\htdocs\\secprog\\SecPro\\FrontEndSec\\vendor\\laravel\\framework\\src\\Illuminate\\Routing\\Router.php(800): Illuminate\\Routing\\Router->runRouteWithinStack(Object(Illuminate\\Routing\\Route), Object(Illuminate\\Http\\Request))
#27 C:\\xampp\\htdocs\\secprog\\SecPro\\FrontEndSec\\vendor\\laravel\\framework\\src\\Illuminate\\Routing\\Router.php(764): Illuminate\\Routing\\Router->runRoute(Object(Illuminate\\Http\\Request), Object(Illuminate\\Routing\\Route))
#28 C:\\xampp\\htdocs\\secprog\\SecPro\\FrontEndSec\\vendor\\laravel\\framework\\src\\Illuminate\\Routing\\Router.php(753): Illuminate\\Routing\\Router->dispatchToRoute(Object(Illuminate\\Http\\Request))
#29 C:\\xampp\\htdocs\\secprog\\SecPro\\FrontEndSec\\vendor\\laravel\\framework\\src\\Illuminate\\Foundation\\Http\\Kernel.php(200): Illuminate\\Routing\\Router->dispatch(Object(Illuminate\\Http\\Request))
#30 C:\\xampp\\htdocs\\secprog\\SecPro\\FrontEndSec\\vendor\\laravel\\framework\\src\\Illuminate\\Pipeline\\Pipeline.php(180): Illuminate\\Foundation\\Http\\Kernel->Illuminate\\Foundation\\Http\\{closure}(Object(Illuminate\\Http\\Request))
#31 C:\\xampp\\htdocs\\secprog\\SecPro\\FrontEndSec\\vendor\\laravel\\framework\\src\\Illuminate\\Foundation\\Http\\Middleware\\TransformsRequest.php(21): Illuminate\\Pipeline\\Pipeline->Illuminate\\Pipeline\\{closure}(Object(Illuminate\\Http\\Request))
#32 C:\\xampp\\htdocs\\secprog\\SecPro\\FrontEndSec\\vendor\\laravel\\framework\\src\\Illuminate\\Foundation\\Http\\Middleware\\ConvertEmptyStringsToNull.php(31): Illuminate\\Foundation\\Http\\Middleware\\TransformsRequest->handle(Object(Illuminate\\Http\\Request), Object(Closure))
#33 C:\\xampp\\htdocs\\secprog\\SecPro\\FrontEndSec\\vendor\\laravel\\framework\\src\\Illuminate\\Pipeline\\Pipeline.php(219): Illuminate\\Foundation\\Http\\Middleware\\ConvertEmptyStringsToNull->handle(Object(Illuminate\\Http\\Request), Object(Closure))
#34 C:\\xampp\\htdocs\\secprog\\SecPro\\FrontEndSec\\vendor\\laravel\\framework\\src\\Illuminate\\Foundation\\Http\\Middleware\\TransformsRequest.php(21): Illuminate\\Pipeline\\Pipeline->Illuminate\\Pipeline\\{closure}(Object(Illuminate\\Http\\Request))
#35 C:\\xampp\\htdocs\\secprog\\SecPro\\FrontEndSec\\vendor\\laravel\\framework\\src\\Illuminate\\Foundation\\Http\\Middleware\\TrimStrings.php(51): Illuminate\\Foundation\\Http\\Middleware\\TransformsRequest->handle(Object(Illuminate\\Http\\Request), Object(Closure))
#36 C:\\xampp\\htdocs\\secprog\\SecPro\\FrontEndSec\\vendor\\laravel\\framework\\src\\Illuminate\\Pipeline\\Pipeline.php(219): Illuminate\\Foundation\\Http\\Middleware\\TrimStrings->handle(Object(Illuminate\\Http\\Request), Object(Closure))
#37 C:\\xampp\\htdocs\\secprog\\SecPro\\FrontEndSec\\vendor\\laravel\\framework\\src\\Illuminate\\Http\\Middleware\\ValidatePostSize.php(27): Illuminate\\Pipeline\\Pipeline->Illuminate\\Pipeline\\{closure}(Object(Illuminate\\Http\\Request))
#38 C:\\xampp\\htdocs\\secprog\\SecPro\\FrontEndSec\\vendor\\laravel\\framework\\src\\Illuminate\\Pipeline\\Pipeline.php(219): Illuminate\\Http\\Middleware\\ValidatePostSize->handle(Object(Illuminate\\Http\\Request), Object(Closure))
#39 C:\\xampp\\htdocs\\secprog\\SecPro\\FrontEndSec\\vendor\\laravel\\framework\\src\\Illuminate\\Foundation\\Http\\Middleware\\PreventRequestsDuringMaintenance.php(109): Illuminate\\Pipeline\\Pipeline->Illuminate\\Pipeline\\{closure}(Object(Illuminate\\Http\\Request))
#40 C:\\xampp\\htdocs\\secprog\\SecPro\\FrontEndSec\\vendor\\laravel\\framework\\src\\Illuminate\\Pipeline\\Pipeline.php(219): Illuminate\\Foundation\\Http\\Middleware\\PreventRequestsDuringMaintenance->handle(Object(Illuminate\\Http\\Request), Object(Closure))
#41 C:\\xampp\\htdocs\\secprog\\SecPro\\FrontEndSec\\vendor\\laravel\\framework\\src\\Illuminate\\Http\\Middleware\\HandleCors.php(48): Illuminate\\Pipeline\\Pipeline->Illuminate\\Pipeline\\{closure}(Object(Illuminate\\Http\\Request))
#42 C:\\xampp\\htdocs\\secprog\\SecPro\\FrontEndSec\\vendor\\laravel\\framework\\src\\Illuminate\\Pipeline\\Pipeline.php(219): Illuminate\\Http\\Middleware\\HandleCors->handle(Object(Illuminate\\Http\\Request), Object(Closure))
#43 C:\\xampp\\htdocs\\secprog\\SecPro\\FrontEndSec\\vendor\\laravel\\framework\\src\\Illuminate\\Http\\Middleware\\TrustProxies.php(58): Illuminate\\Pipeline\\Pipeline->Illuminate\\Pipeline\\{closure}(Object(Illuminate\\Http\\Request))
#44 C:\\xampp\\htdocs\\secprog\\SecPro\\FrontEndSec\\vendor\\laravel\\framework\\src\\Illuminate\\Pipeline\\Pipeline.php(219): Illuminate\\Http\\Middleware\\TrustProxies->handle(Object(Illuminate\\Http\\Request), Object(Closure))
#45 C:\\xampp\\htdocs\\secprog\\SecPro\\FrontEndSec\\vendor\\laravel\\framework\\src\\Illuminate\\Foundation\\Http\\Middleware\\InvokeDeferredCallbacks.php(22): Illuminate\\Pipeline\\Pipeline->Illuminate\\Pipeline\\{closure}(Object(Illuminate\\Http\\Request))
#46 C:\\xampp\\htdocs\\secprog\\SecPro\\FrontEndSec\\vendor\\laravel\\framework\\src\\Illuminate\\Pipeline\\Pipeline.php(219): Illuminate\\Foundation\\Http\\Middleware\\InvokeDeferredCallbacks->handle(Object(Illuminate\\Http\\Request), Object(Closure))
#47 C:\\xampp\\htdocs\\secprog\\SecPro\\FrontEndSec\\vendor\\laravel\\framework\\src\\Illuminate\\Http\\Middleware\\ValidatePathEncoding.php(26): Illuminate\\Pipeline\\Pipeline->Illuminate\\Pipeline\\{closure}(Object(Illuminate\\Http\\Request))
#48 C:\\xampp\\htdocs\\secprog\\SecPro\\FrontEndSec\\vendor\\laravel\\framework\\src\\Illuminate\\Pipeline\\Pipeline.php(219): Illuminate\\Http\\Middleware\\ValidatePathEncoding->handle(Object(Illuminate\\Http\\Request), Object(Closure))
#49 C:\\xampp\\htdocs\\secprog\\SecPro\\FrontEndSec\\vendor\\laravel\\framework\\src\\Illuminate\\Pipeline\\Pipeline.php(137): Illuminate\\Pipeline\\Pipeline->Illuminate\\Pipeline\\{closure}(Object(Illuminate\\Http\\Request))
#50 C:\\xampp\\htdocs\\secprog\\SecPro\\FrontEndSec\\vendor\\laravel\\framework\\src\\Illuminate\\Foundation\\Http\\Kernel.php(175): Illuminate\\Pipeline\\Pipeline->then(Object(Closure))
#51 C:\\xampp\\htdocs\\secprog\\SecPro\\FrontEndSec\\vendor\\laravel\\framework\\src\\Illuminate\\Foundation\\Http\\Kernel.php(144): Illuminate\\Foundation\\Http\\Kernel->sendRequestThroughRouter(Object(Illuminate\\Http\\Request))
#52 C:\\xampp\\htdocs\\secprog\\SecPro\\FrontEndSec\\vendor\\laravel\\framework\\src\\Illuminate\\Foundation\\Application.php(1220): Illuminate\\Foundation\\Http\\Kernel->handle(Object(Illuminate\\Http\\Request))
#53 C:\\xampp\\htdocs\\secprog\\SecPro\\FrontEndSec\\public\\index.php(20): Illuminate\\Foundation\\Application->handleRequest(Object(Illuminate\\Http\\Request))
#54 C:\\xampp\\htdocs\\secprog\\SecPro\\FrontEndSec\\vendor\\laravel\\framework\\src\\Illuminate\\Foundation\\resources\\server.php(23): require_once('C:\\\\xampp\\\\htdocs...')
#55 {main}

[previous exception] [object] (ErrorException(code: 0): Undefined variable $weeklyRecipes at C:\\xampp\\htdocs\\secprog\\SecPro\\FrontEndSec\\storage\\framework\\views\\1f1e764261ce25fd6ab9770d03d6856e.php:142)
[stacktrace]
#0 C:\\xampp\\htdocs\\secprog\\SecPro\\FrontEndSec\\vendor\\laravel\\framework\\src\\Illuminate\\Foundation\\Bootstrap\\HandleExceptions.php(258): Illuminate\\Foundation\\Bootstrap\\HandleExceptions->handleError(2, 'Undefined varia...', 'C:\\\\xampp\\\\htdocs...', 142)
#1 C:\\xampp\\htdocs\\secprog\\SecPro\\FrontEndSec\\storage\\framework\\views\\1f1e764261ce25fd6ab9770d03d6856e.php(142): Illuminate\\Foundation\\Bootstrap\\HandleExceptions->Illuminate\\Foundation\\Bootstrap\\{closure}(2, 'Undefined varia...', 'C:\\\\xampp\\\\htdocs...', 142)
#2 C:\\xampp\\htdocs\\secprog\\SecPro\\FrontEndSec\\vendor\\laravel\\framework\\src\\Illuminate\\Filesystem\\Filesystem.php(123): require('C:\\\\xampp\\\\htdocs...')
#3 C:\\xampp\\htdocs\\secprog\\SecPro\\FrontEndSec\\vendor\\laravel\\framework\\src\\Illuminate\\Filesystem\\Filesystem.php(124): Illuminate\\Filesystem\\Filesystem::Illuminate\\Filesystem\\{closure}()
#4 C:\\xampp\\htdocs\\secprog\\SecPro\\FrontEndSec\\vendor\\laravel\\framework\\src\\Illuminate\\View\\Engines\\PhpEngine.php(57): Illuminate\\Filesystem\\Filesystem->getRequire('C:\\\\xampp\\\\htdocs...', Array)
#5 C:\\xampp\\htdocs\\secprog\\SecPro\\FrontEndSec\\vendor\\laravel\\framework\\src\\Illuminate\\View\\Engines\\CompilerEngine.php(76): Illuminate\\View\\Engines\\PhpEngine->evaluatePath('C:\\\\xampp\\\\htdocs...', Array)
#6 C:\\xampp\\htdocs\\secprog\\SecPro\\FrontEndSec\\vendor\\laravel\\framework\\src\\Illuminate\\View\\View.php(208): Illuminate\\View\\Engines\\CompilerEngine->get('C:\\\\xampp\\\\htdocs...', Array)
#7 C:\\xampp\\htdocs\\secprog\\SecPro\\FrontEndSec\\vendor\\laravel\\framework\\src\\Illuminate\\View\\View.php(191): Illuminate\\View\\View->getContents()
#8 C:\\xampp\\htdocs\\secprog\\SecPro\\FrontEndSec\\vendor\\laravel\\framework\\src\\Illuminate\\View\\View.php(160): Illuminate\\View\\View->renderContents()
#9 C:\\xampp\\htdocs\\secprog\\SecPro\\FrontEndSec\\vendor\\laravel\\framework\\src\\Illuminate\\Http\\Response.php(78): Illuminate\\View\\View->render()
#10 C:\\xampp\\htdocs\\secprog\\SecPro\\FrontEndSec\\vendor\\laravel\\framework\\src\\Illuminate\\Http\\Response.php(34): Illuminate\\Http\\Response->setContent(Object(Illuminate\\View\\View))
#11 C:\\xampp\\htdocs\\secprog\\SecPro\\FrontEndSec\\vendor\\laravel\\framework\\src\\Illuminate\\Routing\\Router.php(939): Illuminate\\Http\\Response->__construct(Object(Illuminate\\View\\View), 200, Array)
#12 C:\\xampp\\htdocs\\secprog\\SecPro\\FrontEndSec\\vendor\\laravel\\framework\\src\\Illuminate\\Routing\\Router.php(906): Illuminate\\Routing\\Router::toResponse(Object(Illuminate\\Http\\Request), Object(Illuminate\\View\\View))
#13 C:\\xampp\\htdocs\\secprog\\SecPro\\FrontEndSec\\vendor\\laravel\\framework\\src\\Illuminate\\Routing\\Router.php(821): Illuminate\\Routing\\Router->prepareResponse(Object(Illuminate\\Http\\Request), Object(Illuminate\\View\\View))
#14 C:\\xampp\\htdocs\\secprog\\SecPro\\FrontEndSec\\vendor\\laravel\\framework\\src\\Illuminate\\Pipeline\\Pipeline.php(180): Illuminate\\Routing\\Router->Illuminate\\Routing\\{closure}(Object(Illuminate\\Http\\Request))
#15 C:\\xampp\\htdocs\\secprog\\SecPro\\FrontEndSec\\vendor\\laravel\\framework\\src\\Illuminate\\Routing\\Middleware\\SubstituteBindings.php(50): Illuminate\\Pipeline\\Pipeline->Illuminate\\Pipeline\\{closure}(Object(Illuminate\\Http\\Request))
#16 C:\\xampp\\htdocs\\secprog\\SecPro\\FrontEndSec\\vendor\\laravel\\framework\\src\\Illuminate\\Pipeline\\Pipeline.php(219): Illuminate\\Routing\\Middleware\\SubstituteBindings->handle(Object(Illuminate\\Http\\Request), Object(Closure))
#17 C:\\xampp\\htdocs\\secprog\\SecPro\\FrontEndSec\\vendor\\laravel\\framework\\src\\Illuminate\\Foundation\\Http\\Middleware\\VerifyCsrfToken.php(87): Illuminate\\Pipeline\\Pipeline->Illuminate\\Pipeline\\{closure}(Object(Illuminate\\Http\\Request))
#18 C:\\xampp\\htdocs\\secprog\\SecPro\\FrontEndSec\\vendor\\laravel\\framework\\src\\Illuminate\\Pipeline\\Pipeline.php(219): Illuminate\\Foundation\\Http\\Middleware\\VerifyCsrfToken->handle(Object(Illuminate\\Http\\Request), Object(Closure))
#19 C:\\xampp\\htdocs\\secprog\\SecPro\\FrontEndSec\\vendor\\laravel\\framework\\src\\Illuminate\\View\\Middleware\\ShareErrorsFromSession.php(48): Illuminate\\Pipeline\\Pipeline->Illuminate\\Pipeline\\{closure}(Object(Illuminate\\Http\\Request))
#20 C:\\xampp\\htdocs\\secprog\\SecPro\\FrontEndSec\\vendor\\laravel\\framework\\src\\Illuminate\\Pipeline\\Pipeline.php(219): Illuminate\\View\\Middleware\\ShareErrorsFromSession->handle(Object(Illuminate\\Http\\Request), Object(Closure))
#21 C:\\xampp\\htdocs\\secprog\\SecPro\\FrontEndSec\\vendor\\laravel\\framework\\src\\Illuminate\\Session\\Middleware\\StartSession.php(120): Illuminate\\Pipeline\\Pipeline->Illuminate\\Pipeline\\{closure}(Object(Illuminate\\Http\\Request))
#22 C:\\xampp\\htdocs\\secprog\\SecPro\\FrontEndSec\\vendor\\laravel\\framework\\src\\Illuminate\\Session\\Middleware\\StartSession.php(63): Illuminate\\Session\\Middleware\\StartSession->handleStatefulRequest(Object(Illuminate\\Http\\Request), Object(Illuminate\\Session\\Store), Object(Closure))
#23 C:\\xampp\\htdocs\\secprog\\SecPro\\FrontEndSec\\vendor\\laravel\\framework\\src\\Illuminate\\Pipeline\\Pipeline.php(219): Illuminate\\Session\\Middleware\\StartSession->handle(Object(Illuminate\\Http\\Request), Object(Closure))
#24 C:\\xampp\\htdocs\\secprog\\SecPro\\FrontEndSec\\vendor\\laravel\\framework\\src\\Illuminate\\Cookie\\Middleware\\AddQueuedCookiesToResponse.php(36): Illuminate\\Pipeline\\Pipeline->Illuminate\\Pipeline\\{closure}(Object(Illuminate\\Http\\Request))
#25 C:\\xampp\\htdocs\\secprog\\SecPro\\FrontEndSec\\vendor\\laravel\\framework\\src\\Illuminate\\Pipeline\\Pipeline.php(219): Illuminate\\Cookie\\Middleware\\AddQueuedCookiesToResponse->handle(Object(Illuminate\\Http\\Request), Object(Closure))
#26 C:\\xampp\\htdocs\\secprog\\SecPro\\FrontEndSec\\vendor\\laravel\\framework\\src\\Illuminate\\Cookie\\Middleware\\EncryptCookies.php(74): Illuminate\\Pipeline\\Pipeline->Illuminate\\Pipeline\\{closure}(Object(Illuminate\\Http\\Request))
#27 C:\\xampp\\htdocs\\secprog\\SecPro\\FrontEndSec\\vendor\\laravel\\framework\\src\\Illuminate\\Pipeline\\Pipeline.php(219): Illuminate\\Cookie\\Middleware\\EncryptCookies->handle(Object(Illuminate\\Http\\Request), Object(Closure))
#28 C:\\xampp\\htdocs\\secprog\\SecPro\\FrontEndSec\\vendor\\laravel\\framework\\src\\Illuminate\\Pipeline\\Pipeline.php(137): Illuminate\\Pipeline\\Pipeline->Illuminate\\Pipeline\\{closure}(Object(Illuminate\\Http\\Request))
#29 C:\\xampp\\htdocs\\secprog\\SecPro\\FrontEndSec\\vendor\\laravel\\framework\\src\\Illuminate\\Routing\\Router.php(821): Illuminate\\Pipeline\\Pipeline->then(Object(Closure))
#30 C:\\xampp\\htdocs\\secprog\\SecPro\\FrontEndSec\\vendor\\laravel\\framework\\src\\Illuminate\\Routing\\Router.php(800): Illuminate\\Routing\\Router->runRouteWithinStack(Object(Illuminate\\Routing\\Route), Object(Illuminate\\Http\\Request))
#31 C:\\xampp\\htdocs\\secprog\\SecPro\\FrontEndSec\\vendor\\laravel\\framework\\src\\Illuminate\\Routing\\Router.php(764): Illuminate\\Routing\\Router->runRoute(Object(Illuminate\\Http\\Request), Object(Illuminate\\Routing\\Route))
#32 C:\\xampp\\htdocs\\secprog\\SecPro\\FrontEndSec\\vendor\\laravel\\framework\\src\\Illuminate\\Routing\\Router.php(753): Illuminate\\Routing\\Router->dispatchToRoute(Object(Illuminate\\Http\\Request))
#33 C:\\xampp\\htdocs\\secprog\\SecPro\\FrontEndSec\\vendor\\laravel\\framework\\src\\Illuminate\\Foundation\\Http\\Kernel.php(200): Illuminate\\Routing\\Router->dispatch(Object(Illuminate\\Http\\Request))
#34 C:\\xampp\\htdocs\\secprog\\SecPro\\FrontEndSec\\vendor\\laravel\\framework\\src\\Illuminate\\Pipeline\\Pipeline.php(180): Illuminate\\Foundation\\Http\\Kernel->Illuminate\\Foundation\\Http\\{closure}(Object(Illuminate\\Http\\Request))
#35 C:\\xampp\\htdocs\\secprog\\SecPro\\FrontEndSec\\vendor\\laravel\\framework\\src\\Illuminate\\Foundation\\Http\\Middleware\\TransformsRequest.php(21): Illuminate\\Pipeline\\Pipeline->Illuminate\\Pipeline\\{closure}(Object(Illuminate\\Http\\Request))
#36 C:\\xampp\\htdocs\\secprog\\SecPro\\FrontEndSec\\vendor\\laravel\\framework\\src\\Illuminate\\Foundation\\Http\\Middleware\\ConvertEmptyStringsToNull.php(31): Illuminate\\Foundation\\Http\\Middleware\\TransformsRequest->handle(Object(Illuminate\\Http\\Request), Object(Closure))
#37 C:\\xampp\\htdocs\\secprog\\SecPro\\FrontEndSec\\vendor\\laravel\\framework\\src\\Illuminate\\Pipeline\\Pipeline.php(219): Illuminate\\Foundation\\Http\\Middleware\\ConvertEmptyStringsToNull->handle(Object(Illuminate\\Http\\Request), Object(Closure))
#38 C:\\xampp\\htdocs\\secprog\\SecPro\\FrontEndSec\\vendor\\laravel\\framework\\src\\Illuminate\\Foundation\\Http\\Middleware\\TransformsRequest.php(21): Illuminate\\Pipeline\\Pipeline->Illuminate\\Pipeline\\{closure}(Object(Illuminate\\Http\\Request))
#39 C:\\xampp\\htdocs\\secprog\\SecPro\\FrontEndSec\\vendor\\laravel\\framework\\src\\Illuminate\\Foundation\\Http\\Middleware\\TrimStrings.php(51): Illuminate\\Foundation\\Http\\Middleware\\TransformsRequest->handle(Object(Illuminate\\Http\\Request), Object(Closure))
#40 C:\\xampp\\htdocs\\secprog\\SecPro\\FrontEndSec\\vendor\\laravel\\framework\\src\\Illuminate\\Pipeline\\Pipeline.php(219): Illuminate\\Foundation\\Http\\Middleware\\TrimStrings->handle(Object(Illuminate\\Http\\Request), Object(Closure))
#41 C:\\xampp\\htdocs\\secprog\\SecPro\\FrontEndSec\\vendor\\laravel\\framework\\src\\Illuminate\\Http\\Middleware\\ValidatePostSize.php(27): Illuminate\\Pipeline\\Pipeline->Illuminate\\Pipeline\\{closure}(Object(Illuminate\\Http\\Request))
#42 C:\\xampp\\htdocs\\secprog\\SecPro\\FrontEndSec\\vendor\\laravel\\framework\\src\\Illuminate\\Pipeline\\Pipeline.php(219): Illuminate\\Http\\Middleware\\ValidatePostSize->handle(Object(Illuminate\\Http\\Request), Object(Closure))
#43 C:\\xampp\\htdocs\\secprog\\SecPro\\FrontEndSec\\vendor\\laravel\\framework\\src\\Illuminate\\Foundation\\Http\\Middleware\\PreventRequestsDuringMaintenance.php(109): Illuminate\\Pipeline\\Pipeline->Illuminate\\Pipeline\\{closure}(Object(Illuminate\\Http\\Request))
#44 C:\\xampp\\htdocs\\secprog\\SecPro\\FrontEndSec\\vendor\\laravel\\framework\\src\\Illuminate\\Pipeline\\Pipeline.php(219): Illuminate\\Foundation\\Http\\Middleware\\PreventRequestsDuringMaintenance->handle(Object(Illuminate\\Http\\Request), Object(Closure))
#45 C:\\xampp\\htdocs\\secprog\\SecPro\\FrontEndSec\\vendor\\laravel\\framework\\src\\Illuminate\\Http\\Middleware\\HandleCors.php(48): Illuminate\\Pipeline\\Pipeline->Illuminate\\Pipeline\\{closure}(Object(Illuminate\\Http\\Request))
#46 C:\\xampp\\htdocs\\secprog\\SecPro\\FrontEndSec\\vendor\\laravel\\framework\\src\\Illuminate\\Pipeline\\Pipeline.php(219): Illuminate\\Http\\Middleware\\HandleCors->handle(Object(Illuminate\\Http\\Request), Object(Closure))
#47 C:\\xampp\\htdocs\\secprog\\SecPro\\FrontEndSec\\vendor\\laravel\\framework\\src\\Illuminate\\Http\\Middleware\\TrustProxies.php(58): Illuminate\\Pipeline\\Pipeline->Illuminate\\Pipeline\\{closure}(Object(Illuminate\\Http\\Request))
#48 C:\\xampp\\htdocs\\secprog\\SecPro\\FrontEndSec\\vendor\\laravel\\framework\\src\\Illuminate\\Pipeline\\Pipeline.php(219): Illuminate\\Http\\Middleware\\TrustProxies->handle(Object(Illuminate\\Http\\Request), Object(Closure))
#49 C:\\xampp\\htdocs\\secprog\\SecPro\\FrontEndSec\\vendor\\laravel\\framework\\src\\Illuminate\\Foundation\\Http\\Middleware\\InvokeDeferredCallbacks.php(22): Illuminate\\Pipeline\\Pipeline->Illuminate\\Pipeline\\{closure}(Object(Illuminate\\Http\\Request))
#50 C:\\xampp\\htdocs\\secprog\\SecPro\\FrontEndSec\\vendor\\laravel\\framework\\src\\Illuminate\\Pipeline\\Pipeline.php(219): Illuminate\\Foundation\\Http\\Middleware\\InvokeDeferredCallbacks->handle(Object(Illuminate\\Http\\Request), Object(Closure))
#51 C:\\xampp\\htdocs\\secprog\\SecPro\\FrontEndSec\\vendor\\laravel\\framework\\src\\Illuminate\\Http\\Middleware\\ValidatePathEncoding.php(26): Illuminate\\Pipeline\\Pipeline->Illuminate\\Pipeline\\{closure}(Object(Illuminate\\Http\\Request))
#52 C:\\xampp\\htdocs\\secprog\\SecPro\\FrontEndSec\\vendor\\laravel\\framework\\src\\Illuminate\\Pipeline\\Pipeline.php(219): Illuminate\\Http\\Middleware\\ValidatePathEncoding->handle(Object(Illuminate\\Http\\Request), Object(Closure))
#53 C:\\xampp\\htdocs\\secprog\\SecPro\\FrontEndSec\\vendor\\laravel\\framework\\src\\Illuminate\\Pipeline\\Pipeline.php(137): Illuminate\\Pipeline\\Pipeline->Illuminate\\Pipeline\\{closure}(Object(Illuminate\\Http\\Request))
#54 C:\\xampp\\htdocs\\secprog\\SecPro\\FrontEndSec\\vendor\\laravel\\framework\\src\\Illuminate\\Foundation\\Http\\Kernel.php(175): Illuminate\\Pipeline\\Pipeline->then(Object(Closure))
#55 C:\\xampp\\htdocs\\secprog\\SecPro\\FrontEndSec\\vendor\\laravel\\framework\\src\\Illuminate\\Foundation\\Http\\Kernel.php(144): Illuminate\\Foundation\\Http\\Kernel->sendRequestThroughRouter(Object(Illuminate\\Http\\Request))
#56 C:\\xampp\\htdocs\\secprog\\SecPro\\FrontEndSec\\vendor\\laravel\\framework\\src\\Illuminate\\Foundation\\Application.php(1220): Illuminate\\Foundation\\Http\\Kernel->handle(Object(Illuminate\\Http\\Request))
#57 C:\\xampp\\htdocs\\secprog\\SecPro\\FrontEndSec\\public\\index.php(20): Illuminate\\Foundation\\Application->handleRequest(Object(Illuminate\\Http\\Request))
#58 C:\\xampp\\htdocs\\secprog\\SecPro\\FrontEndSec\\vendor\\laravel\\framework\\src\\Illuminate\\Foundation\\resources\\server.php(23): require_once('C:\\\\xampp\\\\htdocs...')
#59 {main}
"} 
[2025-11-18 15:37:54] local.ERROR: Undefined variable $weeklyRecipes (View: C:\xampp\htdocs\secprog\SecPro\FrontEndSec\resources\views\mainPage.blade.php) {"exception":"[object] (Illuminate\\View\\ViewException(code: 0): Undefined variable $weeklyRecipes (View: C:\\xampp\\htdocs\\secprog\\SecPro\\FrontEndSec\\resources\\views\\mainPage.blade.php) at C:\\xampp\\htdocs\\secprog\\SecPro\\FrontEndSec\\storage\\framework\\views\\1f1e764261ce25fd6ab9770d03d6856e.php:142)
[stacktrace]
#0 C:\\xampp\\htdocs\\secprog\\SecPro\\FrontEndSec\\vendor\\laravel\\framework\\src\\Illuminate\\View\\Engines\\PhpEngine.php(59): Illuminate\\View\\Engines\\CompilerEngine->handleViewException(Object(ErrorException), 1)
#1 C:\\xampp\\htdocs\\secprog\\SecPro\\FrontEndSec\\vendor\\laravel\\framework\\src\\Illuminate\\View\\Engines\\CompilerEngine.php(76): Illuminate\\View\\Engines\\PhpEngine->evaluatePath('C:\\\\xampp\\\\htdocs...', Array)
#2 C:\\xampp\\htdocs\\secprog\\SecPro\\FrontEndSec\\vendor\\laravel\\framework\\src\\Illuminate\\View\\View.php(208): Illuminate\\View\\Engines\\CompilerEngine->get('C:\\\\xampp\\\\htdocs...', Array)
#3 C:\\xampp\\htdocs\\secprog\\SecPro\\FrontEndSec\\vendor\\laravel\\framework\\src\\Illuminate\\View\\View.php(191): Illuminate\\View\\View->getContents()
#4 C:\\xampp\\htdocs\\secprog\\SecPro\\FrontEndSec\\vendor\\laravel\\framework\\src\\Illuminate\\View\\View.php(160): Illuminate\\View\\View->renderContents()
#5 C:\\xampp\\htdocs\\secprog\\SecPro\\FrontEndSec\\vendor\\laravel\\framework\\src\\Illuminate\\Http\\Response.php(78): Illuminate\\View\\View->render()
#6 C:\\xampp\\htdocs\\secprog\\SecPro\\FrontEndSec\\vendor\\laravel\\framework\\src\\Illuminate\\Http\\Response.php(34): Illuminate\\Http\\Response->setContent(Object(Illuminate\\View\\View))
#7 C:\\xampp\\htdocs\\secprog\\SecPro\\FrontEndSec\\vendor\\laravel\\framework\\src\\Illuminate\\Routing\\Router.php(939): Illuminate\\Http\\Response->__construct(Object(Illuminate\\View\\View), 200, Array)
#8 C:\\xampp\\htdocs\\secprog\\SecPro\\FrontEndSec\\vendor\\laravel\\framework\\src\\Illuminate\\Routing\\Router.php(906): Illuminate\\Routing\\Router::toResponse(Object(Illuminate\\Http\\Request), Object(Illuminate\\View\\View))
#9 C:\\xampp\\htdocs\\secprog\\SecPro\\FrontEndSec\\vendor\\laravel\\framework\\src\\Illuminate\\Routing\\Router.php(821): Illuminate\\Routing\\Router->prepareResponse(Object(Illuminate\\Http\\Request), Object(Illuminate\\View\\View))
#10 C:\\xampp\\htdocs\\secprog\\SecPro\\FrontEndSec\\vendor\\laravel\\framework\\src\\Illuminate\\Pipeline\\Pipeline.php(180): Illuminate\\Routing\\Router->Illuminate\\Routing\\{closure}(Object(Illuminate\\Http\\Request))
#11 C:\\xampp\\htdocs\\secprog\\SecPro\\FrontEndSec\\vendor\\laravel\\framework\\src\\Illuminate\\Routing\\Middleware\\SubstituteBindings.php(50): Illuminate\\Pipeline\\Pipeline->Illuminate\\Pipeline\\{closure}(Object(Illuminate\\Http\\Request))
#12 C:\\xampp\\htdocs\\secprog\\SecPro\\FrontEndSec\\vendor\\laravel\\framework\\src\\Illuminate\\Pipeline\\Pipeline.php(219): Illuminate\\Routing\\Middleware\\SubstituteBindings->handle(Object(Illuminate\\Http\\Request), Object(Closure))
#13 C:\\xampp\\htdocs\\secprog\\SecPro\\FrontEndSec\\vendor\\laravel\\framework\\src\\Illuminate\\Foundation\\Http\\Middleware\\VerifyCsrfToken.php(87): Illuminate\\Pipeline\\Pipeline->Illuminate\\Pipeline\\{closure}(Object(Illuminate\\Http\\Request))
#14 C:\\xampp\\htdocs\\secprog\\SecPro\\FrontEndSec\\vendor\\laravel\\framework\\src\\Illuminate\\Pipeline\\Pipeline.php(219): Illuminate\\Foundation\\Http\\Middleware\\VerifyCsrfToken->handle(Object(Illuminate\\Http\\Request), Object(Closure))
#15 C:\\xampp\\htdocs\\secprog\\SecPro\\FrontEndSec\\vendor\\laravel\\framework\\src\\Illuminate\\View\\Middleware\\ShareErrorsFromSession.php(48): Illuminate\\Pipeline\\Pipeline->Illuminate\\Pipeline\\{closure}(Object(Illuminate\\Http\\Request))
#16 C:\\xampp\\htdocs\\secprog\\SecPro\\FrontEndSec\\vendor\\laravel\\framework\\src\\Illuminate\\Pipeline\\Pipeline.php(219): Illuminate\\View\\Middleware\\ShareErrorsFromSession->handle(Object(Illuminate\\Http\\Request), Object(Closure))
#17 C:\\xampp\\htdocs\\secprog\\SecPro\\FrontEndSec\\vendor\\laravel\\framework\\src\\Illuminate\\Session\\Middleware\\StartSession.php(120): Illuminate\\Pipeline\\Pipeline->Illuminate\\Pipeline\\{closure}(Object(Illuminate\\Http\\Request))
#18 C:\\xampp\\htdocs\\secprog\\SecPro\\FrontEndSec\\vendor\\laravel\\framework\\src\\Illuminate\\Session\\Middleware\\StartSession.php(63): Illuminate\\Session\\Middleware\\StartSession->handleStatefulRequest(Object(Illuminate\\Http\\Request), Object(Illuminate\\Session\\Store), Object(Closure))
#19 C:\\xampp\\htdocs\\secprog\\SecPro\\FrontEndSec\\vendor\\laravel\\framework\\src\\Illuminate\\Pipeline\\Pipeline.php(219): Illuminate\\Session\\Middleware\\StartSession->handle(Object(Illuminate\\Http\\Request), Object(Closure))
#20 C:\\xampp\\htdocs\\secprog\\SecPro\\FrontEndSec\\vendor\\laravel\\framework\\src\\Illuminate\\Cookie\\Middleware\\AddQueuedCookiesToResponse.php(36): Illuminate\\Pipeline\\Pipeline->Illuminate\\Pipeline\\{closure}(Object(Illuminate\\Http\\Request))
#21 C:\\xampp\\htdocs\\secprog\\SecPro\\FrontEndSec\\vendor\\laravel\\framework\\src\\Illuminate\\Pipeline\\Pipeline.php(219): Illuminate\\Cookie\\Middleware\\AddQueuedCookiesToResponse->handle(Object(Illuminate\\Http\\Request), Object(Closure))
#22 C:\\xampp\\htdocs\\secprog\\SecPro\\FrontEndSec\\vendor\\laravel\\framework\\src\\Illuminate\\Cookie\\Middleware\\EncryptCookies.php(74): Illuminate\\Pipeline\\Pipeline->Illuminate\\Pipeline\\{closure}(Object(Illuminate\\Http\\Request))
#23 C:\\xampp\\htdocs\\secprog\\SecPro\\FrontEndSec\\vendor\\laravel\\framework\\src\\Illuminate\\Pipeline\\Pipeline.php(219): Illuminate\\Cookie\\Middleware\\EncryptCookies->handle(Object(Illuminate\\Http\\Request), Object(Closure))
#24 C:\\xampp\\htdocs\\secprog\\SecPro\\FrontEndSec\\vendor\\laravel\\framework\\src\\Illuminate\\Pipeline\\Pipeline.php(137): Illuminate\\Pipeline\\Pipeline->Illuminate\\Pipeline\\{closure}(Object(Illuminate\\Http\\Request))
#25 C:\\xampp\\htdocs\\secprog\\SecPro\\FrontEndSec\\vendor\\laravel\\framework\\src\\Illuminate\\Routing\\Router.php(821): Illuminate\\Pipeline\\Pipeline->then(Object(Closure))
#26 C:\\xampp\\htdocs\\secprog\\SecPro\\FrontEndSec\\vendor\\laravel\\framework\\src\\Illuminate\\Routing\\Router.php(800): Illuminate\\Routing\\Router->runRouteWithinStack(Object(Illuminate\\Routing\\Route), Object(Illuminate\\Http\\Request))
#27 C:\\xampp\\htdocs\\secprog\\SecPro\\FrontEndSec\\vendor\\laravel\\framework\\src\\Illuminate\\Routing\\Router.php(764): Illuminate\\Routing\\Router->runRoute(Object(Illuminate\\Http\\Request), Object(Illuminate\\Routing\\Route))
#28 C:\\xampp\\htdocs\\secprog\\SecPro\\FrontEndSec\\vendor\\laravel\\framework\\src\\Illuminate\\Routing\\Router.php(753): Illuminate\\Routing\\Router->dispatchToRoute(Object(Illuminate\\Http\\Request))
#29 C:\\xampp\\htdocs\\secprog\\SecPro\\FrontEndSec\\vendor\\laravel\\framework\\src\\Illuminate\\Foundation\\Http\\Kernel.php(200): Illuminate\\Routing\\Router->dispatch(Object(Illuminate\\Http\\Request))
#30 C:\\xampp\\htdocs\\secprog\\SecPro\\FrontEndSec\\vendor\\laravel\\framework\\src\\Illuminate\\Pipeline\\Pipeline.php(180): Illuminate\\Foundation\\Http\\Kernel->Illuminate\\Foundation\\Http\\{closure}(Object(Illuminate\\Http\\Request))
#31 C:\\xampp\\htdocs\\secprog\\SecPro\\FrontEndSec\\vendor\\laravel\\framework\\src\\Illuminate\\Foundation\\Http\\Middleware\\TransformsRequest.php(21): Illuminate\\Pipeline\\Pipeline->Illuminate\\Pipeline\\{closure}(Object(Illuminate\\Http\\Request))
#32 C:\\xampp\\htdocs\\secprog\\SecPro\\FrontEndSec\\vendor\\laravel\\framework\\src\\Illuminate\\Foundation\\Http\\Middleware\\ConvertEmptyStringsToNull.php(31): Illuminate\\Foundation\\Http\\Middleware\\TransformsRequest->handle(Object(Illuminate\\Http\\Request), Object(Closure))
#33 C:\\xampp\\htdocs\\secprog\\SecPro\\FrontEndSec\\vendor\\laravel\\framework\\src\\Illuminate\\Pipeline\\Pipeline.php(219): Illuminate\\Foundation\\Http\\Middleware\\ConvertEmptyStringsToNull->handle(Object(Illuminate\\Http\\Request), Object(Closure))
#34 C:\\xampp\\htdocs\\secprog\\SecPro\\FrontEndSec\\vendor\\laravel\\framework\\src\\Illuminate\\Foundation\\Http\\Middleware\\TransformsRequest.php(21): Illuminate\\Pipeline\\Pipeline->Illuminate\\Pipeline\\{closure}(Object(Illuminate\\Http\\Request))
#35 C:\\xampp\\htdocs\\secprog\\SecPro\\FrontEndSec\\vendor\\laravel\\framework\\src\\Illuminate\\Foundation\\Http\\Middleware\\TrimStrings.php(51): Illuminate\\Foundation\\Http\\Middleware\\TransformsRequest->handle(Object(Illuminate\\Http\\Request), Object(Closure))
#36 C:\\xampp\\htdocs\\secprog\\SecPro\\FrontEndSec\\vendor\\laravel\\framework\\src\\Illuminate\\Pipeline\\Pipeline.php(219): Illuminate\\Foundation\\Http\\Middleware\\TrimStrings->handle(Object(Illuminate\\Http\\Request), Object(Closure))
#37 C:\\xampp\\htdocs\\secprog\\SecPro\\FrontEndSec\\vendor\\laravel\\framework\\src\\Illuminate\\Http\\Middleware\\ValidatePostSize.php(27): Illuminate\\Pipeline\\Pipeline->Illuminate\\Pipeline\\{closure}(Object(Illuminate\\Http\\Request))
#38 C:\\xampp\\htdocs\\secprog\\SecPro\\FrontEndSec\\vendor\\laravel\\framework\\src\\Illuminate\\Pipeline\\Pipeline.php(219): Illuminate\\Http\\Middleware\\ValidatePostSize->handle(Object(Illuminate\\Http\\Request), Object(Closure))
#39 C:\\xampp\\htdocs\\secprog\\SecPro\\FrontEndSec\\vendor\\laravel\\framework\\src\\Illuminate\\Foundation\\Http\\Middleware\\PreventRequestsDuringMaintenance.php(109): Illuminate\\Pipeline\\Pipeline->Illuminate\\Pipeline\\{closure}(Object(Illuminate\\Http\\Request))
#40 C:\\xampp\\htdocs\\secprog\\SecPro\\FrontEndSec\\vendor\\laravel\\framework\\src\\Illuminate\\Pipeline\\Pipeline.php(219): Illuminate\\Foundation\\Http\\Middleware\\PreventRequestsDuringMaintenance->handle(Object(Illuminate\\Http\\Request), Object(Closure))
#41 C:\\xampp\\htdocs\\secprog\\SecPro\\FrontEndSec\\vendor\\laravel\\framework\\src\\Illuminate\\Http\\Middleware\\HandleCors.php(48): Illuminate\\Pipeline\\Pipeline->Illuminate\\Pipeline\\{closure}(Object(Illuminate\\Http\\Request))
#42 C:\\xampp\\htdocs\\secprog\\SecPro\\FrontEndSec\\vendor\\laravel\\framework\\src\\Illuminate\\Pipeline\\Pipeline.php(219): Illuminate\\Http\\Middleware\\HandleCors->handle(Object(Illuminate\\Http\\Request), Object(Closure))
#43 C:\\xampp\\htdocs\\secprog\\SecPro\\FrontEndSec\\vendor\\laravel\\framework\\src\\Illuminate\\Http\\Middleware\\TrustProxies.php(58): Illuminate\\Pipeline\\Pipeline->Illuminate\\Pipeline\\{closure}(Object(Illuminate\\Http\\Request))
#44 C:\\xampp\\htdocs\\secprog\\SecPro\\FrontEndSec\\vendor\\laravel\\framework\\src\\Illuminate\\Pipeline\\Pipeline.php(219): Illuminate\\Http\\Middleware\\TrustProxies->handle(Object(Illuminate\\Http\\Request), Object(Closure))
#45 C:\\xampp\\htdocs\\secprog\\SecPro\\FrontEndSec\\vendor\\laravel\\framework\\src\\Illuminate\\Foundation\\Http\\Middleware\\InvokeDeferredCallbacks.php(22): Illuminate\\Pipeline\\Pipeline->Illuminate\\Pipeline\\{closure}(Object(Illuminate\\Http\\Request))
#46 C:\\xampp\\htdocs\\secprog\\SecPro\\FrontEndSec\\vendor\\laravel\\framework\\src\\Illuminate\\Pipeline\\Pipeline.php(219): Illuminate\\Foundation\\Http\\Middleware\\InvokeDeferredCallbacks->handle(Object(Illuminate\\Http\\Request), Object(Closure))
#47 C:\\xampp\\htdocs\\secprog\\SecPro\\FrontEndSec\\vendor\\laravel\\framework\\src\\Illuminate\\Http\\Middleware\\ValidatePathEncoding.php(26): Illuminate\\Pipeline\\Pipeline->Illuminate\\Pipeline\\{closure}(Object(Illuminate\\Http\\Request))
#48 C:\\xampp\\htdocs\\secprog\\SecPro\\FrontEndSec\\vendor\\laravel\\framework\\src\\Illuminate\\Pipeline\\Pipeline.php(219): Illuminate\\Http\\Middleware\\ValidatePathEncoding->handle(Object(Illuminate\\Http\\Request), Object(Closure))
#49 C:\\xampp\\htdocs\\secprog\\SecPro\\FrontEndSec\\vendor\\laravel\\framework\\src\\Illuminate\\Pipeline\\Pipeline.php(137): Illuminate\\Pipeline\\Pipeline->Illuminate\\Pipeline\\{closure}(Object(Illuminate\\Http\\Request))
#50 C:\\xampp\\htdocs\\secprog\\SecPro\\FrontEndSec\\vendor\\laravel\\framework\\src\\Illuminate\\Foundation\\Http\\Kernel.php(175): Illuminate\\Pipeline\\Pipeline->then(Object(Closure))
#51 C:\\xampp\\htdocs\\secprog\\SecPro\\FrontEndSec\\vendor\\laravel\\framework\\src\\Illuminate\\Foundation\\Http\\Kernel.php(144): Illuminate\\Foundation\\Http\\Kernel->sendRequestThroughRouter(Object(Illuminate\\Http\\Request))
#52 C:\\xampp\\htdocs\\secprog\\SecPro\\FrontEndSec\\vendor\\laravel\\framework\\src\\Illuminate\\Foundation\\Application.php(1220): Illuminate\\Foundation\\Http\\Kernel->handle(Object(Illuminate\\Http\\Request))
#53 C:\\xampp\\htdocs\\secprog\\SecPro\\FrontEndSec\\public\\index.php(20): Illuminate\\Foundation\\Application->handleRequest(Object(Illuminate\\Http\\Request))
#54 C:\\xampp\\htdocs\\secprog\\SecPro\\FrontEndSec\\vendor\\laravel\\framework\\src\\Illuminate\\Foundation\\resources\\server.php(23): require_once('C:\\\\xampp\\\\htdocs...')
#55 {main}

[previous exception] [object] (ErrorException(code: 0): Undefined variable $weeklyRecipes at C:\\xampp\\htdocs\\secprog\\SecPro\\FrontEndSec\\storage\\framework\\views\\1f1e764261ce25fd6ab9770d03d6856e.php:142)
[stacktrace]
#0 C:\\xampp\\htdocs\\secprog\\SecPro\\FrontEndSec\\vendor\\laravel\\framework\\src\\Illuminate\\Foundation\\Bootstrap\\HandleExceptions.php(258): Illuminate\\Foundation\\Bootstrap\\HandleExceptions->handleError(2, 'Undefined varia...', 'C:\\\\xampp\\\\htdocs...', 142)
#1 C:\\xampp\\htdocs\\secprog\\SecPro\\FrontEndSec\\storage\\framework\\views\\1f1e764261ce25fd6ab9770d03d6856e.php(142): Illuminate\\Foundation\\Bootstrap\\HandleExceptions->Illuminate\\Foundation\\Bootstrap\\{closure}(2, 'Undefined varia...', 'C:\\\\xampp\\\\htdocs...', 142)
#2 C:\\xampp\\htdocs\\secprog\\SecPro\\FrontEndSec\\vendor\\laravel\\framework\\src\\Illuminate\\Filesystem\\Filesystem.php(123): require('C:\\\\xampp\\\\htdocs...')
#3 C:\\xampp\\htdocs\\secprog\\SecPro\\FrontEndSec\\vendor\\laravel\\framework\\src\\Illuminate\\Filesystem\\Filesystem.php(124): Illuminate\\Filesystem\\Filesystem::Illuminate\\Filesystem\\{closure}()
#4 C:\\xampp\\htdocs\\secprog\\SecPro\\FrontEndSec\\vendor\\laravel\\framework\\src\\Illuminate\\View\\Engines\\PhpEngine.php(57): Illuminate\\Filesystem\\Filesystem->getRequire('C:\\\\xampp\\\\htdocs...', Array)
#5 C:\\xampp\\htdocs\\secprog\\SecPro\\FrontEndSec\\vendor\\laravel\\framework\\src\\Illuminate\\View\\Engines\\CompilerEngine.php(76): Illuminate\\View\\Engines\\PhpEngine->evaluatePath('C:\\\\xampp\\\\htdocs...', Array)
#6 C:\\xampp\\htdocs\\secprog\\SecPro\\FrontEndSec\\vendor\\laravel\\framework\\src\\Illuminate\\View\\View.php(208): Illuminate\\View\\Engines\\CompilerEngine->get('C:\\\\xampp\\\\htdocs...', Array)
#7 C:\\xampp\\htdocs\\secprog\\SecPro\\FrontEndSec\\vendor\\laravel\\framework\\src\\Illuminate\\View\\View.php(191): Illuminate\\View\\View->getContents()
#8 C:\\xampp\\htdocs\\secprog\\SecPro\\FrontEndSec\\vendor\\laravel\\framework\\src\\Illuminate\\View\\View.php(160): Illuminate\\View\\View->renderContents()
#9 C:\\xampp\\htdocs\\secprog\\SecPro\\FrontEndSec\\vendor\\laravel\\framework\\src\\Illuminate\\Http\\Response.php(78): Illuminate\\View\\View->render()
#10 C:\\xampp\\htdocs\\secprog\\SecPro\\FrontEndSec\\vendor\\laravel\\framework\\src\\Illuminate\\Http\\Response.php(34): Illuminate\\Http\\Response->setContent(Object(Illuminate\\View\\View))
#11 C:\\xampp\\htdocs\\secprog\\SecPro\\FrontEndSec\\vendor\\laravel\\framework\\src\\Illuminate\\Routing\\Router.php(939): Illuminate\\Http\\Response->__construct(Object(Illuminate\\View\\View), 200, Array)
#12 C:\\xampp\\htdocs\\secprog\\SecPro\\FrontEndSec\\vendor\\laravel\\framework\\src\\Illuminate\\Routing\\Router.php(906): Illuminate\\Routing\\Router::toResponse(Object(Illuminate\\Http\\Request), Object(Illuminate\\View\\View))
#13 C:\\xampp\\htdocs\\secprog\\SecPro\\FrontEndSec\\vendor\\laravel\\framework\\src\\Illuminate\\Routing\\Router.php(821): Illuminate\\Routing\\Router->prepareResponse(Object(Illuminate\\Http\\Request), Object(Illuminate\\View\\View))
#14 C:\\xampp\\htdocs\\secprog\\SecPro\\FrontEndSec\\vendor\\laravel\\framework\\src\\Illuminate\\Pipeline\\Pipeline.php(180): Illuminate\\Routing\\Router->Illuminate\\Routing\\{closure}(Object(Illuminate\\Http\\Request))
#15 C:\\xampp\\htdocs\\secprog\\SecPro\\FrontEndSec\\vendor\\laravel\\framework\\src\\Illuminate\\Routing\\Middleware\\SubstituteBindings.php(50): Illuminate\\Pipeline\\Pipeline->Illuminate\\Pipeline\\{closure}(Object(Illuminate\\Http\\Request))
#16 C:\\xampp\\htdocs\\secprog\\SecPro\\FrontEndSec\\vendor\\laravel\\framework\\src\\Illuminate\\Pipeline\\Pipeline.php(219): Illuminate\\Routing\\Middleware\\SubstituteBindings->handle(Object(Illuminate\\Http\\Request), Object(Closure))
#17 C:\\xampp\\htdocs\\secprog\\SecPro\\FrontEndSec\\vendor\\laravel\\framework\\src\\Illuminate\\Foundation\\Http\\Middleware\\VerifyCsrfToken.php(87): Illuminate\\Pipeline\\Pipeline->Illuminate\\Pipeline\\{closure}(Object(Illuminate\\Http\\Request))
#18 C:\\xampp\\htdocs\\secprog\\SecPro\\FrontEndSec\\vendor\\laravel\\framework\\src\\Illuminate\\Pipeline\\Pipeline.php(219): Illuminate\\Foundation\\Http\\Middleware\\VerifyCsrfToken->handle(Object(Illuminate\\Http\\Request), Object(Closure))
#19 C:\\xampp\\htdocs\\secprog\\SecPro\\FrontEndSec\\vendor\\laravel\\framework\\src\\Illuminate\\View\\Middleware\\ShareErrorsFromSession.php(48): Illuminate\\Pipeline\\Pipeline->Illuminate\\Pipeline\\{closure}(Object(Illuminate\\Http\\Request))
#20 C:\\xampp\\htdocs\\secprog\\SecPro\\FrontEndSec\\vendor\\laravel\\framework\\src\\Illuminate\\Pipeline\\Pipeline.php(219): Illuminate\\View\\Middleware\\ShareErrorsFromSession->handle(Object(Illuminate\\Http\\Request), Object(Closure))
#21 C:\\xampp\\htdocs\\secprog\\SecPro\\FrontEndSec\\vendor\\laravel\\framework\\src\\Illuminate\\Session\\Middleware\\StartSession.php(120): Illuminate\\Pipeline\\Pipeline->Illuminate\\Pipeline\\{closure}(Object(Illuminate\\Http\\Request))
#22 C:\\xampp\\htdocs\\secprog\\SecPro\\FrontEndSec\\vendor\\laravel\\framework\\src\\Illuminate\\Session\\Middleware\\StartSession.php(63): Illuminate\\Session\\Middleware\\StartSession->handleStatefulRequest(Object(Illuminate\\Http\\Request), Object(Illuminate\\Session\\Store), Object(Closure))
#23 C:\\xampp\\htdocs\\secprog\\SecPro\\FrontEndSec\\vendor\\laravel\\framework\\src\\Illuminate\\Pipeline\\Pipeline.php(219): Illuminate\\Session\\Middleware\\StartSession->handle(Object(Illuminate\\Http\\Request), Object(Closure))
#24 C:\\xampp\\htdocs\\secprog\\SecPro\\FrontEndSec\\vendor\\laravel\\framework\\src\\Illuminate\\Cookie\\Middleware\\AddQueuedCookiesToResponse.php(36): Illuminate\\Pipeline\\Pipeline->Illuminate\\Pipeline\\{closure}(Object(Illuminate\\Http\\Request))
#25 C:\\xampp\\htdocs\\secprog\\SecPro\\FrontEndSec\\vendor\\laravel\\framework\\src\\Illuminate\\Pipeline\\Pipeline.php(219): Illuminate\\Cookie\\Middleware\\AddQueuedCookiesToResponse->handle(Object(Illuminate\\Http\\Request), Object(Closure))
#26 C:\\xampp\\htdocs\\secprog\\SecPro\\FrontEndSec\\vendor\\laravel\\framework\\src\\Illuminate\\Cookie\\Middleware\\EncryptCookies.php(74): Illuminate\\Pipeline\\Pipeline->Illuminate\\Pipeline\\{closure}(Object(Illuminate\\Http\\Request))
#27 C:\\xampp\\htdocs\\secprog\\SecPro\\FrontEndSec\\vendor\\laravel\\framework\\src\\Illuminate\\Pipeline\\Pipeline.php(219): Illuminate\\Cookie\\Middleware\\EncryptCookies->handle(Object(Illuminate\\Http\\Request), Object(Closure))
#28 C:\\xampp\\htdocs\\secprog\\SecPro\\FrontEndSec\\vendor\\laravel\\framework\\src\\Illuminate\\Pipeline\\Pipeline.php(137): Illuminate\\Pipeline\\Pipeline->Illuminate\\Pipeline\\{closure}(Object(Illuminate\\Http\\Request))
#29 C:\\xampp\\htdocs\\secprog\\SecPro\\FrontEndSec\\vendor\\laravel\\framework\\src\\Illuminate\\Routing\\Router.php(821): Illuminate\\Pipeline\\Pipeline->then(Object(Closure))
#30 C:\\xampp\\htdocs\\secprog\\SecPro\\FrontEndSec\\vendor\\laravel\\framework\\src\\Illuminate\\Routing\\Router.php(800): Illuminate\\Routing\\Router->runRouteWithinStack(Object(Illuminate\\Routing\\Route), Object(Illuminate\\Http\\Request))
#31 C:\\xampp\\htdocs\\secprog\\SecPro\\FrontEndSec\\vendor\\laravel\\framework\\src\\Illuminate\\Routing\\Router.php(764): Illuminate\\Routing\\Router->runRoute(Object(Illuminate\\Http\\Request), Object(Illuminate\\Routing\\Route))
#32 C:\\xampp\\htdocs\\secprog\\SecPro\\FrontEndSec\\vendor\\laravel\\framework\\src\\Illuminate\\Routing\\Router.php(753): Illuminate\\Routing\\Router->dispatchToRoute(Object(Illuminate\\Http\\Request))
#33 C:\\xampp\\htdocs\\secprog\\SecPro\\FrontEndSec\\vendor\\laravel\\framework\\src\\Illuminate\\Foundation\\Http\\Kernel.php(200): Illuminate\\Routing\\Router->dispatch(Object(Illuminate\\Http\\Request))
#34 C:\\xampp\\htdocs\\secprog\\SecPro\\FrontEndSec\\vendor\\laravel\\framework\\src\\Illuminate\\Pipeline\\Pipeline.php(180): Illuminate\\Foundation\\Http\\Kernel->Illuminate\\Foundation\\Http\\{closure}(Object(Illuminate\\Http\\Request))
#35 C:\\xampp\\htdocs\\secprog\\SecPro\\FrontEndSec\\vendor\\laravel\\framework\\src\\Illuminate\\Foundation\\Http\\Middleware\\TransformsRequest.php(21): Illuminate\\Pipeline\\Pipeline->Illuminate\\Pipeline\\{closure}(Object(Illuminate\\Http\\Request))
#36 C:\\xampp\\htdocs\\secprog\\SecPro\\FrontEndSec\\vendor\\laravel\\framework\\src\\Illuminate\\Foundation\\Http\\Middleware\\ConvertEmptyStringsToNull.php(31): Illuminate\\Foundation\\Http\\Middleware\\TransformsRequest->handle(Object(Illuminate\\Http\\Request), Object(Closure))
#37 C:\\xampp\\htdocs\\secprog\\SecPro\\FrontEndSec\\vendor\\laravel\\framework\\src\\Illuminate\\Pipeline\\Pipeline.php(219): Illuminate\\Foundation\\Http\\Middleware\\ConvertEmptyStringsToNull->handle(Object(Illuminate\\Http\\Request), Object(Closure))
#38 C:\\xampp\\htdocs\\secprog\\SecPro\\FrontEndSec\\vendor\\laravel\\framework\\src\\Illuminate\\Foundation\\Http\\Middleware\\TransformsRequest.php(21): Illuminate\\Pipeline\\Pipeline->Illuminate\\Pipeline\\{closure}(Object(Illuminate\\Http\\Request))
#39 C:\\xampp\\htdocs\\secprog\\SecPro\\FrontEndSec\\vendor\\laravel\\framework\\src\\Illuminate\\Foundation\\Http\\Middleware\\TrimStrings.php(51): Illuminate\\Foundation\\Http\\Middleware\\TransformsRequest->handle(Object(Illuminate\\Http\\Request), Object(Closure))
#40 C:\\xampp\\htdocs\\secprog\\SecPro\\FrontEndSec\\vendor\\laravel\\framework\\src\\Illuminate\\Pipeline\\Pipeline.php(219): Illuminate\\Foundation\\Http\\Middleware\\TrimStrings->handle(Object(Illuminate\\Http\\Request), Object(Closure))
#41 C:\\xampp\\htdocs\\secprog\\SecPro\\FrontEndSec\\vendor\\laravel\\framework\\src\\Illuminate\\Http\\Middleware\\ValidatePostSize.php(27): Illuminate\\Pipeline\\Pipeline->Illuminate\\Pipeline\\{closure}(Object(Illuminate\\Http\\Request))
#42 C:\\xampp\\htdocs\\secprog\\SecPro\\FrontEndSec\\vendor\\laravel\\framework\\src\\Illuminate\\Pipeline\\Pipeline.php(219): Illuminate\\Http\\Middleware\\ValidatePostSize->handle(Object(Illuminate\\Http\\Request), Object(Closure))
#43 C:\\xampp\\htdocs\\secprog\\SecPro\\FrontEndSec\\vendor\\laravel\\framework\\src\\Illuminate\\Foundation\\Http\\Middleware\\PreventRequestsDuringMaintenance.php(109): Illuminate\\Pipeline\\Pipeline->Illuminate\\Pipeline\\{closure}(Object(Illuminate\\Http\\Request))
#44 C:\\xampp\\htdocs\\secprog\\SecPro\\FrontEndSec\\vendor\\laravel\\framework\\src\\Illuminate\\Pipeline\\Pipeline.php(219): Illuminate\\Foundation\\Http\\Middleware\\PreventRequestsDuringMaintenance->handle(Object(Illuminate\\Http\\Request), Object(Closure))
#45 C:\\xampp\\htdocs\\secprog\\SecPro\\FrontEndSec\\vendor\\laravel\\framework\\src\\Illuminate\\Http\\Middleware\\HandleCors.php(48): Illuminate\\Pipeline\\Pipeline->Illuminate\\Pipeline\\{closure}(Object(Illuminate\\Http\\Request))
#46 C:\\xampp\\htdocs\\secprog\\SecPro\\FrontEndSec\\vendor\\laravel\\framework\\src\\Illuminate\\Pipeline\\Pipeline.php(219): Illuminate\\Http\\Middleware\\HandleCors->handle(Object(Illuminate\\Http\\Request), Object(Closure))
#47 C:\\xampp\\htdocs\\secprog\\SecPro\\FrontEndSec\\vendor\\laravel\\framework\\src\\Illuminate\\Http\\Middleware\\TrustProxies.php(58): Illuminate\\Pipeline\\Pipeline->Illuminate\\Pipeline\\{closure}(Object(Illuminate\\Http\\Request))
#48 C:\\xampp\\htdocs\\secprog\\SecPro\\FrontEndSec\\vendor\\laravel\\framework\\src\\Illuminate\\Pipeline\\Pipeline.php(219): Illuminate\\Http\\Middleware\\TrustProxies->handle(Object(Illuminate\\Http\\Request), Object(Closure))
#49 C:\\xampp\\htdocs\\secprog\\SecPro\\FrontEndSec\\vendor\\laravel\\framework\\src\\Illuminate\\Foundation\\Http\\Middleware\\InvokeDeferredCallbacks.php(22): Illuminate\\Pipeline\\Pipeline->Illuminate\\Pipeline\\{closure}(Object(Illuminate\\Http\\Request))
#50 C:\\xampp\\htdocs\\secprog\\SecPro\\FrontEndSec\\vendor\\laravel\\framework\\src\\Illuminate\\Pipeline\\Pipeline.php(219): Illuminate\\Foundation\\Http\\Middleware\\InvokeDeferredCallbacks->handle(Object(Illuminate\\Http\\Request), Object(Closure))
#51 C:\\xampp\\htdocs\\secprog\\SecPro\\FrontEndSec\\vendor\\laravel\\framework\\src\\Illuminate\\Http\\Middleware\\ValidatePathEncoding.php(26): Illuminate\\Pipeline\\Pipeline->Illuminate\\Pipeline\\{closure}(Object(Illuminate\\Http\\Request))
#52 C:\\xampp\\htdocs\\secprog\\SecPro\\FrontEndSec\\vendor\\laravel\\framework\\src\\Illuminate\\Pipeline\\Pipeline.php(219): Illuminate\\Http\\Middleware\\ValidatePathEncoding->handle(Object(Illuminate\\Http\\Request), Object(Closure))
#53 C:\\xampp\\htdocs\\secprog\\SecPro\\FrontEndSec\\vendor\\laravel\\framework\\src\\Illuminate\\Pipeline\\Pipeline.php(137): Illuminate\\Pipeline\\Pipeline->Illuminate\\Pipeline\\{closure}(Object(Illuminate\\Http\\Request))
#54 C:\\xampp\\htdocs\\secprog\\SecPro\\FrontEndSec\\vendor\\laravel\\framework\\src\\Illuminate\\Foundation\\Http\\Kernel.php(175): Illuminate\\Pipeline\\Pipeline->then(Object(Closure))
#55 C:\\xampp\\htdocs\\secprog\\SecPro\\FrontEndSec\\vendor\\laravel\\framework\\src\\Illuminate\\Foundation\\Http\\Kernel.php(144): Illuminate\\Foundation\\Http\\Kernel->sendRequestThroughRouter(Object(Illuminate\\Http\\Request))
#56 C:\\xampp\\htdocs\\secprog\\SecPro\\FrontEndSec\\vendor\\laravel\\framework\\src\\Illuminate\\Foundation\\Application.php(1220): Illuminate\\Foundation\\Http\\Kernel->handle(Object(Illuminate\\Http\\Request))
#57 C:\\xampp\\htdocs\\secprog\\SecPro\\FrontEndSec\\public\\index.php(20): Illuminate\\Foundation\\Application->handleRequest(Object(Illuminate\\Http\\Request))
#58 C:\\xampp\\htdocs\\secprog\\SecPro\\FrontEndSec\\vendor\\laravel\\framework\\src\\Illuminate\\Foundation\\resources\\server.php(23): require_once('C:\\\\xampp\\\\htdocs...')
#59 {main}
"} 
[2025-11-18 15:37:58] local.ERROR: Undefined variable $weeklyRecipes (View: C:\xampp\htdocs\secprog\SecPro\FrontEndSec\resources\views\mainPage.blade.php) {"exception":"[object] (Illuminate\\View\\ViewException(code: 0): Undefined variable $weeklyRecipes (View: C:\\xampp\\htdocs\\secprog\\SecPro\\FrontEndSec\\resources\\views\\mainPage.blade.php) at C:\\xampp\\htdocs\\secprog\\SecPro\\FrontEndSec\\storage\\framework\\views\\1f1e764261ce25fd6ab9770d03d6856e.php:142)
[stacktrace]
#0 C:\\xampp\\htdocs\\secprog\\SecPro\\FrontEndSec\\vendor\\laravel\\framework\\src\\Illuminate\\View\\Engines\\PhpEngine.php(59): Illuminate\\View\\Engines\\CompilerEngine->handleViewException(Object(ErrorException), 1)
#1 C:\\xampp\\htdocs\\secprog\\SecPro\\FrontEndSec\\vendor\\laravel\\framework\\src\\Illuminate\\View\\Engines\\CompilerEngine.php(76): Illuminate\\View\\Engines\\PhpEngine->evaluatePath('C:\\\\xampp\\\\htdocs...', Array)
#2 C:\\xampp\\htdocs\\secprog\\SecPro\\FrontEndSec\\vendor\\laravel\\framework\\src\\Illuminate\\View\\View.php(208): Illuminate\\View\\Engines\\CompilerEngine->get('C:\\\\xampp\\\\htdocs...', Array)
#3 C:\\xampp\\htdocs\\secprog\\SecPro\\FrontEndSec\\vendor\\laravel\\framework\\src\\Illuminate\\View\\View.php(191): Illuminate\\View\\View->getContents()
#4 C:\\xampp\\htdocs\\secprog\\SecPro\\FrontEndSec\\vendor\\laravel\\framework\\src\\Illuminate\\View\\View.php(160): Illuminate\\View\\View->renderContents()
#5 C:\\xampp\\htdocs\\secprog\\SecPro\\FrontEndSec\\vendor\\laravel\\framework\\src\\Illuminate\\Http\\Response.php(78): Illuminate\\View\\View->render()
#6 C:\\xampp\\htdocs\\secprog\\SecPro\\FrontEndSec\\vendor\\laravel\\framework\\src\\Illuminate\\Http\\Response.php(34): Illuminate\\Http\\Response->setContent(Object(Illuminate\\View\\View))
#7 C:\\xampp\\htdocs\\secprog\\SecPro\\FrontEndSec\\vendor\\laravel\\framework\\src\\Illuminate\\Routing\\Router.php(939): Illuminate\\Http\\Response->__construct(Object(Illuminate\\View\\View), 200, Array)
#8 C:\\xampp\\htdocs\\secprog\\SecPro\\FrontEndSec\\vendor\\laravel\\framework\\src\\Illuminate\\Routing\\Router.php(906): Illuminate\\Routing\\Router::toResponse(Object(Illuminate\\Http\\Request), Object(Illuminate\\View\\View))
#9 C:\\xampp\\htdocs\\secprog\\SecPro\\FrontEndSec\\vendor\\laravel\\framework\\src\\Illuminate\\Routing\\Router.php(821): Illuminate\\Routing\\Router->prepareResponse(Object(Illuminate\\Http\\Request), Object(Illuminate\\View\\View))
#10 C:\\xampp\\htdocs\\secprog\\SecPro\\FrontEndSec\\vendor\\laravel\\framework\\src\\Illuminate\\Pipeline\\Pipeline.php(180): Illuminate\\Routing\\Router->Illuminate\\Routing\\{closure}(Object(Illuminate\\Http\\Request))
#11 C:\\xampp\\htdocs\\secprog\\SecPro\\FrontEndSec\\vendor\\laravel\\framework\\src\\Illuminate\\Routing\\Middleware\\SubstituteBindings.php(50): Illuminate\\Pipeline\\Pipeline->Illuminate\\Pipeline\\{closure}(Object(Illuminate\\Http\\Request))
#12 C:\\xampp\\htdocs\\secprog\\SecPro\\FrontEndSec\\vendor\\laravel\\framework\\src\\Illuminate\\Pipeline\\Pipeline.php(219): Illuminate\\Routing\\Middleware\\SubstituteBindings->handle(Object(Illuminate\\Http\\Request), Object(Closure))
#13 C:\\xampp\\htdocs\\secprog\\SecPro\\FrontEndSec\\vendor\\laravel\\framework\\src\\Illuminate\\Foundation\\Http\\Middleware\\VerifyCsrfToken.php(87): Illuminate\\Pipeline\\Pipeline->Illuminate\\Pipeline\\{closure}(Object(Illuminate\\Http\\Request))
#14 C:\\xampp\\htdocs\\secprog\\SecPro\\FrontEndSec\\vendor\\laravel\\framework\\src\\Illuminate\\Pipeline\\Pipeline.php(219): Illuminate\\Foundation\\Http\\Middleware\\VerifyCsrfToken->handle(Object(Illuminate\\Http\\Request), Object(Closure))
#15 C:\\xampp\\htdocs\\secprog\\SecPro\\FrontEndSec\\vendor\\laravel\\framework\\src\\Illuminate\\View\\Middleware\\ShareErrorsFromSession.php(48): Illuminate\\Pipeline\\Pipeline->Illuminate\\Pipeline\\{closure}(Object(Illuminate\\Http\\Request))
#16 C:\\xampp\\htdocs\\secprog\\SecPro\\FrontEndSec\\vendor\\laravel\\framework\\src\\Illuminate\\Pipeline\\Pipeline.php(219): Illuminate\\View\\Middleware\\ShareErrorsFromSession->handle(Object(Illuminate\\Http\\Request), Object(Closure))
#17 C:\\xampp\\htdocs\\secprog\\SecPro\\FrontEndSec\\vendor\\laravel\\framework\\src\\Illuminate\\Session\\Middleware\\StartSession.php(120): Illuminate\\Pipeline\\Pipeline->Illuminate\\Pipeline\\{closure}(Object(Illuminate\\Http\\Request))
#18 C:\\xampp\\htdocs\\secprog\\SecPro\\FrontEndSec\\vendor\\laravel\\framework\\src\\Illuminate\\Session\\Middleware\\StartSession.php(63): Illuminate\\Session\\Middleware\\StartSession->handleStatefulRequest(Object(Illuminate\\Http\\Request), Object(Illuminate\\Session\\Store), Object(Closure))
#19 C:\\xampp\\htdocs\\secprog\\SecPro\\FrontEndSec\\vendor\\laravel\\framework\\src\\Illuminate\\Pipeline\\Pipeline.php(219): Illuminate\\Session\\Middleware\\StartSession->handle(Object(Illuminate\\Http\\Request), Object(Closure))
#20 C:\\xampp\\htdocs\\secprog\\SecPro\\FrontEndSec\\vendor\\laravel\\framework\\src\\Illuminate\\Cookie\\Middleware\\AddQueuedCookiesToResponse.php(36): Illuminate\\Pipeline\\Pipeline->Illuminate\\Pipeline\\{closure}(Object(Illuminate\\Http\\Request))
#21 C:\\xampp\\htdocs\\secprog\\SecPro\\FrontEndSec\\vendor\\laravel\\framework\\src\\Illuminate\\Pipeline\\Pipeline.php(219): Illuminate\\Cookie\\Middleware\\AddQueuedCookiesToResponse->handle(Object(Illuminate\\Http\\Request), Object(Closure))
#22 C:\\xampp\\htdocs\\secprog\\SecPro\\FrontEndSec\\vendor\\laravel\\framework\\src\\Illuminate\\Cookie\\Middleware\\EncryptCookies.php(74): Illuminate\\Pipeline\\Pipeline->Illuminate\\Pipeline\\{closure}(Object(Illuminate\\Http\\Request))
#23 C:\\xampp\\htdocs\\secprog\\SecPro\\FrontEndSec\\vendor\\laravel\\framework\\src\\Illuminate\\Pipeline\\Pipeline.php(219): Illuminate\\Cookie\\Middleware\\EncryptCookies->handle(Object(Illuminate\\Http\\Request), Object(Closure))
#24 C:\\xampp\\htdocs\\secprog\\SecPro\\FrontEndSec\\vendor\\laravel\\framework\\src\\Illuminate\\Pipeline\\Pipeline.php(137): Illuminate\\Pipeline\\Pipeline->Illuminate\\Pipeline\\{closure}(Object(Illuminate\\Http\\Request))
#25 C:\\xampp\\htdocs\\secprog\\SecPro\\FrontEndSec\\vendor\\laravel\\framework\\src\\Illuminate\\Routing\\Router.php(821): Illuminate\\Pipeline\\Pipeline->then(Object(Closure))
#26 C:\\xampp\\htdocs\\secprog\\SecPro\\FrontEndSec\\vendor\\laravel\\framework\\src\\Illuminate\\Routing\\Router.php(800): Illuminate\\Routing\\Router->runRouteWithinStack(Object(Illuminate\\Routing\\Route), Object(Illuminate\\Http\\Request))
#27 C:\\xampp\\htdocs\\secprog\\SecPro\\FrontEndSec\\vendor\\laravel\\framework\\src\\Illuminate\\Routing\\Router.php(764): Illuminate\\Routing\\Router->runRoute(Object(Illuminate\\Http\\Request), Object(Illuminate\\Routing\\Route))
#28 C:\\xampp\\htdocs\\secprog\\SecPro\\FrontEndSec\\vendor\\laravel\\framework\\src\\Illuminate\\Routing\\Router.php(753): Illuminate\\Routing\\Router->dispatchToRoute(Object(Illuminate\\Http\\Request))
#29 C:\\xampp\\htdocs\\secprog\\SecPro\\FrontEndSec\\vendor\\laravel\\framework\\src\\Illuminate\\Foundation\\Http\\Kernel.php(200): Illuminate\\Routing\\Router->dispatch(Object(Illuminate\\Http\\Request))
#30 C:\\xampp\\htdocs\\secprog\\SecPro\\FrontEndSec\\vendor\\laravel\\framework\\src\\Illuminate\\Pipeline\\Pipeline.php(180): Illuminate\\Foundation\\Http\\Kernel->Illuminate\\Foundation\\Http\\{closure}(Object(Illuminate\\Http\\Request))
#31 C:\\xampp\\htdocs\\secprog\\SecPro\\FrontEndSec\\vendor\\laravel\\framework\\src\\Illuminate\\Foundation\\Http\\Middleware\\TransformsRequest.php(21): Illuminate\\Pipeline\\Pipeline->Illuminate\\Pipeline\\{closure}(Object(Illuminate\\Http\\Request))
#32 C:\\xampp\\htdocs\\secprog\\SecPro\\FrontEndSec\\vendor\\laravel\\framework\\src\\Illuminate\\Foundation\\Http\\Middleware\\ConvertEmptyStringsToNull.php(31): Illuminate\\Foundation\\Http\\Middleware\\TransformsRequest->handle(Object(Illuminate\\Http\\Request), Object(Closure))
#33 C:\\xampp\\htdocs\\secprog\\SecPro\\FrontEndSec\\vendor\\laravel\\framework\\src\\Illuminate\\Pipeline\\Pipeline.php(219): Illuminate\\Foundation\\Http\\Middleware\\ConvertEmptyStringsToNull->handle(Object(Illuminate\\Http\\Request), Object(Closure))
#34 C:\\xampp\\htdocs\\secprog\\SecPro\\FrontEndSec\\vendor\\laravel\\framework\\src\\Illuminate\\Foundation\\Http\\Middleware\\TransformsRequest.php(21): Illuminate\\Pipeline\\Pipeline->Illuminate\\Pipeline\\{closure}(Object(Illuminate\\Http\\Request))
#35 C:\\xampp\\htdocs\\secprog\\SecPro\\FrontEndSec\\vendor\\laravel\\framework\\src\\Illuminate\\Foundation\\Http\\Middleware\\TrimStrings.php(51): Illuminate\\Foundation\\Http\\Middleware\\TransformsRequest->handle(Object(Illuminate\\Http\\Request), Object(Closure))
#36 C:\\xampp\\htdocs\\secprog\\SecPro\\FrontEndSec\\vendor\\laravel\\framework\\src\\Illuminate\\Pipeline\\Pipeline.php(219): Illuminate\\Foundation\\Http\\Middleware\\TrimStrings->handle(Object(Illuminate\\Http\\Request), Object(Closure))
#37 C:\\xampp\\htdocs\\secprog\\SecPro\\FrontEndSec\\vendor\\laravel\\framework\\src\\Illuminate\\Http\\Middleware\\ValidatePostSize.php(27): Illuminate\\Pipeline\\Pipeline->Illuminate\\Pipeline\\{closure}(Object(Illuminate\\Http\\Request))
#38 C:\\xampp\\htdocs\\secprog\\SecPro\\FrontEndSec\\vendor\\laravel\\framework\\src\\Illuminate\\Pipeline\\Pipeline.php(219): Illuminate\\Http\\Middleware\\ValidatePostSize->handle(Object(Illuminate\\Http\\Request), Object(Closure))
#39 C:\\xampp\\htdocs\\secprog\\SecPro\\FrontEndSec\\vendor\\laravel\\framework\\src\\Illuminate\\Foundation\\Http\\Middleware\\PreventRequestsDuringMaintenance.php(109): Illuminate\\Pipeline\\Pipeline->Illuminate\\Pipeline\\{closure}(Object(Illuminate\\Http\\Request))
#40 C:\\xampp\\htdocs\\secprog\\SecPro\\FrontEndSec\\vendor\\laravel\\framework\\src\\Illuminate\\Pipeline\\Pipeline.php(219): Illuminate\\Foundation\\Http\\Middleware\\PreventRequestsDuringMaintenance->handle(Object(Illuminate\\Http\\Request), Object(Closure))
#41 C:\\xampp\\htdocs\\secprog\\SecPro\\FrontEndSec\\vendor\\laravel\\framework\\src\\Illuminate\\Http\\Middleware\\HandleCors.php(48): Illuminate\\Pipeline\\Pipeline->Illuminate\\Pipeline\\{closure}(Object(Illuminate\\Http\\Request))
#42 C:\\xampp\\htdocs\\secprog\\SecPro\\FrontEndSec\\vendor\\laravel\\framework\\src\\Illuminate\\Pipeline\\Pipeline.php(219): Illuminate\\Http\\Middleware\\HandleCors->handle(Object(Illuminate\\Http\\Request), Object(Closure))
#43 C:\\xampp\\htdocs\\secprog\\SecPro\\FrontEndSec\\vendor\\laravel\\framework\\src\\Illuminate\\Http\\Middleware\\TrustProxies.php(58): Illuminate\\Pipeline\\Pipeline->Illuminate\\Pipeline\\{closure}(Object(Illuminate\\Http\\Request))
#44 C:\\xampp\\htdocs\\secprog\\SecPro\\FrontEndSec\\vendor\\laravel\\framework\\src\\Illuminate\\Pipeline\\Pipeline.php(219): Illuminate\\Http\\Middleware\\TrustProxies->handle(Object(Illuminate\\Http\\Request), Object(Closure))
#45 C:\\xampp\\htdocs\\secprog\\SecPro\\FrontEndSec\\vendor\\laravel\\framework\\src\\Illuminate\\Foundation\\Http\\Middleware\\InvokeDeferredCallbacks.php(22): Illuminate\\Pipeline\\Pipeline->Illuminate\\Pipeline\\{closure}(Object(Illuminate\\Http\\Request))
#46 C:\\xampp\\htdocs\\secprog\\SecPro\\FrontEndSec\\vendor\\laravel\\framework\\src\\Illuminate\\Pipeline\\Pipeline.php(219): Illuminate\\Foundation\\Http\\Middleware\\InvokeDeferredCallbacks->handle(Object(Illuminate\\Http\\Request), Object(Closure))
#47 C:\\xampp\\htdocs\\secprog\\SecPro\\FrontEndSec\\vendor\\laravel\\framework\\src\\Illuminate\\Http\\Middleware\\ValidatePathEncoding.php(26): Illuminate\\Pipeline\\Pipeline->Illuminate\\Pipeline\\{closure}(Object(Illuminate\\Http\\Request))
#48 C:\\xampp\\htdocs\\secprog\\SecPro\\FrontEndSec\\vendor\\laravel\\framework\\src\\Illuminate\\Pipeline\\Pipeline.php(219): Illuminate\\Http\\Middleware\\ValidatePathEncoding->handle(Object(Illuminate\\Http\\Request), Object(Closure))
#49 C:\\xampp\\htdocs\\secprog\\SecPro\\FrontEndSec\\vendor\\laravel\\framework\\src\\Illuminate\\Pipeline\\Pipeline.php(137): Illuminate\\Pipeline\\Pipeline->Illuminate\\Pipeline\\{closure}(Object(Illuminate\\Http\\Request))
#50 C:\\xampp\\htdocs\\secprog\\SecPro\\FrontEndSec\\vendor\\laravel\\framework\\src\\Illuminate\\Foundation\\Http\\Kernel.php(175): Illuminate\\Pipeline\\Pipeline->then(Object(Closure))
#51 C:\\xampp\\htdocs\\secprog\\SecPro\\FrontEndSec\\vendor\\laravel\\framework\\src\\Illuminate\\Foundation\\Http\\Kernel.php(144): Illuminate\\Foundation\\Http\\Kernel->sendRequestThroughRouter(Object(Illuminate\\Http\\Request))
#52 C:\\xampp\\htdocs\\secprog\\SecPro\\FrontEndSec\\vendor\\laravel\\framework\\src\\Illuminate\\Foundation\\Application.php(1220): Illuminate\\Foundation\\Http\\Kernel->handle(Object(Illuminate\\Http\\Request))
#53 C:\\xampp\\htdocs\\secprog\\SecPro\\FrontEndSec\\public\\index.php(20): Illuminate\\Foundation\\Application->handleRequest(Object(Illuminate\\Http\\Request))
#54 C:\\xampp\\htdocs\\secprog\\SecPro\\FrontEndSec\\vendor\\laravel\\framework\\src\\Illuminate\\Foundation\\resources\\server.php(23): require_once('C:\\\\xampp\\\\htdocs...')
#55 {main}

[previous exception] [object] (ErrorException(code: 0): Undefined variable $weeklyRecipes at C:\\xampp\\htdocs\\secprog\\SecPro\\FrontEndSec\\storage\\framework\\views\\1f1e764261ce25fd6ab9770d03d6856e.php:142)
[stacktrace]
#0 C:\\xampp\\htdocs\\secprog\\SecPro\\FrontEndSec\\vendor\\laravel\\framework\\src\\Illuminate\\Foundation\\Bootstrap\\HandleExceptions.php(258): Illuminate\\Foundation\\Bootstrap\\HandleExceptions->handleError(2, 'Undefined varia...', 'C:\\\\xampp\\\\htdocs...', 142)
#1 C:\\xampp\\htdocs\\secprog\\SecPro\\FrontEndSec\\storage\\framework\\views\\1f1e764261ce25fd6ab9770d03d6856e.php(142): Illuminate\\Foundation\\Bootstrap\\HandleExceptions->Illuminate\\Foundation\\Bootstrap\\{closure}(2, 'Undefined varia...', 'C:\\\\xampp\\\\htdocs...', 142)
#2 C:\\xampp\\htdocs\\secprog\\SecPro\\FrontEndSec\\vendor\\laravel\\framework\\src\\Illuminate\\Filesystem\\Filesystem.php(123): require('C:\\\\xampp\\\\htdocs...')
#3 C:\\xampp\\htdocs\\secprog\\SecPro\\FrontEndSec\\vendor\\laravel\\framework\\src\\Illuminate\\Filesystem\\Filesystem.php(124): Illuminate\\Filesystem\\Filesystem::Illuminate\\Filesystem\\{closure}()
#4 C:\\xampp\\htdocs\\secprog\\SecPro\\FrontEndSec\\vendor\\laravel\\framework\\src\\Illuminate\\View\\Engines\\PhpEngine.php(57): Illuminate\\Filesystem\\Filesystem->getRequire('C:\\\\xampp\\\\htdocs...', Array)
#5 C:\\xampp\\htdocs\\secprog\\SecPro\\FrontEndSec\\vendor\\laravel\\framework\\src\\Illuminate\\View\\Engines\\CompilerEngine.php(76): Illuminate\\View\\Engines\\PhpEngine->evaluatePath('C:\\\\xampp\\\\htdocs...', Array)
#6 C:\\xampp\\htdocs\\secprog\\SecPro\\FrontEndSec\\vendor\\laravel\\framework\\src\\Illuminate\\View\\View.php(208): Illuminate\\View\\Engines\\CompilerEngine->get('C:\\\\xampp\\\\htdocs...', Array)
#7 C:\\xampp\\htdocs\\secprog\\SecPro\\FrontEndSec\\vendor\\laravel\\framework\\src\\Illuminate\\View\\View.php(191): Illuminate\\View\\View->getContents()
#8 C:\\xampp\\htdocs\\secprog\\SecPro\\FrontEndSec\\vendor\\laravel\\framework\\src\\Illuminate\\View\\View.php(160): Illuminate\\View\\View->renderContents()
#9 C:\\xampp\\htdocs\\secprog\\SecPro\\FrontEndSec\\vendor\\laravel\\framework\\src\\Illuminate\\Http\\Response.php(78): Illuminate\\View\\View->render()
#10 C:\\xampp\\htdocs\\secprog\\SecPro\\FrontEndSec\\vendor\\laravel\\framework\\src\\Illuminate\\Http\\Response.php(34): Illuminate\\Http\\Response->setContent(Object(Illuminate\\View\\View))
#11 C:\\xampp\\htdocs\\secprog\\SecPro\\FrontEndSec\\vendor\\laravel\\framework\\src\\Illuminate\\Routing\\Router.php(939): Illuminate\\Http\\Response->__construct(Object(Illuminate\\View\\View), 200, Array)
#12 C:\\xampp\\htdocs\\secprog\\SecPro\\FrontEndSec\\vendor\\laravel\\framework\\src\\Illuminate\\Routing\\Router.php(906): Illuminate\\Routing\\Router::toResponse(Object(Illuminate\\Http\\Request), Object(Illuminate\\View\\View))
#13 C:\\xampp\\htdocs\\secprog\\SecPro\\FrontEndSec\\vendor\\laravel\\framework\\src\\Illuminate\\Routing\\Router.php(821): Illuminate\\Routing\\Router->prepareResponse(Object(Illuminate\\Http\\Request), Object(Illuminate\\View\\View))
#14 C:\\xampp\\htdocs\\secprog\\SecPro\\FrontEndSec\\vendor\\laravel\\framework\\src\\Illuminate\\Pipeline\\Pipeline.php(180): Illuminate\\Routing\\Router->Illuminate\\Routing\\{closure}(Object(Illuminate\\Http\\Request))
#15 C:\\xampp\\htdocs\\secprog\\SecPro\\FrontEndSec\\vendor\\laravel\\framework\\src\\Illuminate\\Routing\\Middleware\\SubstituteBindings.php(50): Illuminate\\Pipeline\\Pipeline->Illuminate\\Pipeline\\{closure}(Object(Illuminate\\Http\\Request))
#16 C:\\xampp\\htdocs\\secprog\\SecPro\\FrontEndSec\\vendor\\laravel\\framework\\src\\Illuminate\\Pipeline\\Pipeline.php(219): Illuminate\\Routing\\Middleware\\SubstituteBindings->handle(Object(Illuminate\\Http\\Request), Object(Closure))
#17 C:\\xampp\\htdocs\\secprog\\SecPro\\FrontEndSec\\vendor\\laravel\\framework\\src\\Illuminate\\Foundation\\Http\\Middleware\\VerifyCsrfToken.php(87): Illuminate\\Pipeline\\Pipeline->Illuminate\\Pipeline\\{closure}(Object(Illuminate\\Http\\Request))
#18 C:\\xampp\\htdocs\\secprog\\SecPro\\FrontEndSec\\vendor\\laravel\\framework\\src\\Illuminate\\Pipeline\\Pipeline.php(219): Illuminate\\Foundation\\Http\\Middleware\\VerifyCsrfToken->handle(Object(Illuminate\\Http\\Request), Object(Closure))
#19 C:\\xampp\\htdocs\\secprog\\SecPro\\FrontEndSec\\vendor\\laravel\\framework\\src\\Illuminate\\View\\Middleware\\ShareErrorsFromSession.php(48): Illuminate\\Pipeline\\Pipeline->Illuminate\\Pipeline\\{closure}(Object(Illuminate\\Http\\Request))
#20 C:\\xampp\\htdocs\\secprog\\SecPro\\FrontEndSec\\vendor\\laravel\\framework\\src\\Illuminate\\Pipeline\\Pipeline.php(219): Illuminate\\View\\Middleware\\ShareErrorsFromSession->handle(Object(Illuminate\\Http\\Request), Object(Closure))
#21 C:\\xampp\\htdocs\\secprog\\SecPro\\FrontEndSec\\vendor\\laravel\\framework\\src\\Illuminate\\Session\\Middleware\\StartSession.php(120): Illuminate\\Pipeline\\Pipeline->Illuminate\\Pipeline\\{closure}(Object(Illuminate\\Http\\Request))
#22 C:\\xampp\\htdocs\\secprog\\SecPro\\FrontEndSec\\vendor\\laravel\\framework\\src\\Illuminate\\Session\\Middleware\\StartSession.php(63): Illuminate\\Session\\Middleware\\StartSession->handleStatefulRequest(Object(Illuminate\\Http\\Request), Object(Illuminate\\Session\\Store), Object(Closure))
#23 C:\\xampp\\htdocs\\secprog\\SecPro\\FrontEndSec\\vendor\\laravel\\framework\\src\\Illuminate\\Pipeline\\Pipeline.php(219): Illuminate\\Session\\Middleware\\StartSession->handle(Object(Illuminate\\Http\\Request), Object(Closure))
#24 C:\\xampp\\htdocs\\secprog\\SecPro\\FrontEndSec\\vendor\\laravel\\framework\\src\\Illuminate\\Cookie\\Middleware\\AddQueuedCookiesToResponse.php(36): Illuminate\\Pipeline\\Pipeline->Illuminate\\Pipeline\\{closure}(Object(Illuminate\\Http\\Request))
#25 C:\\xampp\\htdocs\\secprog\\SecPro\\FrontEndSec\\vendor\\laravel\\framework\\src\\Illuminate\\Pipeline\\Pipeline.php(219): Illuminate\\Cookie\\Middleware\\AddQueuedCookiesToResponse->handle(Object(Illuminate\\Http\\Request), Object(Closure))
#26 C:\\xampp\\htdocs\\secprog\\SecPro\\FrontEndSec\\vendor\\laravel\\framework\\src\\Illuminate\\Cookie\\Middleware\\EncryptCookies.php(74): Illuminate\\Pipeline\\Pipeline->Illuminate\\Pipeline\\{closure}(Object(Illuminate\\Http\\Request))
#27 C:\\xampp\\htdocs\\secprog\\SecPro\\FrontEndSec\\vendor\\laravel\\framework\\src\\Illuminate\\Pipeline\\Pipeline.php(219): Illuminate\\Cookie\\Middleware\\EncryptCookies->handle(Object(Illuminate\\Http\\Request), Object(Closure))
#28 C:\\xampp\\htdocs\\secprog\\SecPro\\FrontEndSec\\vendor\\laravel\\framework\\src\\Illuminate\\Pipeline\\Pipeline.php(137): Illuminate\\Pipeline\\Pipeline->Illuminate\\Pipeline\\{closure}(Object(Illuminate\\Http\\Request))
#29 C:\\xampp\\htdocs\\secprog\\SecPro\\FrontEndSec\\vendor\\laravel\\framework\\src\\Illuminate\\Routing\\Router.php(821): Illuminate\\Pipeline\\Pipeline->then(Object(Closure))
#30 C:\\xampp\\htdocs\\secprog\\SecPro\\FrontEndSec\\vendor\\laravel\\framework\\src\\Illuminate\\Routing\\Router.php(800): Illuminate\\Routing\\Router->runRouteWithinStack(Object(Illuminate\\Routing\\Route), Object(Illuminate\\Http\\Request))
#31 C:\\xampp\\htdocs\\secprog\\SecPro\\FrontEndSec\\vendor\\laravel\\framework\\src\\Illuminate\\Routing\\Router.php(764): Illuminate\\Routing\\Router->runRoute(Object(Illuminate\\Http\\Request), Object(Illuminate\\Routing\\Route))
#32 C:\\xampp\\htdocs\\secprog\\SecPro\\FrontEndSec\\vendor\\laravel\\framework\\src\\Illuminate\\Routing\\Router.php(753): Illuminate\\Routing\\Router->dispatchToRoute(Object(Illuminate\\Http\\Request))
#33 C:\\xampp\\htdocs\\secprog\\SecPro\\FrontEndSec\\vendor\\laravel\\framework\\src\\Illuminate\\Foundation\\Http\\Kernel.php(200): Illuminate\\Routing\\Router->dispatch(Object(Illuminate\\Http\\Request))
#34 C:\\xampp\\htdocs\\secprog\\SecPro\\FrontEndSec\\vendor\\laravel\\framework\\src\\Illuminate\\Pipeline\\Pipeline.php(180): Illuminate\\Foundation\\Http\\Kernel->Illuminate\\Foundation\\Http\\{closure}(Object(Illuminate\\Http\\Request))
#35 C:\\xampp\\htdocs\\secprog\\SecPro\\FrontEndSec\\vendor\\laravel\\framework\\src\\Illuminate\\Foundation\\Http\\Middleware\\TransformsRequest.php(21): Illuminate\\Pipeline\\Pipeline->Illuminate\\Pipeline\\{closure}(Object(Illuminate\\Http\\Request))
#36 C:\\xampp\\htdocs\\secprog\\SecPro\\FrontEndSec\\vendor\\laravel\\framework\\src\\Illuminate\\Foundation\\Http\\Middleware\\ConvertEmptyStringsToNull.php(31): Illuminate\\Foundation\\Http\\Middleware\\TransformsRequest->handle(Object(Illuminate\\Http\\Request), Object(Closure))
#37 C:\\xampp\\htdocs\\secprog\\SecPro\\FrontEndSec\\vendor\\laravel\\framework\\src\\Illuminate\\Pipeline\\Pipeline.php(219): Illuminate\\Foundation\\Http\\Middleware\\ConvertEmptyStringsToNull->handle(Object(Illuminate\\Http\\Request), Object(Closure))
#38 C:\\xampp\\htdocs\\secprog\\SecPro\\FrontEndSec\\vendor\\laravel\\framework\\src\\Illuminate\\Foundation\\Http\\Middleware\\TransformsRequest.php(21): Illuminate\\Pipeline\\Pipeline->Illuminate\\Pipeline\\{closure}(Object(Illuminate\\Http\\Request))
#39 C:\\xampp\\htdocs\\secprog\\SecPro\\FrontEndSec\\vendor\\laravel\\framework\\src\\Illuminate\\Foundation\\Http\\Middleware\\TrimStrings.php(51): Illuminate\\Foundation\\Http\\Middleware\\TransformsRequest->handle(Object(Illuminate\\Http\\Request), Object(Closure))
#40 C:\\xampp\\htdocs\\secprog\\SecPro\\FrontEndSec\\vendor\\laravel\\framework\\src\\Illuminate\\Pipeline\\Pipeline.php(219): Illuminate\\Foundation\\Http\\Middleware\\TrimStrings->handle(Object(Illuminate\\Http\\Request), Object(Closure))
#41 C:\\xampp\\htdocs\\secprog\\SecPro\\FrontEndSec\\vendor\\laravel\\framework\\src\\Illuminate\\Http\\Middleware\\ValidatePostSize.php(27): Illuminate\\Pipeline\\Pipeline->Illuminate\\Pipeline\\{closure}(Object(Illuminate\\Http\\Request))
#42 C:\\xampp\\htdocs\\secprog\\SecPro\\FrontEndSec\\vendor\\laravel\\framework\\src\\Illuminate\\Pipeline\\Pipeline.php(219): Illuminate\\Http\\Middleware\\ValidatePostSize->handle(Object(Illuminate\\Http\\Request), Object(Closure))
#43 C:\\xampp\\htdocs\\secprog\\SecPro\\FrontEndSec\\vendor\\laravel\\framework\\src\\Illuminate\\Foundation\\Http\\Middleware\\PreventRequestsDuringMaintenance.php(109): Illuminate\\Pipeline\\Pipeline->Illuminate\\Pipeline\\{closure}(Object(Illuminate\\Http\\Request))
#44 C:\\xampp\\htdocs\\secprog\\SecPro\\FrontEndSec\\vendor\\laravel\\framework\\src\\Illuminate\\Pipeline\\Pipeline.php(219): Illuminate\\Foundation\\Http\\Middleware\\PreventRequestsDuringMaintenance->handle(Object(Illuminate\\Http\\Request), Object(Closure))
#45 C:\\xampp\\htdocs\\secprog\\SecPro\\FrontEndSec\\vendor\\laravel\\framework\\src\\Illuminate\\Http\\Middleware\\HandleCors.php(48): Illuminate\\Pipeline\\Pipeline->Illuminate\\Pipeline\\{closure}(Object(Illuminate\\Http\\Request))
#46 C:\\xampp\\htdocs\\secprog\\SecPro\\FrontEndSec\\vendor\\laravel\\framework\\src\\Illuminate\\Pipeline\\Pipeline.php(219): Illuminate\\Http\\Middleware\\HandleCors->handle(Object(Illuminate\\Http\\Request), Object(Closure))
#47 C:\\xampp\\htdocs\\secprog\\SecPro\\FrontEndSec\\vendor\\laravel\\framework\\src\\Illuminate\\Http\\Middleware\\TrustProxies.php(58): Illuminate\\Pipeline\\Pipeline->Illuminate\\Pipeline\\{closure}(Object(Illuminate\\Http\\Request))
#48 C:\\xampp\\htdocs\\secprog\\SecPro\\FrontEndSec\\vendor\\laravel\\framework\\src\\Illuminate\\Pipeline\\Pipeline.php(219): Illuminate\\Http\\Middleware\\TrustProxies->handle(Object(Illuminate\\Http\\Request), Object(Closure))
#49 C:\\xampp\\htdocs\\secprog\\SecPro\\FrontEndSec\\vendor\\laravel\\framework\\src\\Illuminate\\Foundation\\Http\\Middleware\\InvokeDeferredCallbacks.php(22): Illuminate\\Pipeline\\Pipeline->Illuminate\\Pipeline\\{closure}(Object(Illuminate\\Http\\Request))
#50 C:\\xampp\\htdocs\\secprog\\SecPro\\FrontEndSec\\vendor\\laravel\\framework\\src\\Illuminate\\Pipeline\\Pipeline.php(219): Illuminate\\Foundation\\Http\\Middleware\\InvokeDeferredCallbacks->handle(Object(Illuminate\\Http\\Request), Object(Closure))
#51 C:\\xampp\\htdocs\\secprog\\SecPro\\FrontEndSec\\vendor\\laravel\\framework\\src\\Illuminate\\Http\\Middleware\\ValidatePathEncoding.php(26): Illuminate\\Pipeline\\Pipeline->Illuminate\\Pipeline\\{closure}(Object(Illuminate\\Http\\Request))
#52 C:\\xampp\\htdocs\\secprog\\SecPro\\FrontEndSec\\vendor\\laravel\\framework\\src\\Illuminate\\Pipeline\\Pipeline.php(219): Illuminate\\Http\\Middleware\\ValidatePathEncoding->handle(Object(Illuminate\\Http\\Request), Object(Closure))
#53 C:\\xampp\\htdocs\\secprog\\SecPro\\FrontEndSec\\vendor\\laravel\\framework\\src\\Illuminate\\Pipeline\\Pipeline.php(137): Illuminate\\Pipeline\\Pipeline->Illuminate\\Pipeline\\{closure}(Object(Illuminate\\Http\\Request))
#54 C:\\xampp\\htdocs\\secprog\\SecPro\\FrontEndSec\\vendor\\laravel\\framework\\src\\Illuminate\\Foundation\\Http\\Kernel.php(175): Illuminate\\Pipeline\\Pipeline->then(Object(Closure))
#55 C:\\xampp\\htdocs\\secprog\\SecPro\\FrontEndSec\\vendor\\laravel\\framework\\src\\Illuminate\\Foundation\\Http\\Kernel.php(144): Illuminate\\Foundation\\Http\\Kernel->sendRequestThroughRouter(Object(Illuminate\\Http\\Request))
#56 C:\\xampp\\htdocs\\secprog\\SecPro\\FrontEndSec\\vendor\\laravel\\framework\\src\\Illuminate\\Foundation\\Application.php(1220): Illuminate\\Foundation\\Http\\Kernel->handle(Object(Illuminate\\Http\\Request))
#57 C:\\xampp\\htdocs\\secprog\\SecPro\\FrontEndSec\\public\\index.php(20): Illuminate\\Foundation\\Application->handleRequest(Object(Illuminate\\Http\\Request))
#58 C:\\xampp\\htdocs\\secprog\\SecPro\\FrontEndSec\\vendor\\laravel\\framework\\src\\Illuminate\\Foundation\\resources\\server.php(23): require_once('C:\\\\xampp\\\\htdocs...')
#59 {main}
"} 
[2025-11-18 15:38:04] local.ERROR: Undefined variable $weeklyRecipes (View: C:\xampp\htdocs\secprog\SecPro\FrontEndSec\resources\views\mainPage.blade.php) {"exception":"[object] (Illuminate\\View\\ViewException(code: 0): Undefined variable $weeklyRecipes (View: C:\\xampp\\htdocs\\secprog\\SecPro\\FrontEndSec\\resources\\views\\mainPage.blade.php) at C:\\xampp\\htdocs\\secprog\\SecPro\\FrontEndSec\\storage\\framework\\views\\1f1e764261ce25fd6ab9770d03d6856e.php:142)
[stacktrace]
#0 C:\\xampp\\htdocs\\secprog\\SecPro\\FrontEndSec\\vendor\\laravel\\framework\\src\\Illuminate\\View\\Engines\\PhpEngine.php(59): Illuminate\\View\\Engines\\CompilerEngine->handleViewException(Object(ErrorException), 1)
#1 C:\\xampp\\htdocs\\secprog\\SecPro\\FrontEndSec\\vendor\\laravel\\framework\\src\\Illuminate\\View\\Engines\\CompilerEngine.php(76): Illuminate\\View\\Engines\\PhpEngine->evaluatePath('C:\\\\xampp\\\\htdocs...', Array)
#2 C:\\xampp\\htdocs\\secprog\\SecPro\\FrontEndSec\\vendor\\laravel\\framework\\src\\Illuminate\\View\\View.php(208): Illuminate\\View\\Engines\\CompilerEngine->get('C:\\\\xampp\\\\htdocs...', Array)
#3 C:\\xampp\\htdocs\\secprog\\SecPro\\FrontEndSec\\vendor\\laravel\\framework\\src\\Illuminate\\View\\View.php(191): Illuminate\\View\\View->getContents()
#4 C:\\xampp\\htdocs\\secprog\\SecPro\\FrontEndSec\\vendor\\laravel\\framework\\src\\Illuminate\\View\\View.php(160): Illuminate\\View\\View->renderContents()
#5 C:\\xampp\\htdocs\\secprog\\SecPro\\FrontEndSec\\vendor\\laravel\\framework\\src\\Illuminate\\Http\\Response.php(78): Illuminate\\View\\View->render()
#6 C:\\xampp\\htdocs\\secprog\\SecPro\\FrontEndSec\\vendor\\laravel\\framework\\src\\Illuminate\\Http\\Response.php(34): Illuminate\\Http\\Response->setContent(Object(Illuminate\\View\\View))
#7 C:\\xampp\\htdocs\\secprog\\SecPro\\FrontEndSec\\vendor\\laravel\\framework\\src\\Illuminate\\Routing\\Router.php(939): Illuminate\\Http\\Response->__construct(Object(Illuminate\\View\\View), 200, Array)
#8 C:\\xampp\\htdocs\\secprog\\SecPro\\FrontEndSec\\vendor\\laravel\\framework\\src\\Illuminate\\Routing\\Router.php(906): Illuminate\\Routing\\Router::toResponse(Object(Illuminate\\Http\\Request), Object(Illuminate\\View\\View))
#9 C:\\xampp\\htdocs\\secprog\\SecPro\\FrontEndSec\\vendor\\laravel\\framework\\src\\Illuminate\\Routing\\Router.php(821): Illuminate\\Routing\\Router->prepareResponse(Object(Illuminate\\Http\\Request), Object(Illuminate\\View\\View))
#10 C:\\xampp\\htdocs\\secprog\\SecPro\\FrontEndSec\\vendor\\laravel\\framework\\src\\Illuminate\\Pipeline\\Pipeline.php(180): Illuminate\\Routing\\Router->Illuminate\\Routing\\{closure}(Object(Illuminate\\Http\\Request))
#11 C:\\xampp\\htdocs\\secprog\\SecPro\\FrontEndSec\\vendor\\laravel\\framework\\src\\Illuminate\\Routing\\Middleware\\SubstituteBindings.php(50): Illuminate\\Pipeline\\Pipeline->Illuminate\\Pipeline\\{closure}(Object(Illuminate\\Http\\Request))
#12 C:\\xampp\\htdocs\\secprog\\SecPro\\FrontEndSec\\vendor\\laravel\\framework\\src\\Illuminate\\Pipeline\\Pipeline.php(219): Illuminate\\Routing\\Middleware\\SubstituteBindings->handle(Object(Illuminate\\Http\\Request), Object(Closure))
#13 C:\\xampp\\htdocs\\secprog\\SecPro\\FrontEndSec\\vendor\\laravel\\framework\\src\\Illuminate\\Foundation\\Http\\Middleware\\VerifyCsrfToken.php(87): Illuminate\\Pipeline\\Pipeline->Illuminate\\Pipeline\\{closure}(Object(Illuminate\\Http\\Request))
#14 C:\\xampp\\htdocs\\secprog\\SecPro\\FrontEndSec\\vendor\\laravel\\framework\\src\\Illuminate\\Pipeline\\Pipeline.php(219): Illuminate\\Foundation\\Http\\Middleware\\VerifyCsrfToken->handle(Object(Illuminate\\Http\\Request), Object(Closure))
#15 C:\\xampp\\htdocs\\secprog\\SecPro\\FrontEndSec\\vendor\\laravel\\framework\\src\\Illuminate\\View\\Middleware\\ShareErrorsFromSession.php(48): Illuminate\\Pipeline\\Pipeline->Illuminate\\Pipeline\\{closure}(Object(Illuminate\\Http\\Request))
#16 C:\\xampp\\htdocs\\secprog\\SecPro\\FrontEndSec\\vendor\\laravel\\framework\\src\\Illuminate\\Pipeline\\Pipeline.php(219): Illuminate\\View\\Middleware\\ShareErrorsFromSession->handle(Object(Illuminate\\Http\\Request), Object(Closure))
#17 C:\\xampp\\htdocs\\secprog\\SecPro\\FrontEndSec\\vendor\\laravel\\framework\\src\\Illuminate\\Session\\Middleware\\StartSession.php(120): Illuminate\\Pipeline\\Pipeline->Illuminate\\Pipeline\\{closure}(Object(Illuminate\\Http\\Request))
#18 C:\\xampp\\htdocs\\secprog\\SecPro\\FrontEndSec\\vendor\\laravel\\framework\\src\\Illuminate\\Session\\Middleware\\StartSession.php(63): Illuminate\\Session\\Middleware\\StartSession->handleStatefulRequest(Object(Illuminate\\Http\\Request), Object(Illuminate\\Session\\Store), Object(Closure))
#19 C:\\xampp\\htdocs\\secprog\\SecPro\\FrontEndSec\\vendor\\laravel\\framework\\src\\Illuminate\\Pipeline\\Pipeline.php(219): Illuminate\\Session\\Middleware\\StartSession->handle(Object(Illuminate\\Http\\Request), Object(Closure))
#20 C:\\xampp\\htdocs\\secprog\\SecPro\\FrontEndSec\\vendor\\laravel\\framework\\src\\Illuminate\\Cookie\\Middleware\\AddQueuedCookiesToResponse.php(36): Illuminate\\Pipeline\\Pipeline->Illuminate\\Pipeline\\{closure}(Object(Illuminate\\Http\\Request))
#21 C:\\xampp\\htdocs\\secprog\\SecPro\\FrontEndSec\\vendor\\laravel\\framework\\src\\Illuminate\\Pipeline\\Pipeline.php(219): Illuminate\\Cookie\\Middleware\\AddQueuedCookiesToResponse->handle(Object(Illuminate\\Http\\Request), Object(Closure))
#22 C:\\xampp\\htdocs\\secprog\\SecPro\\FrontEndSec\\vendor\\laravel\\framework\\src\\Illuminate\\Cookie\\Middleware\\EncryptCookies.php(74): Illuminate\\Pipeline\\Pipeline->Illuminate\\Pipeline\\{closure}(Object(Illuminate\\Http\\Request))
#23 C:\\xampp\\htdocs\\secprog\\SecPro\\FrontEndSec\\vendor\\laravel\\framework\\src\\Illuminate\\Pipeline\\Pipeline.php(219): Illuminate\\Cookie\\Middleware\\EncryptCookies->handle(Object(Illuminate\\Http\\Request), Object(Closure))
#24 C:\\xampp\\htdocs\\secprog\\SecPro\\FrontEndSec\\vendor\\laravel\\framework\\src\\Illuminate\\Pipeline\\Pipeline.php(137): Illuminate\\Pipeline\\Pipeline->Illuminate\\Pipeline\\{closure}(Object(Illuminate\\Http\\Request))
#25 C:\\xampp\\htdocs\\secprog\\SecPro\\FrontEndSec\\vendor\\laravel\\framework\\src\\Illuminate\\Routing\\Router.php(821): Illuminate\\Pipeline\\Pipeline->then(Object(Closure))
#26 C:\\xampp\\htdocs\\secprog\\SecPro\\FrontEndSec\\vendor\\laravel\\framework\\src\\Illuminate\\Routing\\Router.php(800): Illuminate\\Routing\\Router->runRouteWithinStack(Object(Illuminate\\Routing\\Route), Object(Illuminate\\Http\\Request))
#27 C:\\xampp\\htdocs\\secprog\\SecPro\\FrontEndSec\\vendor\\laravel\\framework\\src\\Illuminate\\Routing\\Router.php(764): Illuminate\\Routing\\Router->runRoute(Object(Illuminate\\Http\\Request), Object(Illuminate\\Routing\\Route))
#28 C:\\xampp\\htdocs\\secprog\\SecPro\\FrontEndSec\\vendor\\laravel\\framework\\src\\Illuminate\\Routing\\Router.php(753): Illuminate\\Routing\\Router->dispatchToRoute(Object(Illuminate\\Http\\Request))
#29 C:\\xampp\\htdocs\\secprog\\SecPro\\FrontEndSec\\vendor\\laravel\\framework\\src\\Illuminate\\Foundation\\Http\\Kernel.php(200): Illuminate\\Routing\\Router->dispatch(Object(Illuminate\\Http\\Request))
#30 C:\\xampp\\htdocs\\secprog\\SecPro\\FrontEndSec\\vendor\\laravel\\framework\\src\\Illuminate\\Pipeline\\Pipeline.php(180): Illuminate\\Foundation\\Http\\Kernel->Illuminate\\Foundation\\Http\\{closure}(Object(Illuminate\\Http\\Request))
#31 C:\\xampp\\htdocs\\secprog\\SecPro\\FrontEndSec\\vendor\\laravel\\framework\\src\\Illuminate\\Foundation\\Http\\Middleware\\TransformsRequest.php(21): Illuminate\\Pipeline\\Pipeline->Illuminate\\Pipeline\\{closure}(Object(Illuminate\\Http\\Request))
#32 C:\\xampp\\htdocs\\secprog\\SecPro\\FrontEndSec\\vendor\\laravel\\framework\\src\\Illuminate\\Foundation\\Http\\Middleware\\ConvertEmptyStringsToNull.php(31): Illuminate\\Foundation\\Http\\Middleware\\TransformsRequest->handle(Object(Illuminate\\Http\\Request), Object(Closure))
#33 C:\\xampp\\htdocs\\secprog\\SecPro\\FrontEndSec\\vendor\\laravel\\framework\\src\\Illuminate\\Pipeline\\Pipeline.php(219): Illuminate\\Foundation\\Http\\Middleware\\ConvertEmptyStringsToNull->handle(Object(Illuminate\\Http\\Request), Object(Closure))
#34 C:\\xampp\\htdocs\\secprog\\SecPro\\FrontEndSec\\vendor\\laravel\\framework\\src\\Illuminate\\Foundation\\Http\\Middleware\\TransformsRequest.php(21): Illuminate\\Pipeline\\Pipeline->Illuminate\\Pipeline\\{closure}(Object(Illuminate\\Http\\Request))
#35 C:\\xampp\\htdocs\\secprog\\SecPro\\FrontEndSec\\vendor\\laravel\\framework\\src\\Illuminate\\Foundation\\Http\\Middleware\\TrimStrings.php(51): Illuminate\\Foundation\\Http\\Middleware\\TransformsRequest->handle(Object(Illuminate\\Http\\Request), Object(Closure))
#36 C:\\xampp\\htdocs\\secprog\\SecPro\\FrontEndSec\\vendor\\laravel\\framework\\src\\Illuminate\\Pipeline\\Pipeline.php(219): Illuminate\\Foundation\\Http\\Middleware\\TrimStrings->handle(Object(Illuminate\\Http\\Request), Object(Closure))
#37 C:\\xampp\\htdocs\\secprog\\SecPro\\FrontEndSec\\vendor\\laravel\\framework\\src\\Illuminate\\Http\\Middleware\\ValidatePostSize.php(27): Illuminate\\Pipeline\\Pipeline->Illuminate\\Pipeline\\{closure}(Object(Illuminate\\Http\\Request))
#38 C:\\xampp\\htdocs\\secprog\\SecPro\\FrontEndSec\\vendor\\laravel\\framework\\src\\Illuminate\\Pipeline\\Pipeline.php(219): Illuminate\\Http\\Middleware\\ValidatePostSize->handle(Object(Illuminate\\Http\\Request), Object(Closure))
#39 C:\\xampp\\htdocs\\secprog\\SecPro\\FrontEndSec\\vendor\\laravel\\framework\\src\\Illuminate\\Foundation\\Http\\Middleware\\PreventRequestsDuringMaintenance.php(109): Illuminate\\Pipeline\\Pipeline->Illuminate\\Pipeline\\{closure}(Object(Illuminate\\Http\\Request))
#40 C:\\xampp\\htdocs\\secprog\\SecPro\\FrontEndSec\\vendor\\laravel\\framework\\src\\Illuminate\\Pipeline\\Pipeline.php(219): Illuminate\\Foundation\\Http\\Middleware\\PreventRequestsDuringMaintenance->handle(Object(Illuminate\\Http\\Request), Object(Closure))
#41 C:\\xampp\\htdocs\\secprog\\SecPro\\FrontEndSec\\vendor\\laravel\\framework\\src\\Illuminate\\Http\\Middleware\\HandleCors.php(48): Illuminate\\Pipeline\\Pipeline->Illuminate\\Pipeline\\{closure}(Object(Illuminate\\Http\\Request))
#42 C:\\xampp\\htdocs\\secprog\\SecPro\\FrontEndSec\\vendor\\laravel\\framework\\src\\Illuminate\\Pipeline\\Pipeline.php(219): Illuminate\\Http\\Middleware\\HandleCors->handle(Object(Illuminate\\Http\\Request), Object(Closure))
#43 C:\\xampp\\htdocs\\secprog\\SecPro\\FrontEndSec\\vendor\\laravel\\framework\\src\\Illuminate\\Http\\Middleware\\TrustProxies.php(58): Illuminate\\Pipeline\\Pipeline->Illuminate\\Pipeline\\{closure}(Object(Illuminate\\Http\\Request))
#44 C:\\xampp\\htdocs\\secprog\\SecPro\\FrontEndSec\\vendor\\laravel\\framework\\src\\Illuminate\\Pipeline\\Pipeline.php(219): Illuminate\\Http\\Middleware\\TrustProxies->handle(Object(Illuminate\\Http\\Request), Object(Closure))
#45 C:\\xampp\\htdocs\\secprog\\SecPro\\FrontEndSec\\vendor\\laravel\\framework\\src\\Illuminate\\Foundation\\Http\\Middleware\\InvokeDeferredCallbacks.php(22): Illuminate\\Pipeline\\Pipeline->Illuminate\\Pipeline\\{closure}(Object(Illuminate\\Http\\Request))
#46 C:\\xampp\\htdocs\\secprog\\SecPro\\FrontEndSec\\vendor\\laravel\\framework\\src\\Illuminate\\Pipeline\\Pipeline.php(219): Illuminate\\Foundation\\Http\\Middleware\\InvokeDeferredCallbacks->handle(Object(Illuminate\\Http\\Request), Object(Closure))
#47 C:\\xampp\\htdocs\\secprog\\SecPro\\FrontEndSec\\vendor\\laravel\\framework\\src\\Illuminate\\Http\\Middleware\\ValidatePathEncoding.php(26): Illuminate\\Pipeline\\Pipeline->Illuminate\\Pipeline\\{closure}(Object(Illuminate\\Http\\Request))
#48 C:\\xampp\\htdocs\\secprog\\SecPro\\FrontEndSec\\vendor\\laravel\\framework\\src\\Illuminate\\Pipeline\\Pipeline.php(219): Illuminate\\Http\\Middleware\\ValidatePathEncoding->handle(Object(Illuminate\\Http\\Request), Object(Closure))
#49 C:\\xampp\\htdocs\\secprog\\SecPro\\FrontEndSec\\vendor\\laravel\\framework\\src\\Illuminate\\Pipeline\\Pipeline.php(137): Illuminate\\Pipeline\\Pipeline->Illuminate\\Pipeline\\{closure}(Object(Illuminate\\Http\\Request))
#50 C:\\xampp\\htdocs\\secprog\\SecPro\\FrontEndSec\\vendor\\laravel\\framework\\src\\Illuminate\\Foundation\\Http\\Kernel.php(175): Illuminate\\Pipeline\\Pipeline->then(Object(Closure))
#51 C:\\xampp\\htdocs\\secprog\\SecPro\\FrontEndSec\\vendor\\laravel\\framework\\src\\Illuminate\\Foundation\\Http\\Kernel.php(144): Illuminate\\Foundation\\Http\\Kernel->sendRequestThroughRouter(Object(Illuminate\\Http\\Request))
#52 C:\\xampp\\htdocs\\secprog\\SecPro\\FrontEndSec\\vendor\\laravel\\framework\\src\\Illuminate\\Foundation\\Application.php(1220): Illuminate\\Foundation\\Http\\Kernel->handle(Object(Illuminate\\Http\\Request))
#53 C:\\xampp\\htdocs\\secprog\\SecPro\\FrontEndSec\\public\\index.php(20): Illuminate\\Foundation\\Application->handleRequest(Object(Illuminate\\Http\\Request))
#54 C:\\xampp\\htdocs\\secprog\\SecPro\\FrontEndSec\\vendor\\laravel\\framework\\src\\Illuminate\\Foundation\\resources\\server.php(23): require_once('C:\\\\xampp\\\\htdocs...')
#55 {main}

[previous exception] [object] (ErrorException(code: 0): Undefined variable $weeklyRecipes at C:\\xampp\\htdocs\\secprog\\SecPro\\FrontEndSec\\storage\\framework\\views\\1f1e764261ce25fd6ab9770d03d6856e.php:142)
[stacktrace]
#0 C:\\xampp\\htdocs\\secprog\\SecPro\\FrontEndSec\\vendor\\laravel\\framework\\src\\Illuminate\\Foundation\\Bootstrap\\HandleExceptions.php(258): Illuminate\\Foundation\\Bootstrap\\HandleExceptions->handleError(2, 'Undefined varia...', 'C:\\\\xampp\\\\htdocs...', 142)
#1 C:\\xampp\\htdocs\\secprog\\SecPro\\FrontEndSec\\storage\\framework\\views\\1f1e764261ce25fd6ab9770d03d6856e.php(142): Illuminate\\Foundation\\Bootstrap\\HandleExceptions->Illuminate\\Foundation\\Bootstrap\\{closure}(2, 'Undefined varia...', 'C:\\\\xampp\\\\htdocs...', 142)
#2 C:\\xampp\\htdocs\\secprog\\SecPro\\FrontEndSec\\vendor\\laravel\\framework\\src\\Illuminate\\Filesystem\\Filesystem.php(123): require('C:\\\\xampp\\\\htdocs...')
#3 C:\\xampp\\htdocs\\secprog\\SecPro\\FrontEndSec\\vendor\\laravel\\framework\\src\\Illuminate\\Filesystem\\Filesystem.php(124): Illuminate\\Filesystem\\Filesystem::Illuminate\\Filesystem\\{closure}()
#4 C:\\xampp\\htdocs\\secprog\\SecPro\\FrontEndSec\\vendor\\laravel\\framework\\src\\Illuminate\\View\\Engines\\PhpEngine.php(57): Illuminate\\Filesystem\\Filesystem->getRequire('C:\\\\xampp\\\\htdocs...', Array)
#5 C:\\xampp\\htdocs\\secprog\\SecPro\\FrontEndSec\\vendor\\laravel\\framework\\src\\Illuminate\\View\\Engines\\CompilerEngine.php(76): Illuminate\\View\\Engines\\PhpEngine->evaluatePath('C:\\\\xampp\\\\htdocs...', Array)
#6 C:\\xampp\\htdocs\\secprog\\SecPro\\FrontEndSec\\vendor\\laravel\\framework\\src\\Illuminate\\View\\View.php(208): Illuminate\\View\\Engines\\CompilerEngine->get('C:\\\\xampp\\\\htdocs...', Array)
#7 C:\\xampp\\htdocs\\secprog\\SecPro\\FrontEndSec\\vendor\\laravel\\framework\\src\\Illuminate\\View\\View.php(191): Illuminate\\View\\View->getContents()
#8 C:\\xampp\\htdocs\\secprog\\SecPro\\FrontEndSec\\vendor\\laravel\\framework\\src\\Illuminate\\View\\View.php(160): Illuminate\\View\\View->renderContents()
#9 C:\\xampp\\htdocs\\secprog\\SecPro\\FrontEndSec\\vendor\\laravel\\framework\\src\\Illuminate\\Http\\Response.php(78): Illuminate\\View\\View->render()
#10 C:\\xampp\\htdocs\\secprog\\SecPro\\FrontEndSec\\vendor\\laravel\\framework\\src\\Illuminate\\Http\\Response.php(34): Illuminate\\Http\\Response->setContent(Object(Illuminate\\View\\View))
#11 C:\\xampp\\htdocs\\secprog\\SecPro\\FrontEndSec\\vendor\\laravel\\framework\\src\\Illuminate\\Routing\\Router.php(939): Illuminate\\Http\\Response->__construct(Object(Illuminate\\View\\View), 200, Array)
#12 C:\\xampp\\htdocs\\secprog\\SecPro\\FrontEndSec\\vendor\\laravel\\framework\\src\\Illuminate\\Routing\\Router.php(906): Illuminate\\Routing\\Router::toResponse(Object(Illuminate\\Http\\Request), Object(Illuminate\\View\\View))
#13 C:\\xampp\\htdocs\\secprog\\SecPro\\FrontEndSec\\vendor\\laravel\\framework\\src\\Illuminate\\Routing\\Router.php(821): Illuminate\\Routing\\Router->prepareResponse(Object(Illuminate\\Http\\Request), Object(Illuminate\\View\\View))
#14 C:\\xampp\\htdocs\\secprog\\SecPro\\FrontEndSec\\vendor\\laravel\\framework\\src\\Illuminate\\Pipeline\\Pipeline.php(180): Illuminate\\Routing\\Router->Illuminate\\Routing\\{closure}(Object(Illuminate\\Http\\Request))
#15 C:\\xampp\\htdocs\\secprog\\SecPro\\FrontEndSec\\vendor\\laravel\\framework\\src\\Illuminate\\Routing\\Middleware\\SubstituteBindings.php(50): Illuminate\\Pipeline\\Pipeline->Illuminate\\Pipeline\\{closure}(Object(Illuminate\\Http\\Request))
#16 C:\\xampp\\htdocs\\secprog\\SecPro\\FrontEndSec\\vendor\\laravel\\framework\\src\\Illuminate\\Pipeline\\Pipeline.php(219): Illuminate\\Routing\\Middleware\\SubstituteBindings->handle(Object(Illuminate\\Http\\Request), Object(Closure))
#17 C:\\xampp\\htdocs\\secprog\\SecPro\\FrontEndSec\\vendor\\laravel\\framework\\src\\Illuminate\\Foundation\\Http\\Middleware\\VerifyCsrfToken.php(87): Illuminate\\Pipeline\\Pipeline->Illuminate\\Pipeline\\{closure}(Object(Illuminate\\Http\\Request))
#18 C:\\xampp\\htdocs\\secprog\\SecPro\\FrontEndSec\\vendor\\laravel\\framework\\src\\Illuminate\\Pipeline\\Pipeline.php(219): Illuminate\\Foundation\\Http\\Middleware\\VerifyCsrfToken->handle(Object(Illuminate\\Http\\Request), Object(Closure))
#19 C:\\xampp\\htdocs\\secprog\\SecPro\\FrontEndSec\\vendor\\laravel\\framework\\src\\Illuminate\\View\\Middleware\\ShareErrorsFromSession.php(48): Illuminate\\Pipeline\\Pipeline->Illuminate\\Pipeline\\{closure}(Object(Illuminate\\Http\\Request))
#20 C:\\xampp\\htdocs\\secprog\\SecPro\\FrontEndSec\\vendor\\laravel\\framework\\src\\Illuminate\\Pipeline\\Pipeline.php(219): Illuminate\\View\\Middleware\\ShareErrorsFromSession->handle(Object(Illuminate\\Http\\Request), Object(Closure))
#21 C:\\xampp\\htdocs\\secprog\\SecPro\\FrontEndSec\\vendor\\laravel\\framework\\src\\Illuminate\\Session\\Middleware\\StartSession.php(120): Illuminate\\Pipeline\\Pipeline->Illuminate\\Pipeline\\{closure}(Object(Illuminate\\Http\\Request))
#22 C:\\xampp\\htdocs\\secprog\\SecPro\\FrontEndSec\\vendor\\laravel\\framework\\src\\Illuminate\\Session\\Middleware\\StartSession.php(63): Illuminate\\Session\\Middleware\\StartSession->handleStatefulRequest(Object(Illuminate\\Http\\Request), Object(Illuminate\\Session\\Store), Object(Closure))
#23 C:\\xampp\\htdocs\\secprog\\SecPro\\FrontEndSec\\vendor\\laravel\\framework\\src\\Illuminate\\Pipeline\\Pipeline.php(219): Illuminate\\Session\\Middleware\\StartSession->handle(Object(Illuminate\\Http\\Request), Object(Closure))
#24 C:\\xampp\\htdocs\\secprog\\SecPro\\FrontEndSec\\vendor\\laravel\\framework\\src\\Illuminate\\Cookie\\Middleware\\AddQueuedCookiesToResponse.php(36): Illuminate\\Pipeline\\Pipeline->Illuminate\\Pipeline\\{closure}(Object(Illuminate\\Http\\Request))
#25 C:\\xampp\\htdocs\\secprog\\SecPro\\FrontEndSec\\vendor\\laravel\\framework\\src\\Illuminate\\Pipeline\\Pipeline.php(219): Illuminate\\Cookie\\Middleware\\AddQueuedCookiesToResponse->handle(Object(Illuminate\\Http\\Request), Object(Closure))
#26 C:\\xampp\\htdocs\\secprog\\SecPro\\FrontEndSec\\vendor\\laravel\\framework\\src\\Illuminate\\Cookie\\Middleware\\EncryptCookies.php(74): Illuminate\\Pipeline\\Pipeline->Illuminate\\Pipeline\\{closure}(Object(Illuminate\\Http\\Request))
#27 C:\\xampp\\htdocs\\secprog\\SecPro\\FrontEndSec\\vendor\\laravel\\framework\\src\\Illuminate\\Pipeline\\Pipeline.php(219): Illuminate\\Cookie\\Middleware\\EncryptCookies->handle(Object(Illuminate\\Http\\Request), Object(Closure))
#28 C:\\xampp\\htdocs\\secprog\\SecPro\\FrontEndSec\\vendor\\laravel\\framework\\src\\Illuminate\\Pipeline\\Pipeline.php(137): Illuminate\\Pipeline\\Pipeline->Illuminate\\Pipeline\\{closure}(Object(Illuminate\\Http\\Request))
#29 C:\\xampp\\htdocs\\secprog\\SecPro\\FrontEndSec\\vendor\\laravel\\framework\\src\\Illuminate\\Routing\\Router.php(821): Illuminate\\Pipeline\\Pipeline->then(Object(Closure))
#30 C:\\xampp\\htdocs\\secprog\\SecPro\\FrontEndSec\\vendor\\laravel\\framework\\src\\Illuminate\\Routing\\Router.php(800): Illuminate\\Routing\\Router->runRouteWithinStack(Object(Illuminate\\Routing\\Route), Object(Illuminate\\Http\\Request))
#31 C:\\xampp\\htdocs\\secprog\\SecPro\\FrontEndSec\\vendor\\laravel\\framework\\src\\Illuminate\\Routing\\Router.php(764): Illuminate\\Routing\\Router->runRoute(Object(Illuminate\\Http\\Request), Object(Illuminate\\Routing\\Route))
#32 C:\\xampp\\htdocs\\secprog\\SecPro\\FrontEndSec\\vendor\\laravel\\framework\\src\\Illuminate\\Routing\\Router.php(753): Illuminate\\Routing\\Router->dispatchToRoute(Object(Illuminate\\Http\\Request))
#33 C:\\xampp\\htdocs\\secprog\\SecPro\\FrontEndSec\\vendor\\laravel\\framework\\src\\Illuminate\\Foundation\\Http\\Kernel.php(200): Illuminate\\Routing\\Router->dispatch(Object(Illuminate\\Http\\Request))
#34 C:\\xampp\\htdocs\\secprog\\SecPro\\FrontEndSec\\vendor\\laravel\\framework\\src\\Illuminate\\Pipeline\\Pipeline.php(180): Illuminate\\Foundation\\Http\\Kernel->Illuminate\\Foundation\\Http\\{closure}(Object(Illuminate\\Http\\Request))
#35 C:\\xampp\\htdocs\\secprog\\SecPro\\FrontEndSec\\vendor\\laravel\\framework\\src\\Illuminate\\Foundation\\Http\\Middleware\\TransformsRequest.php(21): Illuminate\\Pipeline\\Pipeline->Illuminate\\Pipeline\\{closure}(Object(Illuminate\\Http\\Request))
#36 C:\\xampp\\htdocs\\secprog\\SecPro\\FrontEndSec\\vendor\\laravel\\framework\\src\\Illuminate\\Foundation\\Http\\Middleware\\ConvertEmptyStringsToNull.php(31): Illuminate\\Foundation\\Http\\Middleware\\TransformsRequest->handle(Object(Illuminate\\Http\\Request), Object(Closure))
#37 C:\\xampp\\htdocs\\secprog\\SecPro\\FrontEndSec\\vendor\\laravel\\framework\\src\\Illuminate\\Pipeline\\Pipeline.php(219): Illuminate\\Foundation\\Http\\Middleware\\ConvertEmptyStringsToNull->handle(Object(Illuminate\\Http\\Request), Object(Closure))
#38 C:\\xampp\\htdocs\\secprog\\SecPro\\FrontEndSec\\vendor\\laravel\\framework\\src\\Illuminate\\Foundation\\Http\\Middleware\\TransformsRequest.php(21): Illuminate\\Pipeline\\Pipeline->Illuminate\\Pipeline\\{closure}(Object(Illuminate\\Http\\Request))
#39 C:\\xampp\\htdocs\\secprog\\SecPro\\FrontEndSec\\vendor\\laravel\\framework\\src\\Illuminate\\Foundation\\Http\\Middleware\\TrimStrings.php(51): Illuminate\\Foundation\\Http\\Middleware\\TransformsRequest->handle(Object(Illuminate\\Http\\Request), Object(Closure))
#40 C:\\xampp\\htdocs\\secprog\\SecPro\\FrontEndSec\\vendor\\laravel\\framework\\src\\Illuminate\\Pipeline\\Pipeline.php(219): Illuminate\\Foundation\\Http\\Middleware\\TrimStrings->handle(Object(Illuminate\\Http\\Request), Object(Closure))
#41 C:\\xampp\\htdocs\\secprog\\SecPro\\FrontEndSec\\vendor\\laravel\\framework\\src\\Illuminate\\Http\\Middleware\\ValidatePostSize.php(27): Illuminate\\Pipeline\\Pipeline->Illuminate\\Pipeline\\{closure}(Object(Illuminate\\Http\\Request))
#42 C:\\xampp\\htdocs\\secprog\\SecPro\\FrontEndSec\\vendor\\laravel\\framework\\src\\Illuminate\\Pipeline\\Pipeline.php(219): Illuminate\\Http\\Middleware\\ValidatePostSize->handle(Object(Illuminate\\Http\\Request), Object(Closure))
#43 C:\\xampp\\htdocs\\secprog\\SecPro\\FrontEndSec\\vendor\\laravel\\framework\\src\\Illuminate\\Foundation\\Http\\Middleware\\PreventRequestsDuringMaintenance.php(109): Illuminate\\Pipeline\\Pipeline->Illuminate\\Pipeline\\{closure}(Object(Illuminate\\Http\\Request))
#44 C:\\xampp\\htdocs\\secprog\\SecPro\\FrontEndSec\\vendor\\laravel\\framework\\src\\Illuminate\\Pipeline\\Pipeline.php(219): Illuminate\\Foundation\\Http\\Middleware\\PreventRequestsDuringMaintenance->handle(Object(Illuminate\\Http\\Request), Object(Closure))
#45 C:\\xampp\\htdocs\\secprog\\SecPro\\FrontEndSec\\vendor\\laravel\\framework\\src\\Illuminate\\Http\\Middleware\\HandleCors.php(48): Illuminate\\Pipeline\\Pipeline->Illuminate\\Pipeline\\{closure}(Object(Illuminate\\Http\\Request))
#46 C:\\xampp\\htdocs\\secprog\\SecPro\\FrontEndSec\\vendor\\laravel\\framework\\src\\Illuminate\\Pipeline\\Pipeline.php(219): Illuminate\\Http\\Middleware\\HandleCors->handle(Object(Illuminate\\Http\\Request), Object(Closure))
#47 C:\\xampp\\htdocs\\secprog\\SecPro\\FrontEndSec\\vendor\\laravel\\framework\\src\\Illuminate\\Http\\Middleware\\TrustProxies.php(58): Illuminate\\Pipeline\\Pipeline->Illuminate\\Pipeline\\{closure}(Object(Illuminate\\Http\\Request))
#48 C:\\xampp\\htdocs\\secprog\\SecPro\\FrontEndSec\\vendor\\laravel\\framework\\src\\Illuminate\\Pipeline\\Pipeline.php(219): Illuminate\\Http\\Middleware\\TrustProxies->handle(Object(Illuminate\\Http\\Request), Object(Closure))
#49 C:\\xampp\\htdocs\\secprog\\SecPro\\FrontEndSec\\vendor\\laravel\\framework\\src\\Illuminate\\Foundation\\Http\\Middleware\\InvokeDeferredCallbacks.php(22): Illuminate\\Pipeline\\Pipeline->Illuminate\\Pipeline\\{closure}(Object(Illuminate\\Http\\Request))
#50 C:\\xampp\\htdocs\\secprog\\SecPro\\FrontEndSec\\vendor\\laravel\\framework\\src\\Illuminate\\Pipeline\\Pipeline.php(219): Illuminate\\Foundation\\Http\\Middleware\\InvokeDeferredCallbacks->handle(Object(Illuminate\\Http\\Request), Object(Closure))
#51 C:\\xampp\\htdocs\\secprog\\SecPro\\FrontEndSec\\vendor\\laravel\\framework\\src\\Illuminate\\Http\\Middleware\\ValidatePathEncoding.php(26): Illuminate\\Pipeline\\Pipeline->Illuminate\\Pipeline\\{closure}(Object(Illuminate\\Http\\Request))
#52 C:\\xampp\\htdocs\\secprog\\SecPro\\FrontEndSec\\vendor\\laravel\\framework\\src\\Illuminate\\Pipeline\\Pipeline.php(219): Illuminate\\Http\\Middleware\\ValidatePathEncoding->handle(Object(Illuminate\\Http\\Request), Object(Closure))
#53 C:\\xampp\\htdocs\\secprog\\SecPro\\FrontEndSec\\vendor\\laravel\\framework\\src\\Illuminate\\Pipeline\\Pipeline.php(137): Illuminate\\Pipeline\\Pipeline->Illuminate\\Pipeline\\{closure}(Object(Illuminate\\Http\\Request))
#54 C:\\xampp\\htdocs\\secprog\\SecPro\\FrontEndSec\\vendor\\laravel\\framework\\src\\Illuminate\\Foundation\\Http\\Kernel.php(175): Illuminate\\Pipeline\\Pipeline->then(Object(Closure))
#55 C:\\xampp\\htdocs\\secprog\\SecPro\\FrontEndSec\\vendor\\laravel\\framework\\src\\Illuminate\\Foundation\\Http\\Kernel.php(144): Illuminate\\Foundation\\Http\\Kernel->sendRequestThroughRouter(Object(Illuminate\\Http\\Request))
#56 C:\\xampp\\htdocs\\secprog\\SecPro\\FrontEndSec\\vendor\\laravel\\framework\\src\\Illuminate\\Foundation\\Application.php(1220): Illuminate\\Foundation\\Http\\Kernel->handle(Object(Illuminate\\Http\\Request))
#57 C:\\xampp\\htdocs\\secprog\\SecPro\\FrontEndSec\\public\\index.php(20): Illuminate\\Foundation\\Application->handleRequest(Object(Illuminate\\Http\\Request))
#58 C:\\xampp\\htdocs\\secprog\\SecPro\\FrontEndSec\\vendor\\laravel\\framework\\src\\Illuminate\\Foundation\\resources\\server.php(23): require_once('C:\\\\xampp\\\\htdocs...')
#59 {main}
"} 
[2025-11-18 15:40:02] local.ERROR: Undefined variable $weeklyRecipes (View: C:\xampp\htdocs\secprog\SecPro\FrontEndSec\resources\views\mainPage.blade.php) {"exception":"[object] (Illuminate\\View\\ViewException(code: 0): Undefined variable $weeklyRecipes (View: C:\\xampp\\htdocs\\secprog\\SecPro\\FrontEndSec\\resources\\views\\mainPage.blade.php) at C:\\xampp\\htdocs\\secprog\\SecPro\\FrontEndSec\\storage\\framework\\views\\1f1e764261ce25fd6ab9770d03d6856e.php:142)
[stacktrace]
#0 C:\\xampp\\htdocs\\secprog\\SecPro\\FrontEndSec\\vendor\\laravel\\framework\\src\\Illuminate\\View\\Engines\\PhpEngine.php(59): Illuminate\\View\\Engines\\CompilerEngine->handleViewException(Object(ErrorException), 1)
#1 C:\\xampp\\htdocs\\secprog\\SecPro\\FrontEndSec\\vendor\\laravel\\framework\\src\\Illuminate\\View\\Engines\\CompilerEngine.php(76): Illuminate\\View\\Engines\\PhpEngine->evaluatePath('C:\\\\xampp\\\\htdocs...', Array)
#2 C:\\xampp\\htdocs\\secprog\\SecPro\\FrontEndSec\\vendor\\laravel\\framework\\src\\Illuminate\\View\\View.php(208): Illuminate\\View\\Engines\\CompilerEngine->get('C:\\\\xampp\\\\htdocs...', Array)
#3 C:\\xampp\\htdocs\\secprog\\SecPro\\FrontEndSec\\vendor\\laravel\\framework\\src\\Illuminate\\View\\View.php(191): Illuminate\\View\\View->getContents()
#4 C:\\xampp\\htdocs\\secprog\\SecPro\\FrontEndSec\\vendor\\laravel\\framework\\src\\Illuminate\\View\\View.php(160): Illuminate\\View\\View->renderContents()
#5 C:\\xampp\\htdocs\\secprog\\SecPro\\FrontEndSec\\vendor\\laravel\\framework\\src\\Illuminate\\Http\\Response.php(78): Illuminate\\View\\View->render()
#6 C:\\xampp\\htdocs\\secprog\\SecPro\\FrontEndSec\\vendor\\laravel\\framework\\src\\Illuminate\\Http\\Response.php(34): Illuminate\\Http\\Response->setContent(Object(Illuminate\\View\\View))
#7 C:\\xampp\\htdocs\\secprog\\SecPro\\FrontEndSec\\vendor\\laravel\\framework\\src\\Illuminate\\Routing\\Router.php(939): Illuminate\\Http\\Response->__construct(Object(Illuminate\\View\\View), 200, Array)
#8 C:\\xampp\\htdocs\\secprog\\SecPro\\FrontEndSec\\vendor\\laravel\\framework\\src\\Illuminate\\Routing\\Router.php(906): Illuminate\\Routing\\Router::toResponse(Object(Illuminate\\Http\\Request), Object(Illuminate\\View\\View))
#9 C:\\xampp\\htdocs\\secprog\\SecPro\\FrontEndSec\\vendor\\laravel\\framework\\src\\Illuminate\\Routing\\Router.php(821): Illuminate\\Routing\\Router->prepareResponse(Object(Illuminate\\Http\\Request), Object(Illuminate\\View\\View))
#10 C:\\xampp\\htdocs\\secprog\\SecPro\\FrontEndSec\\vendor\\laravel\\framework\\src\\Illuminate\\Pipeline\\Pipeline.php(180): Illuminate\\Routing\\Router->Illuminate\\Routing\\{closure}(Object(Illuminate\\Http\\Request))
#11 C:\\xampp\\htdocs\\secprog\\SecPro\\FrontEndSec\\vendor\\laravel\\framework\\src\\Illuminate\\Routing\\Middleware\\SubstituteBindings.php(50): Illuminate\\Pipeline\\Pipeline->Illuminate\\Pipeline\\{closure}(Object(Illuminate\\Http\\Request))
#12 C:\\xampp\\htdocs\\secprog\\SecPro\\FrontEndSec\\vendor\\laravel\\framework\\src\\Illuminate\\Pipeline\\Pipeline.php(219): Illuminate\\Routing\\Middleware\\SubstituteBindings->handle(Object(Illuminate\\Http\\Request), Object(Closure))
#13 C:\\xampp\\htdocs\\secprog\\SecPro\\FrontEndSec\\vendor\\laravel\\framework\\src\\Illuminate\\Foundation\\Http\\Middleware\\VerifyCsrfToken.php(87): Illuminate\\Pipeline\\Pipeline->Illuminate\\Pipeline\\{closure}(Object(Illuminate\\Http\\Request))
#14 C:\\xampp\\htdocs\\secprog\\SecPro\\FrontEndSec\\vendor\\laravel\\framework\\src\\Illuminate\\Pipeline\\Pipeline.php(219): Illuminate\\Foundation\\Http\\Middleware\\VerifyCsrfToken->handle(Object(Illuminate\\Http\\Request), Object(Closure))
#15 C:\\xampp\\htdocs\\secprog\\SecPro\\FrontEndSec\\vendor\\laravel\\framework\\src\\Illuminate\\View\\Middleware\\ShareErrorsFromSession.php(48): Illuminate\\Pipeline\\Pipeline->Illuminate\\Pipeline\\{closure}(Object(Illuminate\\Http\\Request))
#16 C:\\xampp\\htdocs\\secprog\\SecPro\\FrontEndSec\\vendor\\laravel\\framework\\src\\Illuminate\\Pipeline\\Pipeline.php(219): Illuminate\\View\\Middleware\\ShareErrorsFromSession->handle(Object(Illuminate\\Http\\Request), Object(Closure))
#17 C:\\xampp\\htdocs\\secprog\\SecPro\\FrontEndSec\\vendor\\laravel\\framework\\src\\Illuminate\\Session\\Middleware\\StartSession.php(120): Illuminate\\Pipeline\\Pipeline->Illuminate\\Pipeline\\{closure}(Object(Illuminate\\Http\\Request))
#18 C:\\xampp\\htdocs\\secprog\\SecPro\\FrontEndSec\\vendor\\laravel\\framework\\src\\Illuminate\\Session\\Middleware\\StartSession.php(63): Illuminate\\Session\\Middleware\\StartSession->handleStatefulRequest(Object(Illuminate\\Http\\Request), Object(Illuminate\\Session\\Store), Object(Closure))
#19 C:\\xampp\\htdocs\\secprog\\SecPro\\FrontEndSec\\vendor\\laravel\\framework\\src\\Illuminate\\Pipeline\\Pipeline.php(219): Illuminate\\Session\\Middleware\\StartSession->handle(Object(Illuminate\\Http\\Request), Object(Closure))
#20 C:\\xampp\\htdocs\\secprog\\SecPro\\FrontEndSec\\vendor\\laravel\\framework\\src\\Illuminate\\Cookie\\Middleware\\AddQueuedCookiesToResponse.php(36): Illuminate\\Pipeline\\Pipeline->Illuminate\\Pipeline\\{closure}(Object(Illuminate\\Http\\Request))
#21 C:\\xampp\\htdocs\\secprog\\SecPro\\FrontEndSec\\vendor\\laravel\\framework\\src\\Illuminate\\Pipeline\\Pipeline.php(219): Illuminate\\Cookie\\Middleware\\AddQueuedCookiesToResponse->handle(Object(Illuminate\\Http\\Request), Object(Closure))
#22 C:\\xampp\\htdocs\\secprog\\SecPro\\FrontEndSec\\vendor\\laravel\\framework\\src\\Illuminate\\Cookie\\Middleware\\EncryptCookies.php(74): Illuminate\\Pipeline\\Pipeline->Illuminate\\Pipeline\\{closure}(Object(Illuminate\\Http\\Request))
#23 C:\\xampp\\htdocs\\secprog\\SecPro\\FrontEndSec\\vendor\\laravel\\framework\\src\\Illuminate\\Pipeline\\Pipeline.php(219): Illuminate\\Cookie\\Middleware\\EncryptCookies->handle(Object(Illuminate\\Http\\Request), Object(Closure))
#24 C:\\xampp\\htdocs\\secprog\\SecPro\\FrontEndSec\\vendor\\laravel\\framework\\src\\Illuminate\\Pipeline\\Pipeline.php(137): Illuminate\\Pipeline\\Pipeline->Illuminate\\Pipeline\\{closure}(Object(Illuminate\\Http\\Request))
#25 C:\\xampp\\htdocs\\secprog\\SecPro\\FrontEndSec\\vendor\\laravel\\framework\\src\\Illuminate\\Routing\\Router.php(821): Illuminate\\Pipeline\\Pipeline->then(Object(Closure))
#26 C:\\xampp\\htdocs\\secprog\\SecPro\\FrontEndSec\\vendor\\laravel\\framework\\src\\Illuminate\\Routing\\Router.php(800): Illuminate\\Routing\\Router->runRouteWithinStack(Object(Illuminate\\Routing\\Route), Object(Illuminate\\Http\\Request))
#27 C:\\xampp\\htdocs\\secprog\\SecPro\\FrontEndSec\\vendor\\laravel\\framework\\src\\Illuminate\\Routing\\Router.php(764): Illuminate\\Routing\\Router->runRoute(Object(Illuminate\\Http\\Request), Object(Illuminate\\Routing\\Route))
#28 C:\\xampp\\htdocs\\secprog\\SecPro\\FrontEndSec\\vendor\\laravel\\framework\\src\\Illuminate\\Routing\\Router.php(753): Illuminate\\Routing\\Router->dispatchToRoute(Object(Illuminate\\Http\\Request))
#29 C:\\xampp\\htdocs\\secprog\\SecPro\\FrontEndSec\\vendor\\laravel\\framework\\src\\Illuminate\\Foundation\\Http\\Kernel.php(200): Illuminate\\Routing\\Router->dispatch(Object(Illuminate\\Http\\Request))
#30 C:\\xampp\\htdocs\\secprog\\SecPro\\FrontEndSec\\vendor\\laravel\\framework\\src\\Illuminate\\Pipeline\\Pipeline.php(180): Illuminate\\Foundation\\Http\\Kernel->Illuminate\\Foundation\\Http\\{closure}(Object(Illuminate\\Http\\Request))
#31 C:\\xampp\\htdocs\\secprog\\SecPro\\FrontEndSec\\vendor\\laravel\\framework\\src\\Illuminate\\Foundation\\Http\\Middleware\\TransformsRequest.php(21): Illuminate\\Pipeline\\Pipeline->Illuminate\\Pipeline\\{closure}(Object(Illuminate\\Http\\Request))
#32 C:\\xampp\\htdocs\\secprog\\SecPro\\FrontEndSec\\vendor\\laravel\\framework\\src\\Illuminate\\Foundation\\Http\\Middleware\\ConvertEmptyStringsToNull.php(31): Illuminate\\Foundation\\Http\\Middleware\\TransformsRequest->handle(Object(Illuminate\\Http\\Request), Object(Closure))
#33 C:\\xampp\\htdocs\\secprog\\SecPro\\FrontEndSec\\vendor\\laravel\\framework\\src\\Illuminate\\Pipeline\\Pipeline.php(219): Illuminate\\Foundation\\Http\\Middleware\\ConvertEmptyStringsToNull->handle(Object(Illuminate\\Http\\Request), Object(Closure))
#34 C:\\xampp\\htdocs\\secprog\\SecPro\\FrontEndSec\\vendor\\laravel\\framework\\src\\Illuminate\\Foundation\\Http\\Middleware\\TransformsRequest.php(21): Illuminate\\Pipeline\\Pipeline->Illuminate\\Pipeline\\{closure}(Object(Illuminate\\Http\\Request))
#35 C:\\xampp\\htdocs\\secprog\\SecPro\\FrontEndSec\\vendor\\laravel\\framework\\src\\Illuminate\\Foundation\\Http\\Middleware\\TrimStrings.php(51): Illuminate\\Foundation\\Http\\Middleware\\TransformsRequest->handle(Object(Illuminate\\Http\\Request), Object(Closure))
#36 C:\\xampp\\htdocs\\secprog\\SecPro\\FrontEndSec\\vendor\\laravel\\framework\\src\\Illuminate\\Pipeline\\Pipeline.php(219): Illuminate\\Foundation\\Http\\Middleware\\TrimStrings->handle(Object(Illuminate\\Http\\Request), Object(Closure))
#37 C:\\xampp\\htdocs\\secprog\\SecPro\\FrontEndSec\\vendor\\laravel\\framework\\src\\Illuminate\\Http\\Middleware\\ValidatePostSize.php(27): Illuminate\\Pipeline\\Pipeline->Illuminate\\Pipeline\\{closure}(Object(Illuminate\\Http\\Request))
#38 C:\\xampp\\htdocs\\secprog\\SecPro\\FrontEndSec\\vendor\\laravel\\framework\\src\\Illuminate\\Pipeline\\Pipeline.php(219): Illuminate\\Http\\Middleware\\ValidatePostSize->handle(Object(Illuminate\\Http\\Request), Object(Closure))
#39 C:\\xampp\\htdocs\\secprog\\SecPro\\FrontEndSec\\vendor\\laravel\\framework\\src\\Illuminate\\Foundation\\Http\\Middleware\\PreventRequestsDuringMaintenance.php(109): Illuminate\\Pipeline\\Pipeline->Illuminate\\Pipeline\\{closure}(Object(Illuminate\\Http\\Request))
#40 C:\\xampp\\htdocs\\secprog\\SecPro\\FrontEndSec\\vendor\\laravel\\framework\\src\\Illuminate\\Pipeline\\Pipeline.php(219): Illuminate\\Foundation\\Http\\Middleware\\PreventRequestsDuringMaintenance->handle(Object(Illuminate\\Http\\Request), Object(Closure))
#41 C:\\xampp\\htdocs\\secprog\\SecPro\\FrontEndSec\\vendor\\laravel\\framework\\src\\Illuminate\\Http\\Middleware\\HandleCors.php(48): Illuminate\\Pipeline\\Pipeline->Illuminate\\Pipeline\\{closure}(Object(Illuminate\\Http\\Request))
#42 C:\\xampp\\htdocs\\secprog\\SecPro\\FrontEndSec\\vendor\\laravel\\framework\\src\\Illuminate\\Pipeline\\Pipeline.php(219): Illuminate\\Http\\Middleware\\HandleCors->handle(Object(Illuminate\\Http\\Request), Object(Closure))
#43 C:\\xampp\\htdocs\\secprog\\SecPro\\FrontEndSec\\vendor\\laravel\\framework\\src\\Illuminate\\Http\\Middleware\\TrustProxies.php(58): Illuminate\\Pipeline\\Pipeline->Illuminate\\Pipeline\\{closure}(Object(Illuminate\\Http\\Request))
#44 C:\\xampp\\htdocs\\secprog\\SecPro\\FrontEndSec\\vendor\\laravel\\framework\\src\\Illuminate\\Pipeline\\Pipeline.php(219): Illuminate\\Http\\Middleware\\TrustProxies->handle(Object(Illuminate\\Http\\Request), Object(Closure))
#45 C:\\xampp\\htdocs\\secprog\\SecPro\\FrontEndSec\\vendor\\laravel\\framework\\src\\Illuminate\\Foundation\\Http\\Middleware\\InvokeDeferredCallbacks.php(22): Illuminate\\Pipeline\\Pipeline->Illuminate\\Pipeline\\{closure}(Object(Illuminate\\Http\\Request))
#46 C:\\xampp\\htdocs\\secprog\\SecPro\\FrontEndSec\\vendor\\laravel\\framework\\src\\Illuminate\\Pipeline\\Pipeline.php(219): Illuminate\\Foundation\\Http\\Middleware\\InvokeDeferredCallbacks->handle(Object(Illuminate\\Http\\Request), Object(Closure))
#47 C:\\xampp\\htdocs\\secprog\\SecPro\\FrontEndSec\\vendor\\laravel\\framework\\src\\Illuminate\\Http\\Middleware\\ValidatePathEncoding.php(26): Illuminate\\Pipeline\\Pipeline->Illuminate\\Pipeline\\{closure}(Object(Illuminate\\Http\\Request))
#48 C:\\xampp\\htdocs\\secprog\\SecPro\\FrontEndSec\\vendor\\laravel\\framework\\src\\Illuminate\\Pipeline\\Pipeline.php(219): Illuminate\\Http\\Middleware\\ValidatePathEncoding->handle(Object(Illuminate\\Http\\Request), Object(Closure))
#49 C:\\xampp\\htdocs\\secprog\\SecPro\\FrontEndSec\\vendor\\laravel\\framework\\src\\Illuminate\\Pipeline\\Pipeline.php(137): Illuminate\\Pipeline\\Pipeline->Illuminate\\Pipeline\\{closure}(Object(Illuminate\\Http\\Request))
#50 C:\\xampp\\htdocs\\secprog\\SecPro\\FrontEndSec\\vendor\\laravel\\framework\\src\\Illuminate\\Foundation\\Http\\Kernel.php(175): Illuminate\\Pipeline\\Pipeline->then(Object(Closure))
#51 C:\\xampp\\htdocs\\secprog\\SecPro\\FrontEndSec\\vendor\\laravel\\framework\\src\\Illuminate\\Foundation\\Http\\Kernel.php(144): Illuminate\\Foundation\\Http\\Kernel->sendRequestThroughRouter(Object(Illuminate\\Http\\Request))
#52 C:\\xampp\\htdocs\\secprog\\SecPro\\FrontEndSec\\vendor\\laravel\\framework\\src\\Illuminate\\Foundation\\Application.php(1220): Illuminate\\Foundation\\Http\\Kernel->handle(Object(Illuminate\\Http\\Request))
#53 C:\\xampp\\htdocs\\secprog\\SecPro\\FrontEndSec\\public\\index.php(20): Illuminate\\Foundation\\Application->handleRequest(Object(Illuminate\\Http\\Request))
#54 C:\\xampp\\htdocs\\secprog\\SecPro\\FrontEndSec\\vendor\\laravel\\framework\\src\\Illuminate\\Foundation\\resources\\server.php(23): require_once('C:\\\\xampp\\\\htdocs...')
#55 {main}

[previous exception] [object] (ErrorException(code: 0): Undefined variable $weeklyRecipes at C:\\xampp\\htdocs\\secprog\\SecPro\\FrontEndSec\\storage\\framework\\views\\1f1e764261ce25fd6ab9770d03d6856e.php:142)
[stacktrace]
#0 C:\\xampp\\htdocs\\secprog\\SecPro\\FrontEndSec\\vendor\\laravel\\framework\\src\\Illuminate\\Foundation\\Bootstrap\\HandleExceptions.php(258): Illuminate\\Foundation\\Bootstrap\\HandleExceptions->handleError(2, 'Undefined varia...', 'C:\\\\xampp\\\\htdocs...', 142)
#1 C:\\xampp\\htdocs\\secprog\\SecPro\\FrontEndSec\\storage\\framework\\views\\1f1e764261ce25fd6ab9770d03d6856e.php(142): Illuminate\\Foundation\\Bootstrap\\HandleExceptions->Illuminate\\Foundation\\Bootstrap\\{closure}(2, 'Undefined varia...', 'C:\\\\xampp\\\\htdocs...', 142)
#2 C:\\xampp\\htdocs\\secprog\\SecPro\\FrontEndSec\\vendor\\laravel\\framework\\src\\Illuminate\\Filesystem\\Filesystem.php(123): require('C:\\\\xampp\\\\htdocs...')
#3 C:\\xampp\\htdocs\\secprog\\SecPro\\FrontEndSec\\vendor\\laravel\\framework\\src\\Illuminate\\Filesystem\\Filesystem.php(124): Illuminate\\Filesystem\\Filesystem::Illuminate\\Filesystem\\{closure}()
#4 C:\\xampp\\htdocs\\secprog\\SecPro\\FrontEndSec\\vendor\\laravel\\framework\\src\\Illuminate\\View\\Engines\\PhpEngine.php(57): Illuminate\\Filesystem\\Filesystem->getRequire('C:\\\\xampp\\\\htdocs...', Array)
#5 C:\\xampp\\htdocs\\secprog\\SecPro\\FrontEndSec\\vendor\\laravel\\framework\\src\\Illuminate\\View\\Engines\\CompilerEngine.php(76): Illuminate\\View\\Engines\\PhpEngine->evaluatePath('C:\\\\xampp\\\\htdocs...', Array)
#6 C:\\xampp\\htdocs\\secprog\\SecPro\\FrontEndSec\\vendor\\laravel\\framework\\src\\Illuminate\\View\\View.php(208): Illuminate\\View\\Engines\\CompilerEngine->get('C:\\\\xampp\\\\htdocs...', Array)
#7 C:\\xampp\\htdocs\\secprog\\SecPro\\FrontEndSec\\vendor\\laravel\\framework\\src\\Illuminate\\View\\View.php(191): Illuminate\\View\\View->getContents()
#8 C:\\xampp\\htdocs\\secprog\\SecPro\\FrontEndSec\\vendor\\laravel\\framework\\src\\Illuminate\\View\\View.php(160): Illuminate\\View\\View->renderContents()
#9 C:\\xampp\\htdocs\\secprog\\SecPro\\FrontEndSec\\vendor\\laravel\\framework\\src\\Illuminate\\Http\\Response.php(78): Illuminate\\View\\View->render()
#10 C:\\xampp\\htdocs\\secprog\\SecPro\\FrontEndSec\\vendor\\laravel\\framework\\src\\Illuminate\\Http\\Response.php(34): Illuminate\\Http\\Response->setContent(Object(Illuminate\\View\\View))
#11 C:\\xampp\\htdocs\\secprog\\SecPro\\FrontEndSec\\vendor\\laravel\\framework\\src\\Illuminate\\Routing\\Router.php(939): Illuminate\\Http\\Response->__construct(Object(Illuminate\\View\\View), 200, Array)
#12 C:\\xampp\\htdocs\\secprog\\SecPro\\FrontEndSec\\vendor\\laravel\\framework\\src\\Illuminate\\Routing\\Router.php(906): Illuminate\\Routing\\Router::toResponse(Object(Illuminate\\Http\\Request), Object(Illuminate\\View\\View))
#13 C:\\xampp\\htdocs\\secprog\\SecPro\\FrontEndSec\\vendor\\laravel\\framework\\src\\Illuminate\\Routing\\Router.php(821): Illuminate\\Routing\\Router->prepareResponse(Object(Illuminate\\Http\\Request), Object(Illuminate\\View\\View))
#14 C:\\xampp\\htdocs\\secprog\\SecPro\\FrontEndSec\\vendor\\laravel\\framework\\src\\Illuminate\\Pipeline\\Pipeline.php(180): Illuminate\\Routing\\Router->Illuminate\\Routing\\{closure}(Object(Illuminate\\Http\\Request))
#15 C:\\xampp\\htdocs\\secprog\\SecPro\\FrontEndSec\\vendor\\laravel\\framework\\src\\Illuminate\\Routing\\Middleware\\SubstituteBindings.php(50): Illuminate\\Pipeline\\Pipeline->Illuminate\\Pipeline\\{closure}(Object(Illuminate\\Http\\Request))
#16 C:\\xampp\\htdocs\\secprog\\SecPro\\FrontEndSec\\vendor\\laravel\\framework\\src\\Illuminate\\Pipeline\\Pipeline.php(219): Illuminate\\Routing\\Middleware\\SubstituteBindings->handle(Object(Illuminate\\Http\\Request), Object(Closure))
#17 C:\\xampp\\htdocs\\secprog\\SecPro\\FrontEndSec\\vendor\\laravel\\framework\\src\\Illuminate\\Foundation\\Http\\Middleware\\VerifyCsrfToken.php(87): Illuminate\\Pipeline\\Pipeline->Illuminate\\Pipeline\\{closure}(Object(Illuminate\\Http\\Request))
#18 C:\\xampp\\htdocs\\secprog\\SecPro\\FrontEndSec\\vendor\\laravel\\framework\\src\\Illuminate\\Pipeline\\Pipeline.php(219): Illuminate\\Foundation\\Http\\Middleware\\VerifyCsrfToken->handle(Object(Illuminate\\Http\\Request), Object(Closure))
#19 C:\\xampp\\htdocs\\secprog\\SecPro\\FrontEndSec\\vendor\\laravel\\framework\\src\\Illuminate\\View\\Middleware\\ShareErrorsFromSession.php(48): Illuminate\\Pipeline\\Pipeline->Illuminate\\Pipeline\\{closure}(Object(Illuminate\\Http\\Request))
#20 C:\\xampp\\htdocs\\secprog\\SecPro\\FrontEndSec\\vendor\\laravel\\framework\\src\\Illuminate\\Pipeline\\Pipeline.php(219): Illuminate\\View\\Middleware\\ShareErrorsFromSession->handle(Object(Illuminate\\Http\\Request), Object(Closure))
#21 C:\\xampp\\htdocs\\secprog\\SecPro\\FrontEndSec\\vendor\\laravel\\framework\\src\\Illuminate\\Session\\Middleware\\StartSession.php(120): Illuminate\\Pipeline\\Pipeline->Illuminate\\Pipeline\\{closure}(Object(Illuminate\\Http\\Request))
#22 C:\\xampp\\htdocs\\secprog\\SecPro\\FrontEndSec\\vendor\\laravel\\framework\\src\\Illuminate\\Session\\Middleware\\StartSession.php(63): Illuminate\\Session\\Middleware\\StartSession->handleStatefulRequest(Object(Illuminate\\Http\\Request), Object(Illuminate\\Session\\Store), Object(Closure))
#23 C:\\xampp\\htdocs\\secprog\\SecPro\\FrontEndSec\\vendor\\laravel\\framework\\src\\Illuminate\\Pipeline\\Pipeline.php(219): Illuminate\\Session\\Middleware\\StartSession->handle(Object(Illuminate\\Http\\Request), Object(Closure))
#24 C:\\xampp\\htdocs\\secprog\\SecPro\\FrontEndSec\\vendor\\laravel\\framework\\src\\Illuminate\\Cookie\\Middleware\\AddQueuedCookiesToResponse.php(36): Illuminate\\Pipeline\\Pipeline->Illuminate\\Pipeline\\{closure}(Object(Illuminate\\Http\\Request))
#25 C:\\xampp\\htdocs\\secprog\\SecPro\\FrontEndSec\\vendor\\laravel\\framework\\src\\Illuminate\\Pipeline\\Pipeline.php(219): Illuminate\\Cookie\\Middleware\\AddQueuedCookiesToResponse->handle(Object(Illuminate\\Http\\Request), Object(Closure))
#26 C:\\xampp\\htdocs\\secprog\\SecPro\\FrontEndSec\\vendor\\laravel\\framework\\src\\Illuminate\\Cookie\\Middleware\\EncryptCookies.php(74): Illuminate\\Pipeline\\Pipeline->Illuminate\\Pipeline\\{closure}(Object(Illuminate\\Http\\Request))
#27 C:\\xampp\\htdocs\\secprog\\SecPro\\FrontEndSec\\vendor\\laravel\\framework\\src\\Illuminate\\Pipeline\\Pipeline.php(219): Illuminate\\Cookie\\Middleware\\EncryptCookies->handle(Object(Illuminate\\Http\\Request), Object(Closure))
#28 C:\\xampp\\htdocs\\secprog\\SecPro\\FrontEndSec\\vendor\\laravel\\framework\\src\\Illuminate\\Pipeline\\Pipeline.php(137): Illuminate\\Pipeline\\Pipeline->Illuminate\\Pipeline\\{closure}(Object(Illuminate\\Http\\Request))
#29 C:\\xampp\\htdocs\\secprog\\SecPro\\FrontEndSec\\vendor\\laravel\\framework\\src\\Illuminate\\Routing\\Router.php(821): Illuminate\\Pipeline\\Pipeline->then(Object(Closure))
#30 C:\\xampp\\htdocs\\secprog\\SecPro\\FrontEndSec\\vendor\\laravel\\framework\\src\\Illuminate\\Routing\\Router.php(800): Illuminate\\Routing\\Router->runRouteWithinStack(Object(Illuminate\\Routing\\Route), Object(Illuminate\\Http\\Request))
#31 C:\\xampp\\htdocs\\secprog\\SecPro\\FrontEndSec\\vendor\\laravel\\framework\\src\\Illuminate\\Routing\\Router.php(764): Illuminate\\Routing\\Router->runRoute(Object(Illuminate\\Http\\Request), Object(Illuminate\\Routing\\Route))
#32 C:\\xampp\\htdocs\\secprog\\SecPro\\FrontEndSec\\vendor\\laravel\\framework\\src\\Illuminate\\Routing\\Router.php(753): Illuminate\\Routing\\Router->dispatchToRoute(Object(Illuminate\\Http\\Request))
#33 C:\\xampp\\htdocs\\secprog\\SecPro\\FrontEndSec\\vendor\\laravel\\framework\\src\\Illuminate\\Foundation\\Http\\Kernel.php(200): Illuminate\\Routing\\Router->dispatch(Object(Illuminate\\Http\\Request))
#34 C:\\xampp\\htdocs\\secprog\\SecPro\\FrontEndSec\\vendor\\laravel\\framework\\src\\Illuminate\\Pipeline\\Pipeline.php(180): Illuminate\\Foundation\\Http\\Kernel->Illuminate\\Foundation\\Http\\{closure}(Object(Illuminate\\Http\\Request))
#35 C:\\xampp\\htdocs\\secprog\\SecPro\\FrontEndSec\\vendor\\laravel\\framework\\src\\Illuminate\\Foundation\\Http\\Middleware\\TransformsRequest.php(21): Illuminate\\Pipeline\\Pipeline->Illuminate\\Pipeline\\{closure}(Object(Illuminate\\Http\\Request))
#36 C:\\xampp\\htdocs\\secprog\\SecPro\\FrontEndSec\\vendor\\laravel\\framework\\src\\Illuminate\\Foundation\\Http\\Middleware\\ConvertEmptyStringsToNull.php(31): Illuminate\\Foundation\\Http\\Middleware\\TransformsRequest->handle(Object(Illuminate\\Http\\Request), Object(Closure))
#37 C:\\xampp\\htdocs\\secprog\\SecPro\\FrontEndSec\\vendor\\laravel\\framework\\src\\Illuminate\\Pipeline\\Pipeline.php(219): Illuminate\\Foundation\\Http\\Middleware\\ConvertEmptyStringsToNull->handle(Object(Illuminate\\Http\\Request), Object(Closure))
#38 C:\\xampp\\htdocs\\secprog\\SecPro\\FrontEndSec\\vendor\\laravel\\framework\\src\\Illuminate\\Foundation\\Http\\Middleware\\TransformsRequest.php(21): Illuminate\\Pipeline\\Pipeline->Illuminate\\Pipeline\\{closure}(Object(Illuminate\\Http\\Request))
#39 C:\\xampp\\htdocs\\secprog\\SecPro\\FrontEndSec\\vendor\\laravel\\framework\\src\\Illuminate\\Foundation\\Http\\Middleware\\TrimStrings.php(51): Illuminate\\Foundation\\Http\\Middleware\\TransformsRequest->handle(Object(Illuminate\\Http\\Request), Object(Closure))
#40 C:\\xampp\\htdocs\\secprog\\SecPro\\FrontEndSec\\vendor\\laravel\\framework\\src\\Illuminate\\Pipeline\\Pipeline.php(219): Illuminate\\Foundation\\Http\\Middleware\\TrimStrings->handle(Object(Illuminate\\Http\\Request), Object(Closure))
#41 C:\\xampp\\htdocs\\secprog\\SecPro\\FrontEndSec\\vendor\\laravel\\framework\\src\\Illuminate\\Http\\Middleware\\ValidatePostSize.php(27): Illuminate\\Pipeline\\Pipeline->Illuminate\\Pipeline\\{closure}(Object(Illuminate\\Http\\Request))
#42 C:\\xampp\\htdocs\\secprog\\SecPro\\FrontEndSec\\vendor\\laravel\\framework\\src\\Illuminate\\Pipeline\\Pipeline.php(219): Illuminate\\Http\\Middleware\\ValidatePostSize->handle(Object(Illuminate\\Http\\Request), Object(Closure))
#43 C:\\xampp\\htdocs\\secprog\\SecPro\\FrontEndSec\\vendor\\laravel\\framework\\src\\Illuminate\\Foundation\\Http\\Middleware\\PreventRequestsDuringMaintenance.php(109): Illuminate\\Pipeline\\Pipeline->Illuminate\\Pipeline\\{closure}(Object(Illuminate\\Http\\Request))
#44 C:\\xampp\\htdocs\\secprog\\SecPro\\FrontEndSec\\vendor\\laravel\\framework\\src\\Illuminate\\Pipeline\\Pipeline.php(219): Illuminate\\Foundation\\Http\\Middleware\\PreventRequestsDuringMaintenance->handle(Object(Illuminate\\Http\\Request), Object(Closure))
#45 C:\\xampp\\htdocs\\secprog\\SecPro\\FrontEndSec\\vendor\\laravel\\framework\\src\\Illuminate\\Http\\Middleware\\HandleCors.php(48): Illuminate\\Pipeline\\Pipeline->Illuminate\\Pipeline\\{closure}(Object(Illuminate\\Http\\Request))
#46 C:\\xampp\\htdocs\\secprog\\SecPro\\FrontEndSec\\vendor\\laravel\\framework\\src\\Illuminate\\Pipeline\\Pipeline.php(219): Illuminate\\Http\\Middleware\\HandleCors->handle(Object(Illuminate\\Http\\Request), Object(Closure))
#47 C:\\xampp\\htdocs\\secprog\\SecPro\\FrontEndSec\\vendor\\laravel\\framework\\src\\Illuminate\\Http\\Middleware\\TrustProxies.php(58): Illuminate\\Pipeline\\Pipeline->Illuminate\\Pipeline\\{closure}(Object(Illuminate\\Http\\Request))
#48 C:\\xampp\\htdocs\\secprog\\SecPro\\FrontEndSec\\vendor\\laravel\\framework\\src\\Illuminate\\Pipeline\\Pipeline.php(219): Illuminate\\Http\\Middleware\\TrustProxies->handle(Object(Illuminate\\Http\\Request), Object(Closure))
#49 C:\\xampp\\htdocs\\secprog\\SecPro\\FrontEndSec\\vendor\\laravel\\framework\\src\\Illuminate\\Foundation\\Http\\Middleware\\InvokeDeferredCallbacks.php(22): Illuminate\\Pipeline\\Pipeline->Illuminate\\Pipeline\\{closure}(Object(Illuminate\\Http\\Request))
#50 C:\\xampp\\htdocs\\secprog\\SecPro\\FrontEndSec\\vendor\\laravel\\framework\\src\\Illuminate\\Pipeline\\Pipeline.php(219): Illuminate\\Foundation\\Http\\Middleware\\InvokeDeferredCallbacks->handle(Object(Illuminate\\Http\\Request), Object(Closure))
#51 C:\\xampp\\htdocs\\secprog\\SecPro\\FrontEndSec\\vendor\\laravel\\framework\\src\\Illuminate\\Http\\Middleware\\ValidatePathEncoding.php(26): Illuminate\\Pipeline\\Pipeline->Illuminate\\Pipeline\\{closure}(Object(Illuminate\\Http\\Request))
#52 C:\\xampp\\htdocs\\secprog\\SecPro\\FrontEndSec\\vendor\\laravel\\framework\\src\\Illuminate\\Pipeline\\Pipeline.php(219): Illuminate\\Http\\Middleware\\ValidatePathEncoding->handle(Object(Illuminate\\Http\\Request), Object(Closure))
#53 C:\\xampp\\htdocs\\secprog\\SecPro\\FrontEndSec\\vendor\\laravel\\framework\\src\\Illuminate\\Pipeline\\Pipeline.php(137): Illuminate\\Pipeline\\Pipeline->Illuminate\\Pipeline\\{closure}(Object(Illuminate\\Http\\Request))
#54 C:\\xampp\\htdocs\\secprog\\SecPro\\FrontEndSec\\vendor\\laravel\\framework\\src\\Illuminate\\Foundation\\Http\\Kernel.php(175): Illuminate\\Pipeline\\Pipeline->then(Object(Closure))
#55 C:\\xampp\\htdocs\\secprog\\SecPro\\FrontEndSec\\vendor\\laravel\\framework\\src\\Illuminate\\Foundation\\Http\\Kernel.php(144): Illuminate\\Foundation\\Http\\Kernel->sendRequestThroughRouter(Object(Illuminate\\Http\\Request))
#56 C:\\xampp\\htdocs\\secprog\\SecPro\\FrontEndSec\\vendor\\laravel\\framework\\src\\Illuminate\\Foundation\\Application.php(1220): Illuminate\\Foundation\\Http\\Kernel->handle(Object(Illuminate\\Http\\Request))
#57 C:\\xampp\\htdocs\\secprog\\SecPro\\FrontEndSec\\public\\index.php(20): Illuminate\\Foundation\\Application->handleRequest(Object(Illuminate\\Http\\Request))
#58 C:\\xampp\\htdocs\\secprog\\SecPro\\FrontEndSec\\vendor\\laravel\\framework\\src\\Illuminate\\Foundation\\resources\\server.php(23): require_once('C:\\\\xampp\\\\htdocs...')
#59 {main}
"} 
[2025-11-18 15:40:21] local.ERROR: Undefined variable $weeklyRecipes (View: C:\xampp\htdocs\secprog\SecPro\FrontEndSec\resources\views\mainPage.blade.php) {"exception":"[object] (Illuminate\\View\\ViewException(code: 0): Undefined variable $weeklyRecipes (View: C:\\xampp\\htdocs\\secprog\\SecPro\\FrontEndSec\\resources\\views\\mainPage.blade.php) at C:\\xampp\\htdocs\\secprog\\SecPro\\FrontEndSec\\storage\\framework\\views\\1f1e764261ce25fd6ab9770d03d6856e.php:142)
[stacktrace]
#0 C:\\xampp\\htdocs\\secprog\\SecPro\\FrontEndSec\\vendor\\laravel\\framework\\src\\Illuminate\\View\\Engines\\PhpEngine.php(59): Illuminate\\View\\Engines\\CompilerEngine->handleViewException(Object(ErrorException), 1)
#1 C:\\xampp\\htdocs\\secprog\\SecPro\\FrontEndSec\\vendor\\laravel\\framework\\src\\Illuminate\\View\\Engines\\CompilerEngine.php(76): Illuminate\\View\\Engines\\PhpEngine->evaluatePath('C:\\\\xampp\\\\htdocs...', Array)
#2 C:\\xampp\\htdocs\\secprog\\SecPro\\FrontEndSec\\vendor\\laravel\\framework\\src\\Illuminate\\View\\View.php(208): Illuminate\\View\\Engines\\CompilerEngine->get('C:\\\\xampp\\\\htdocs...', Array)
#3 C:\\xampp\\htdocs\\secprog\\SecPro\\FrontEndSec\\vendor\\laravel\\framework\\src\\Illuminate\\View\\View.php(191): Illuminate\\View\\View->getContents()
#4 C:\\xampp\\htdocs\\secprog\\SecPro\\FrontEndSec\\vendor\\laravel\\framework\\src\\Illuminate\\View\\View.php(160): Illuminate\\View\\View->renderContents()
#5 C:\\xampp\\htdocs\\secprog\\SecPro\\FrontEndSec\\vendor\\laravel\\framework\\src\\Illuminate\\Http\\Response.php(78): Illuminate\\View\\View->render()
#6 C:\\xampp\\htdocs\\secprog\\SecPro\\FrontEndSec\\vendor\\laravel\\framework\\src\\Illuminate\\Http\\Response.php(34): Illuminate\\Http\\Response->setContent(Object(Illuminate\\View\\View))
#7 C:\\xampp\\htdocs\\secprog\\SecPro\\FrontEndSec\\vendor\\laravel\\framework\\src\\Illuminate\\Routing\\Router.php(939): Illuminate\\Http\\Response->__construct(Object(Illuminate\\View\\View), 200, Array)
#8 C:\\xampp\\htdocs\\secprog\\SecPro\\FrontEndSec\\vendor\\laravel\\framework\\src\\Illuminate\\Routing\\Router.php(906): Illuminate\\Routing\\Router::toResponse(Object(Illuminate\\Http\\Request), Object(Illuminate\\View\\View))
#9 C:\\xampp\\htdocs\\secprog\\SecPro\\FrontEndSec\\vendor\\laravel\\framework\\src\\Illuminate\\Routing\\Router.php(821): Illuminate\\Routing\\Router->prepareResponse(Object(Illuminate\\Http\\Request), Object(Illuminate\\View\\View))
#10 C:\\xampp\\htdocs\\secprog\\SecPro\\FrontEndSec\\vendor\\laravel\\framework\\src\\Illuminate\\Pipeline\\Pipeline.php(180): Illuminate\\Routing\\Router->Illuminate\\Routing\\{closure}(Object(Illuminate\\Http\\Request))
#11 C:\\xampp\\htdocs\\secprog\\SecPro\\FrontEndSec\\vendor\\laravel\\framework\\src\\Illuminate\\Routing\\Middleware\\SubstituteBindings.php(50): Illuminate\\Pipeline\\Pipeline->Illuminate\\Pipeline\\{closure}(Object(Illuminate\\Http\\Request))
#12 C:\\xampp\\htdocs\\secprog\\SecPro\\FrontEndSec\\vendor\\laravel\\framework\\src\\Illuminate\\Pipeline\\Pipeline.php(219): Illuminate\\Routing\\Middleware\\SubstituteBindings->handle(Object(Illuminate\\Http\\Request), Object(Closure))
#13 C:\\xampp\\htdocs\\secprog\\SecPro\\FrontEndSec\\vendor\\laravel\\framework\\src\\Illuminate\\Foundation\\Http\\Middleware\\VerifyCsrfToken.php(87): Illuminate\\Pipeline\\Pipeline->Illuminate\\Pipeline\\{closure}(Object(Illuminate\\Http\\Request))
#14 C:\\xampp\\htdocs\\secprog\\SecPro\\FrontEndSec\\vendor\\laravel\\framework\\src\\Illuminate\\Pipeline\\Pipeline.php(219): Illuminate\\Foundation\\Http\\Middleware\\VerifyCsrfToken->handle(Object(Illuminate\\Http\\Request), Object(Closure))
#15 C:\\xampp\\htdocs\\secprog\\SecPro\\FrontEndSec\\vendor\\laravel\\framework\\src\\Illuminate\\View\\Middleware\\ShareErrorsFromSession.php(48): Illuminate\\Pipeline\\Pipeline->Illuminate\\Pipeline\\{closure}(Object(Illuminate\\Http\\Request))
#16 C:\\xampp\\htdocs\\secprog\\SecPro\\FrontEndSec\\vendor\\laravel\\framework\\src\\Illuminate\\Pipeline\\Pipeline.php(219): Illuminate\\View\\Middleware\\ShareErrorsFromSession->handle(Object(Illuminate\\Http\\Request), Object(Closure))
#17 C:\\xampp\\htdocs\\secprog\\SecPro\\FrontEndSec\\vendor\\laravel\\framework\\src\\Illuminate\\Session\\Middleware\\StartSession.php(120): Illuminate\\Pipeline\\Pipeline->Illuminate\\Pipeline\\{closure}(Object(Illuminate\\Http\\Request))
#18 C:\\xampp\\htdocs\\secprog\\SecPro\\FrontEndSec\\vendor\\laravel\\framework\\src\\Illuminate\\Session\\Middleware\\StartSession.php(63): Illuminate\\Session\\Middleware\\StartSession->handleStatefulRequest(Object(Illuminate\\Http\\Request), Object(Illuminate\\Session\\Store), Object(Closure))
#19 C:\\xampp\\htdocs\\secprog\\SecPro\\FrontEndSec\\vendor\\laravel\\framework\\src\\Illuminate\\Pipeline\\Pipeline.php(219): Illuminate\\Session\\Middleware\\StartSession->handle(Object(Illuminate\\Http\\Request), Object(Closure))
#20 C:\\xampp\\htdocs\\secprog\\SecPro\\FrontEndSec\\vendor\\laravel\\framework\\src\\Illuminate\\Cookie\\Middleware\\AddQueuedCookiesToResponse.php(36): Illuminate\\Pipeline\\Pipeline->Illuminate\\Pipeline\\{closure}(Object(Illuminate\\Http\\Request))
#21 C:\\xampp\\htdocs\\secprog\\SecPro\\FrontEndSec\\vendor\\laravel\\framework\\src\\Illuminate\\Pipeline\\Pipeline.php(219): Illuminate\\Cookie\\Middleware\\AddQueuedCookiesToResponse->handle(Object(Illuminate\\Http\\Request), Object(Closure))
#22 C:\\xampp\\htdocs\\secprog\\SecPro\\FrontEndSec\\vendor\\laravel\\framework\\src\\Illuminate\\Cookie\\Middleware\\EncryptCookies.php(74): Illuminate\\Pipeline\\Pipeline->Illuminate\\Pipeline\\{closure}(Object(Illuminate\\Http\\Request))
#23 C:\\xampp\\htdocs\\secprog\\SecPro\\FrontEndSec\\vendor\\laravel\\framework\\src\\Illuminate\\Pipeline\\Pipeline.php(219): Illuminate\\Cookie\\Middleware\\EncryptCookies->handle(Object(Illuminate\\Http\\Request), Object(Closure))
#24 C:\\xampp\\htdocs\\secprog\\SecPro\\FrontEndSec\\vendor\\laravel\\framework\\src\\Illuminate\\Pipeline\\Pipeline.php(137): Illuminate\\Pipeline\\Pipeline->Illuminate\\Pipeline\\{closure}(Object(Illuminate\\Http\\Request))
#25 C:\\xampp\\htdocs\\secprog\\SecPro\\FrontEndSec\\vendor\\laravel\\framework\\src\\Illuminate\\Routing\\Router.php(821): Illuminate\\Pipeline\\Pipeline->then(Object(Closure))
#26 C:\\xampp\\htdocs\\secprog\\SecPro\\FrontEndSec\\vendor\\laravel\\framework\\src\\Illuminate\\Routing\\Router.php(800): Illuminate\\Routing\\Router->runRouteWithinStack(Object(Illuminate\\Routing\\Route), Object(Illuminate\\Http\\Request))
#27 C:\\xampp\\htdocs\\secprog\\SecPro\\FrontEndSec\\vendor\\laravel\\framework\\src\\Illuminate\\Routing\\Router.php(764): Illuminate\\Routing\\Router->runRoute(Object(Illuminate\\Http\\Request), Object(Illuminate\\Routing\\Route))
#28 C:\\xampp\\htdocs\\secprog\\SecPro\\FrontEndSec\\vendor\\laravel\\framework\\src\\Illuminate\\Routing\\Router.php(753): Illuminate\\Routing\\Router->dispatchToRoute(Object(Illuminate\\Http\\Request))
#29 C:\\xampp\\htdocs\\secprog\\SecPro\\FrontEndSec\\vendor\\laravel\\framework\\src\\Illuminate\\Foundation\\Http\\Kernel.php(200): Illuminate\\Routing\\Router->dispatch(Object(Illuminate\\Http\\Request))
#30 C:\\xampp\\htdocs\\secprog\\SecPro\\FrontEndSec\\vendor\\laravel\\framework\\src\\Illuminate\\Pipeline\\Pipeline.php(180): Illuminate\\Foundation\\Http\\Kernel->Illuminate\\Foundation\\Http\\{closure}(Object(Illuminate\\Http\\Request))
#31 C:\\xampp\\htdocs\\secprog\\SecPro\\FrontEndSec\\vendor\\laravel\\framework\\src\\Illuminate\\Foundation\\Http\\Middleware\\TransformsRequest.php(21): Illuminate\\Pipeline\\Pipeline->Illuminate\\Pipeline\\{closure}(Object(Illuminate\\Http\\Request))
#32 C:\\xampp\\htdocs\\secprog\\SecPro\\FrontEndSec\\vendor\\laravel\\framework\\src\\Illuminate\\Foundation\\Http\\Middleware\\ConvertEmptyStringsToNull.php(31): Illuminate\\Foundation\\Http\\Middleware\\TransformsRequest->handle(Object(Illuminate\\Http\\Request), Object(Closure))
#33 C:\\xampp\\htdocs\\secprog\\SecPro\\FrontEndSec\\vendor\\laravel\\framework\\src\\Illuminate\\Pipeline\\Pipeline.php(219): Illuminate\\Foundation\\Http\\Middleware\\ConvertEmptyStringsToNull->handle(Object(Illuminate\\Http\\Request), Object(Closure))
#34 C:\\xampp\\htdocs\\secprog\\SecPro\\FrontEndSec\\vendor\\laravel\\framework\\src\\Illuminate\\Foundation\\Http\\Middleware\\TransformsRequest.php(21): Illuminate\\Pipeline\\Pipeline->Illuminate\\Pipeline\\{closure}(Object(Illuminate\\Http\\Request))
#35 C:\\xampp\\htdocs\\secprog\\SecPro\\FrontEndSec\\vendor\\laravel\\framework\\src\\Illuminate\\Foundation\\Http\\Middleware\\TrimStrings.php(51): Illuminate\\Foundation\\Http\\Middleware\\TransformsRequest->handle(Object(Illuminate\\Http\\Request), Object(Closure))
#36 C:\\xampp\\htdocs\\secprog\\SecPro\\FrontEndSec\\vendor\\laravel\\framework\\src\\Illuminate\\Pipeline\\Pipeline.php(219): Illuminate\\Foundation\\Http\\Middleware\\TrimStrings->handle(Object(Illuminate\\Http\\Request), Object(Closure))
#37 C:\\xampp\\htdocs\\secprog\\SecPro\\FrontEndSec\\vendor\\laravel\\framework\\src\\Illuminate\\Http\\Middleware\\ValidatePostSize.php(27): Illuminate\\Pipeline\\Pipeline->Illuminate\\Pipeline\\{closure}(Object(Illuminate\\Http\\Request))
#38 C:\\xampp\\htdocs\\secprog\\SecPro\\FrontEndSec\\vendor\\laravel\\framework\\src\\Illuminate\\Pipeline\\Pipeline.php(219): Illuminate\\Http\\Middleware\\ValidatePostSize->handle(Object(Illuminate\\Http\\Request), Object(Closure))
#39 C:\\xampp\\htdocs\\secprog\\SecPro\\FrontEndSec\\vendor\\laravel\\framework\\src\\Illuminate\\Foundation\\Http\\Middleware\\PreventRequestsDuringMaintenance.php(109): Illuminate\\Pipeline\\Pipeline->Illuminate\\Pipeline\\{closure}(Object(Illuminate\\Http\\Request))
#40 C:\\xampp\\htdocs\\secprog\\SecPro\\FrontEndSec\\vendor\\laravel\\framework\\src\\Illuminate\\Pipeline\\Pipeline.php(219): Illuminate\\Foundation\\Http\\Middleware\\PreventRequestsDuringMaintenance->handle(Object(Illuminate\\Http\\Request), Object(Closure))
#41 C:\\xampp\\htdocs\\secprog\\SecPro\\FrontEndSec\\vendor\\laravel\\framework\\src\\Illuminate\\Http\\Middleware\\HandleCors.php(48): Illuminate\\Pipeline\\Pipeline->Illuminate\\Pipeline\\{closure}(Object(Illuminate\\Http\\Request))
#42 C:\\xampp\\htdocs\\secprog\\SecPro\\FrontEndSec\\vendor\\laravel\\framework\\src\\Illuminate\\Pipeline\\Pipeline.php(219): Illuminate\\Http\\Middleware\\HandleCors->handle(Object(Illuminate\\Http\\Request), Object(Closure))
#43 C:\\xampp\\htdocs\\secprog\\SecPro\\FrontEndSec\\vendor\\laravel\\framework\\src\\Illuminate\\Http\\Middleware\\TrustProxies.php(58): Illuminate\\Pipeline\\Pipeline->Illuminate\\Pipeline\\{closure}(Object(Illuminate\\Http\\Request))
#44 C:\\xampp\\htdocs\\secprog\\SecPro\\FrontEndSec\\vendor\\laravel\\framework\\src\\Illuminate\\Pipeline\\Pipeline.php(219): Illuminate\\Http\\Middleware\\TrustProxies->handle(Object(Illuminate\\Http\\Request), Object(Closure))
#45 C:\\xampp\\htdocs\\secprog\\SecPro\\FrontEndSec\\vendor\\laravel\\framework\\src\\Illuminate\\Foundation\\Http\\Middleware\\InvokeDeferredCallbacks.php(22): Illuminate\\Pipeline\\Pipeline->Illuminate\\Pipeline\\{closure}(Object(Illuminate\\Http\\Request))
#46 C:\\xampp\\htdocs\\secprog\\SecPro\\FrontEndSec\\vendor\\laravel\\framework\\src\\Illuminate\\Pipeline\\Pipeline.php(219): Illuminate\\Foundation\\Http\\Middleware\\InvokeDeferredCallbacks->handle(Object(Illuminate\\Http\\Request), Object(Closure))
#47 C:\\xampp\\htdocs\\secprog\\SecPro\\FrontEndSec\\vendor\\laravel\\framework\\src\\Illuminate\\Http\\Middleware\\ValidatePathEncoding.php(26): Illuminate\\Pipeline\\Pipeline->Illuminate\\Pipeline\\{closure}(Object(Illuminate\\Http\\Request))
#48 C:\\xampp\\htdocs\\secprog\\SecPro\\FrontEndSec\\vendor\\laravel\\framework\\src\\Illuminate\\Pipeline\\Pipeline.php(219): Illuminate\\Http\\Middleware\\ValidatePathEncoding->handle(Object(Illuminate\\Http\\Request), Object(Closure))
#49 C:\\xampp\\htdocs\\secprog\\SecPro\\FrontEndSec\\vendor\\laravel\\framework\\src\\Illuminate\\Pipeline\\Pipeline.php(137): Illuminate\\Pipeline\\Pipeline->Illuminate\\Pipeline\\{closure}(Object(Illuminate\\Http\\Request))
#50 C:\\xampp\\htdocs\\secprog\\SecPro\\FrontEndSec\\vendor\\laravel\\framework\\src\\Illuminate\\Foundation\\Http\\Kernel.php(175): Illuminate\\Pipeline\\Pipeline->then(Object(Closure))
#51 C:\\xampp\\htdocs\\secprog\\SecPro\\FrontEndSec\\vendor\\laravel\\framework\\src\\Illuminate\\Foundation\\Http\\Kernel.php(144): Illuminate\\Foundation\\Http\\Kernel->sendRequestThroughRouter(Object(Illuminate\\Http\\Request))
#52 C:\\xampp\\htdocs\\secprog\\SecPro\\FrontEndSec\\vendor\\laravel\\framework\\src\\Illuminate\\Foundation\\Application.php(1220): Illuminate\\Foundation\\Http\\Kernel->handle(Object(Illuminate\\Http\\Request))
#53 C:\\xampp\\htdocs\\secprog\\SecPro\\FrontEndSec\\public\\index.php(20): Illuminate\\Foundation\\Application->handleRequest(Object(Illuminate\\Http\\Request))
#54 C:\\xampp\\htdocs\\secprog\\SecPro\\FrontEndSec\\vendor\\laravel\\framework\\src\\Illuminate\\Foundation\\resources\\server.php(23): require_once('C:\\\\xampp\\\\htdocs...')
#55 {main}

[previous exception] [object] (ErrorException(code: 0): Undefined variable $weeklyRecipes at C:\\xampp\\htdocs\\secprog\\SecPro\\FrontEndSec\\storage\\framework\\views\\1f1e764261ce25fd6ab9770d03d6856e.php:142)
[stacktrace]
#0 C:\\xampp\\htdocs\\secprog\\SecPro\\FrontEndSec\\vendor\\laravel\\framework\\src\\Illuminate\\Foundation\\Bootstrap\\HandleExceptions.php(258): Illuminate\\Foundation\\Bootstrap\\HandleExceptions->handleError(2, 'Undefined varia...', 'C:\\\\xampp\\\\htdocs...', 142)
#1 C:\\xampp\\htdocs\\secprog\\SecPro\\FrontEndSec\\storage\\framework\\views\\1f1e764261ce25fd6ab9770d03d6856e.php(142): Illuminate\\Foundation\\Bootstrap\\HandleExceptions->Illuminate\\Foundation\\Bootstrap\\{closure}(2, 'Undefined varia...', 'C:\\\\xampp\\\\htdocs...', 142)
#2 C:\\xampp\\htdocs\\secprog\\SecPro\\FrontEndSec\\vendor\\laravel\\framework\\src\\Illuminate\\Filesystem\\Filesystem.php(123): require('C:\\\\xampp\\\\htdocs...')
#3 C:\\xampp\\htdocs\\secprog\\SecPro\\FrontEndSec\\vendor\\laravel\\framework\\src\\Illuminate\\Filesystem\\Filesystem.php(124): Illuminate\\Filesystem\\Filesystem::Illuminate\\Filesystem\\{closure}()
#4 C:\\xampp\\htdocs\\secprog\\SecPro\\FrontEndSec\\vendor\\laravel\\framework\\src\\Illuminate\\View\\Engines\\PhpEngine.php(57): Illuminate\\Filesystem\\Filesystem->getRequire('C:\\\\xampp\\\\htdocs...', Array)
#5 C:\\xampp\\htdocs\\secprog\\SecPro\\FrontEndSec\\vendor\\laravel\\framework\\src\\Illuminate\\View\\Engines\\CompilerEngine.php(76): Illuminate\\View\\Engines\\PhpEngine->evaluatePath('C:\\\\xampp\\\\htdocs...', Array)
#6 C:\\xampp\\htdocs\\secprog\\SecPro\\FrontEndSec\\vendor\\laravel\\framework\\src\\Illuminate\\View\\View.php(208): Illuminate\\View\\Engines\\CompilerEngine->get('C:\\\\xampp\\\\htdocs...', Array)
#7 C:\\xampp\\htdocs\\secprog\\SecPro\\FrontEndSec\\vendor\\laravel\\framework\\src\\Illuminate\\View\\View.php(191): Illuminate\\View\\View->getContents()
#8 C:\\xampp\\htdocs\\secprog\\SecPro\\FrontEndSec\\vendor\\laravel\\framework\\src\\Illuminate\\View\\View.php(160): Illuminate\\View\\View->renderContents()
#9 C:\\xampp\\htdocs\\secprog\\SecPro\\FrontEndSec\\vendor\\laravel\\framework\\src\\Illuminate\\Http\\Response.php(78): Illuminate\\View\\View->render()
#10 C:\\xampp\\htdocs\\secprog\\SecPro\\FrontEndSec\\vendor\\laravel\\framework\\src\\Illuminate\\Http\\Response.php(34): Illuminate\\Http\\Response->setContent(Object(Illuminate\\View\\View))
#11 C:\\xampp\\htdocs\\secprog\\SecPro\\FrontEndSec\\vendor\\laravel\\framework\\src\\Illuminate\\Routing\\Router.php(939): Illuminate\\Http\\Response->__construct(Object(Illuminate\\View\\View), 200, Array)
#12 C:\\xampp\\htdocs\\secprog\\SecPro\\FrontEndSec\\vendor\\laravel\\framework\\src\\Illuminate\\Routing\\Router.php(906): Illuminate\\Routing\\Router::toResponse(Object(Illuminate\\Http\\Request), Object(Illuminate\\View\\View))
#13 C:\\xampp\\htdocs\\secprog\\SecPro\\FrontEndSec\\vendor\\laravel\\framework\\src\\Illuminate\\Routing\\Router.php(821): Illuminate\\Routing\\Router->prepareResponse(Object(Illuminate\\Http\\Request), Object(Illuminate\\View\\View))
#14 C:\\xampp\\htdocs\\secprog\\SecPro\\FrontEndSec\\vendor\\laravel\\framework\\src\\Illuminate\\Pipeline\\Pipeline.php(180): Illuminate\\Routing\\Router->Illuminate\\Routing\\{closure}(Object(Illuminate\\Http\\Request))
#15 C:\\xampp\\htdocs\\secprog\\SecPro\\FrontEndSec\\vendor\\laravel\\framework\\src\\Illuminate\\Routing\\Middleware\\SubstituteBindings.php(50): Illuminate\\Pipeline\\Pipeline->Illuminate\\Pipeline\\{closure}(Object(Illuminate\\Http\\Request))
#16 C:\\xampp\\htdocs\\secprog\\SecPro\\FrontEndSec\\vendor\\laravel\\framework\\src\\Illuminate\\Pipeline\\Pipeline.php(219): Illuminate\\Routing\\Middleware\\SubstituteBindings->handle(Object(Illuminate\\Http\\Request), Object(Closure))
#17 C:\\xampp\\htdocs\\secprog\\SecPro\\FrontEndSec\\vendor\\laravel\\framework\\src\\Illuminate\\Foundation\\Http\\Middleware\\VerifyCsrfToken.php(87): Illuminate\\Pipeline\\Pipeline->Illuminate\\Pipeline\\{closure}(Object(Illuminate\\Http\\Request))
#18 C:\\xampp\\htdocs\\secprog\\SecPro\\FrontEndSec\\vendor\\laravel\\framework\\src\\Illuminate\\Pipeline\\Pipeline.php(219): Illuminate\\Foundation\\Http\\Middleware\\VerifyCsrfToken->handle(Object(Illuminate\\Http\\Request), Object(Closure))
#19 C:\\xampp\\htdocs\\secprog\\SecPro\\FrontEndSec\\vendor\\laravel\\framework\\src\\Illuminate\\View\\Middleware\\ShareErrorsFromSession.php(48): Illuminate\\Pipeline\\Pipeline->Illuminate\\Pipeline\\{closure}(Object(Illuminate\\Http\\Request))
#20 C:\\xampp\\htdocs\\secprog\\SecPro\\FrontEndSec\\vendor\\laravel\\framework\\src\\Illuminate\\Pipeline\\Pipeline.php(219): Illuminate\\View\\Middleware\\ShareErrorsFromSession->handle(Object(Illuminate\\Http\\Request), Object(Closure))
#21 C:\\xampp\\htdocs\\secprog\\SecPro\\FrontEndSec\\vendor\\laravel\\framework\\src\\Illuminate\\Session\\Middleware\\StartSession.php(120): Illuminate\\Pipeline\\Pipeline->Illuminate\\Pipeline\\{closure}(Object(Illuminate\\Http\\Request))
#22 C:\\xampp\\htdocs\\secprog\\SecPro\\FrontEndSec\\vendor\\laravel\\framework\\src\\Illuminate\\Session\\Middleware\\StartSession.php(63): Illuminate\\Session\\Middleware\\StartSession->handleStatefulRequest(Object(Illuminate\\Http\\Request), Object(Illuminate\\Session\\Store), Object(Closure))
#23 C:\\xampp\\htdocs\\secprog\\SecPro\\FrontEndSec\\vendor\\laravel\\framework\\src\\Illuminate\\Pipeline\\Pipeline.php(219): Illuminate\\Session\\Middleware\\StartSession->handle(Object(Illuminate\\Http\\Request), Object(Closure))
#24 C:\\xampp\\htdocs\\secprog\\SecPro\\FrontEndSec\\vendor\\laravel\\framework\\src\\Illuminate\\Cookie\\Middleware\\AddQueuedCookiesToResponse.php(36): Illuminate\\Pipeline\\Pipeline->Illuminate\\Pipeline\\{closure}(Object(Illuminate\\Http\\Request))
#25 C:\\xampp\\htdocs\\secprog\\SecPro\\FrontEndSec\\vendor\\laravel\\framework\\src\\Illuminate\\Pipeline\\Pipeline.php(219): Illuminate\\Cookie\\Middleware\\AddQueuedCookiesToResponse->handle(Object(Illuminate\\Http\\Request), Object(Closure))
#26 C:\\xampp\\htdocs\\secprog\\SecPro\\FrontEndSec\\vendor\\laravel\\framework\\src\\Illuminate\\Cookie\\Middleware\\EncryptCookies.php(74): Illuminate\\Pipeline\\Pipeline->Illuminate\\Pipeline\\{closure}(Object(Illuminate\\Http\\Request))
#27 C:\\xampp\\htdocs\\secprog\\SecPro\\FrontEndSec\\vendor\\laravel\\framework\\src\\Illuminate\\Pipeline\\Pipeline.php(219): Illuminate\\Cookie\\Middleware\\EncryptCookies->handle(Object(Illuminate\\Http\\Request), Object(Closure))
#28 C:\\xampp\\htdocs\\secprog\\SecPro\\FrontEndSec\\vendor\\laravel\\framework\\src\\Illuminate\\Pipeline\\Pipeline.php(137): Illuminate\\Pipeline\\Pipeline->Illuminate\\Pipeline\\{closure}(Object(Illuminate\\Http\\Request))
#29 C:\\xampp\\htdocs\\secprog\\SecPro\\FrontEndSec\\vendor\\laravel\\framework\\src\\Illuminate\\Routing\\Router.php(821): Illuminate\\Pipeline\\Pipeline->then(Object(Closure))
#30 C:\\xampp\\htdocs\\secprog\\SecPro\\FrontEndSec\\vendor\\laravel\\framework\\src\\Illuminate\\Routing\\Router.php(800): Illuminate\\Routing\\Router->runRouteWithinStack(Object(Illuminate\\Routing\\Route), Object(Illuminate\\Http\\Request))
#31 C:\\xampp\\htdocs\\secprog\\SecPro\\FrontEndSec\\vendor\\laravel\\framework\\src\\Illuminate\\Routing\\Router.php(764): Illuminate\\Routing\\Router->runRoute(Object(Illuminate\\Http\\Request), Object(Illuminate\\Routing\\Route))
#32 C:\\xampp\\htdocs\\secprog\\SecPro\\FrontEndSec\\vendor\\laravel\\framework\\src\\Illuminate\\Routing\\Router.php(753): Illuminate\\Routing\\Router->dispatchToRoute(Object(Illuminate\\Http\\Request))
#33 C:\\xampp\\htdocs\\secprog\\SecPro\\FrontEndSec\\vendor\\laravel\\framework\\src\\Illuminate\\Foundation\\Http\\Kernel.php(200): Illuminate\\Routing\\Router->dispatch(Object(Illuminate\\Http\\Request))
#34 C:\\xampp\\htdocs\\secprog\\SecPro\\FrontEndSec\\vendor\\laravel\\framework\\src\\Illuminate\\Pipeline\\Pipeline.php(180): Illuminate\\Foundation\\Http\\Kernel->Illuminate\\Foundation\\Http\\{closure}(Object(Illuminate\\Http\\Request))
#35 C:\\xampp\\htdocs\\secprog\\SecPro\\FrontEndSec\\vendor\\laravel\\framework\\src\\Illuminate\\Foundation\\Http\\Middleware\\TransformsRequest.php(21): Illuminate\\Pipeline\\Pipeline->Illuminate\\Pipeline\\{closure}(Object(Illuminate\\Http\\Request))
#36 C:\\xampp\\htdocs\\secprog\\SecPro\\FrontEndSec\\vendor\\laravel\\framework\\src\\Illuminate\\Foundation\\Http\\Middleware\\ConvertEmptyStringsToNull.php(31): Illuminate\\Foundation\\Http\\Middleware\\TransformsRequest->handle(Object(Illuminate\\Http\\Request), Object(Closure))
#37 C:\\xampp\\htdocs\\secprog\\SecPro\\FrontEndSec\\vendor\\laravel\\framework\\src\\Illuminate\\Pipeline\\Pipeline.php(219): Illuminate\\Foundation\\Http\\Middleware\\ConvertEmptyStringsToNull->handle(Object(Illuminate\\Http\\Request), Object(Closure))
#38 C:\\xampp\\htdocs\\secprog\\SecPro\\FrontEndSec\\vendor\\laravel\\framework\\src\\Illuminate\\Foundation\\Http\\Middleware\\TransformsRequest.php(21): Illuminate\\Pipeline\\Pipeline->Illuminate\\Pipeline\\{closure}(Object(Illuminate\\Http\\Request))
#39 C:\\xampp\\htdocs\\secprog\\SecPro\\FrontEndSec\\vendor\\laravel\\framework\\src\\Illuminate\\Foundation\\Http\\Middleware\\TrimStrings.php(51): Illuminate\\Foundation\\Http\\Middleware\\TransformsRequest->handle(Object(Illuminate\\Http\\Request), Object(Closure))
#40 C:\\xampp\\htdocs\\secprog\\SecPro\\FrontEndSec\\vendor\\laravel\\framework\\src\\Illuminate\\Pipeline\\Pipeline.php(219): Illuminate\\Foundation\\Http\\Middleware\\TrimStrings->handle(Object(Illuminate\\Http\\Request), Object(Closure))
#41 C:\\xampp\\htdocs\\secprog\\SecPro\\FrontEndSec\\vendor\\laravel\\framework\\src\\Illuminate\\Http\\Middleware\\ValidatePostSize.php(27): Illuminate\\Pipeline\\Pipeline->Illuminate\\Pipeline\\{closure}(Object(Illuminate\\Http\\Request))
#42 C:\\xampp\\htdocs\\secprog\\SecPro\\FrontEndSec\\vendor\\laravel\\framework\\src\\Illuminate\\Pipeline\\Pipeline.php(219): Illuminate\\Http\\Middleware\\ValidatePostSize->handle(Object(Illuminate\\Http\\Request), Object(Closure))
#43 C:\\xampp\\htdocs\\secprog\\SecPro\\FrontEndSec\\vendor\\laravel\\framework\\src\\Illuminate\\Foundation\\Http\\Middleware\\PreventRequestsDuringMaintenance.php(109): Illuminate\\Pipeline\\Pipeline->Illuminate\\Pipeline\\{closure}(Object(Illuminate\\Http\\Request))
#44 C:\\xampp\\htdocs\\secprog\\SecPro\\FrontEndSec\\vendor\\laravel\\framework\\src\\Illuminate\\Pipeline\\Pipeline.php(219): Illuminate\\Foundation\\Http\\Middleware\\PreventRequestsDuringMaintenance->handle(Object(Illuminate\\Http\\Request), Object(Closure))
#45 C:\\xampp\\htdocs\\secprog\\SecPro\\FrontEndSec\\vendor\\laravel\\framework\\src\\Illuminate\\Http\\Middleware\\HandleCors.php(48): Illuminate\\Pipeline\\Pipeline->Illuminate\\Pipeline\\{closure}(Object(Illuminate\\Http\\Request))
#46 C:\\xampp\\htdocs\\secprog\\SecPro\\FrontEndSec\\vendor\\laravel\\framework\\src\\Illuminate\\Pipeline\\Pipeline.php(219): Illuminate\\Http\\Middleware\\HandleCors->handle(Object(Illuminate\\Http\\Request), Object(Closure))
#47 C:\\xampp\\htdocs\\secprog\\SecPro\\FrontEndSec\\vendor\\laravel\\framework\\src\\Illuminate\\Http\\Middleware\\TrustProxies.php(58): Illuminate\\Pipeline\\Pipeline->Illuminate\\Pipeline\\{closure}(Object(Illuminate\\Http\\Request))
#48 C:\\xampp\\htdocs\\secprog\\SecPro\\FrontEndSec\\vendor\\laravel\\framework\\src\\Illuminate\\Pipeline\\Pipeline.php(219): Illuminate\\Http\\Middleware\\TrustProxies->handle(Object(Illuminate\\Http\\Request), Object(Closure))
#49 C:\\xampp\\htdocs\\secprog\\SecPro\\FrontEndSec\\vendor\\laravel\\framework\\src\\Illuminate\\Foundation\\Http\\Middleware\\InvokeDeferredCallbacks.php(22): Illuminate\\Pipeline\\Pipeline->Illuminate\\Pipeline\\{closure}(Object(Illuminate\\Http\\Request))
#50 C:\\xampp\\htdocs\\secprog\\SecPro\\FrontEndSec\\vendor\\laravel\\framework\\src\\Illuminate\\Pipeline\\Pipeline.php(219): Illuminate\\Foundation\\Http\\Middleware\\InvokeDeferredCallbacks->handle(Object(Illuminate\\Http\\Request), Object(Closure))
#51 C:\\xampp\\htdocs\\secprog\\SecPro\\FrontEndSec\\vendor\\laravel\\framework\\src\\Illuminate\\Http\\Middleware\\ValidatePathEncoding.php(26): Illuminate\\Pipeline\\Pipeline->Illuminate\\Pipeline\\{closure}(Object(Illuminate\\Http\\Request))
#52 C:\\xampp\\htdocs\\secprog\\SecPro\\FrontEndSec\\vendor\\laravel\\framework\\src\\Illuminate\\Pipeline\\Pipeline.php(219): Illuminate\\Http\\Middleware\\ValidatePathEncoding->handle(Object(Illuminate\\Http\\Request), Object(Closure))
#53 C:\\xampp\\htdocs\\secprog\\SecPro\\FrontEndSec\\vendor\\laravel\\framework\\src\\Illuminate\\Pipeline\\Pipeline.php(137): Illuminate\\Pipeline\\Pipeline->Illuminate\\Pipeline\\{closure}(Object(Illuminate\\Http\\Request))
#54 C:\\xampp\\htdocs\\secprog\\SecPro\\FrontEndSec\\vendor\\laravel\\framework\\src\\Illuminate\\Foundation\\Http\\Kernel.php(175): Illuminate\\Pipeline\\Pipeline->then(Object(Closure))
#55 C:\\xampp\\htdocs\\secprog\\SecPro\\FrontEndSec\\vendor\\laravel\\framework\\src\\Illuminate\\Foundation\\Http\\Kernel.php(144): Illuminate\\Foundation\\Http\\Kernel->sendRequestThroughRouter(Object(Illuminate\\Http\\Request))
#56 C:\\xampp\\htdocs\\secprog\\SecPro\\FrontEndSec\\vendor\\laravel\\framework\\src\\Illuminate\\Foundation\\Application.php(1220): Illuminate\\Foundation\\Http\\Kernel->handle(Object(Illuminate\\Http\\Request))
#57 C:\\xampp\\htdocs\\secprog\\SecPro\\FrontEndSec\\public\\index.php(20): Illuminate\\Foundation\\Application->handleRequest(Object(Illuminate\\Http\\Request))
#58 C:\\xampp\\htdocs\\secprog\\SecPro\\FrontEndSec\\vendor\\laravel\\framework\\src\\Illuminate\\Foundation\\resources\\server.php(23): require_once('C:\\\\xampp\\\\htdocs...')
#59 {main}
"} 
[2025-11-18 15:47:20] local.ERROR: Undefined variable $weeklyRecipes (View: C:\xampp\htdocs\secprog\SecPro\FrontEndSec\resources\views\mainPage.blade.php) {"exception":"[object] (Illuminate\\View\\ViewException(code: 0): Undefined variable $weeklyRecipes (View: C:\\xampp\\htdocs\\secprog\\SecPro\\FrontEndSec\\resources\\views\\mainPage.blade.php) at C:\\xampp\\htdocs\\secprog\\SecPro\\FrontEndSec\\storage\\framework\\views\\1f1e764261ce25fd6ab9770d03d6856e.php:142)
[stacktrace]
#0 C:\\xampp\\htdocs\\secprog\\SecPro\\FrontEndSec\\vendor\\laravel\\framework\\src\\Illuminate\\View\\Engines\\PhpEngine.php(59): Illuminate\\View\\Engines\\CompilerEngine->handleViewException(Object(ErrorException), 1)
#1 C:\\xampp\\htdocs\\secprog\\SecPro\\FrontEndSec\\vendor\\laravel\\framework\\src\\Illuminate\\View\\Engines\\CompilerEngine.php(76): Illuminate\\View\\Engines\\PhpEngine->evaluatePath('C:\\\\xampp\\\\htdocs...', Array)
#2 C:\\xampp\\htdocs\\secprog\\SecPro\\FrontEndSec\\vendor\\laravel\\framework\\src\\Illuminate\\View\\View.php(208): Illuminate\\View\\Engines\\CompilerEngine->get('C:\\\\xampp\\\\htdocs...', Array)
#3 C:\\xampp\\htdocs\\secprog\\SecPro\\FrontEndSec\\vendor\\laravel\\framework\\src\\Illuminate\\View\\View.php(191): Illuminate\\View\\View->getContents()
#4 C:\\xampp\\htdocs\\secprog\\SecPro\\FrontEndSec\\vendor\\laravel\\framework\\src\\Illuminate\\View\\View.php(160): Illuminate\\View\\View->renderContents()
#5 C:\\xampp\\htdocs\\secprog\\SecPro\\FrontEndSec\\vendor\\laravel\\framework\\src\\Illuminate\\Http\\Response.php(78): Illuminate\\View\\View->render()
#6 C:\\xampp\\htdocs\\secprog\\SecPro\\FrontEndSec\\vendor\\laravel\\framework\\src\\Illuminate\\Http\\Response.php(34): Illuminate\\Http\\Response->setContent(Object(Illuminate\\View\\View))
#7 C:\\xampp\\htdocs\\secprog\\SecPro\\FrontEndSec\\vendor\\laravel\\framework\\src\\Illuminate\\Routing\\Router.php(939): Illuminate\\Http\\Response->__construct(Object(Illuminate\\View\\View), 200, Array)
#8 C:\\xampp\\htdocs\\secprog\\SecPro\\FrontEndSec\\vendor\\laravel\\framework\\src\\Illuminate\\Routing\\Router.php(906): Illuminate\\Routing\\Router::toResponse(Object(Illuminate\\Http\\Request), Object(Illuminate\\View\\View))
#9 C:\\xampp\\htdocs\\secprog\\SecPro\\FrontEndSec\\vendor\\laravel\\framework\\src\\Illuminate\\Routing\\Router.php(821): Illuminate\\Routing\\Router->prepareResponse(Object(Illuminate\\Http\\Request), Object(Illuminate\\View\\View))
#10 C:\\xampp\\htdocs\\secprog\\SecPro\\FrontEndSec\\vendor\\laravel\\framework\\src\\Illuminate\\Pipeline\\Pipeline.php(180): Illuminate\\Routing\\Router->Illuminate\\Routing\\{closure}(Object(Illuminate\\Http\\Request))
#11 C:\\xampp\\htdocs\\secprog\\SecPro\\FrontEndSec\\vendor\\laravel\\framework\\src\\Illuminate\\Routing\\Middleware\\SubstituteBindings.php(50): Illuminate\\Pipeline\\Pipeline->Illuminate\\Pipeline\\{closure}(Object(Illuminate\\Http\\Request))
#12 C:\\xampp\\htdocs\\secprog\\SecPro\\FrontEndSec\\vendor\\laravel\\framework\\src\\Illuminate\\Pipeline\\Pipeline.php(219): Illuminate\\Routing\\Middleware\\SubstituteBindings->handle(Object(Illuminate\\Http\\Request), Object(Closure))
#13 C:\\xampp\\htdocs\\secprog\\SecPro\\FrontEndSec\\vendor\\laravel\\framework\\src\\Illuminate\\Foundation\\Http\\Middleware\\VerifyCsrfToken.php(87): Illuminate\\Pipeline\\Pipeline->Illuminate\\Pipeline\\{closure}(Object(Illuminate\\Http\\Request))
#14 C:\\xampp\\htdocs\\secprog\\SecPro\\FrontEndSec\\vendor\\laravel\\framework\\src\\Illuminate\\Pipeline\\Pipeline.php(219): Illuminate\\Foundation\\Http\\Middleware\\VerifyCsrfToken->handle(Object(Illuminate\\Http\\Request), Object(Closure))
#15 C:\\xampp\\htdocs\\secprog\\SecPro\\FrontEndSec\\vendor\\laravel\\framework\\src\\Illuminate\\View\\Middleware\\ShareErrorsFromSession.php(48): Illuminate\\Pipeline\\Pipeline->Illuminate\\Pipeline\\{closure}(Object(Illuminate\\Http\\Request))
#16 C:\\xampp\\htdocs\\secprog\\SecPro\\FrontEndSec\\vendor\\laravel\\framework\\src\\Illuminate\\Pipeline\\Pipeline.php(219): Illuminate\\View\\Middleware\\ShareErrorsFromSession->handle(Object(Illuminate\\Http\\Request), Object(Closure))
#17 C:\\xampp\\htdocs\\secprog\\SecPro\\FrontEndSec\\vendor\\laravel\\framework\\src\\Illuminate\\Session\\Middleware\\StartSession.php(120): Illuminate\\Pipeline\\Pipeline->Illuminate\\Pipeline\\{closure}(Object(Illuminate\\Http\\Request))
#18 C:\\xampp\\htdocs\\secprog\\SecPro\\FrontEndSec\\vendor\\laravel\\framework\\src\\Illuminate\\Session\\Middleware\\StartSession.php(63): Illuminate\\Session\\Middleware\\StartSession->handleStatefulRequest(Object(Illuminate\\Http\\Request), Object(Illuminate\\Session\\Store), Object(Closure))
#19 C:\\xampp\\htdocs\\secprog\\SecPro\\FrontEndSec\\vendor\\laravel\\framework\\src\\Illuminate\\Pipeline\\Pipeline.php(219): Illuminate\\Session\\Middleware\\StartSession->handle(Object(Illuminate\\Http\\Request), Object(Closure))
#20 C:\\xampp\\htdocs\\secprog\\SecPro\\FrontEndSec\\vendor\\laravel\\framework\\src\\Illuminate\\Cookie\\Middleware\\AddQueuedCookiesToResponse.php(36): Illuminate\\Pipeline\\Pipeline->Illuminate\\Pipeline\\{closure}(Object(Illuminate\\Http\\Request))
#21 C:\\xampp\\htdocs\\secprog\\SecPro\\FrontEndSec\\vendor\\laravel\\framework\\src\\Illuminate\\Pipeline\\Pipeline.php(219): Illuminate\\Cookie\\Middleware\\AddQueuedCookiesToResponse->handle(Object(Illuminate\\Http\\Request), Object(Closure))
#22 C:\\xampp\\htdocs\\secprog\\SecPro\\FrontEndSec\\vendor\\laravel\\framework\\src\\Illuminate\\Cookie\\Middleware\\EncryptCookies.php(74): Illuminate\\Pipeline\\Pipeline->Illuminate\\Pipeline\\{closure}(Object(Illuminate\\Http\\Request))
#23 C:\\xampp\\htdocs\\secprog\\SecPro\\FrontEndSec\\vendor\\laravel\\framework\\src\\Illuminate\\Pipeline\\Pipeline.php(219): Illuminate\\Cookie\\Middleware\\EncryptCookies->handle(Object(Illuminate\\Http\\Request), Object(Closure))
#24 C:\\xampp\\htdocs\\secprog\\SecPro\\FrontEndSec\\vendor\\laravel\\framework\\src\\Illuminate\\Pipeline\\Pipeline.php(137): Illuminate\\Pipeline\\Pipeline->Illuminate\\Pipeline\\{closure}(Object(Illuminate\\Http\\Request))
#25 C:\\xampp\\htdocs\\secprog\\SecPro\\FrontEndSec\\vendor\\laravel\\framework\\src\\Illuminate\\Routing\\Router.php(821): Illuminate\\Pipeline\\Pipeline->then(Object(Closure))
#26 C:\\xampp\\htdocs\\secprog\\SecPro\\FrontEndSec\\vendor\\laravel\\framework\\src\\Illuminate\\Routing\\Router.php(800): Illuminate\\Routing\\Router->runRouteWithinStack(Object(Illuminate\\Routing\\Route), Object(Illuminate\\Http\\Request))
#27 C:\\xampp\\htdocs\\secprog\\SecPro\\FrontEndSec\\vendor\\laravel\\framework\\src\\Illuminate\\Routing\\Router.php(764): Illuminate\\Routing\\Router->runRoute(Object(Illuminate\\Http\\Request), Object(Illuminate\\Routing\\Route))
#28 C:\\xampp\\htdocs\\secprog\\SecPro\\FrontEndSec\\vendor\\laravel\\framework\\src\\Illuminate\\Routing\\Router.php(753): Illuminate\\Routing\\Router->dispatchToRoute(Object(Illuminate\\Http\\Request))
#29 C:\\xampp\\htdocs\\secprog\\SecPro\\FrontEndSec\\vendor\\laravel\\framework\\src\\Illuminate\\Foundation\\Http\\Kernel.php(200): Illuminate\\Routing\\Router->dispatch(Object(Illuminate\\Http\\Request))
#30 C:\\xampp\\htdocs\\secprog\\SecPro\\FrontEndSec\\vendor\\laravel\\framework\\src\\Illuminate\\Pipeline\\Pipeline.php(180): Illuminate\\Foundation\\Http\\Kernel->Illuminate\\Foundation\\Http\\{closure}(Object(Illuminate\\Http\\Request))
#31 C:\\xampp\\htdocs\\secprog\\SecPro\\FrontEndSec\\vendor\\laravel\\framework\\src\\Illuminate\\Foundation\\Http\\Middleware\\TransformsRequest.php(21): Illuminate\\Pipeline\\Pipeline->Illuminate\\Pipeline\\{closure}(Object(Illuminate\\Http\\Request))
#32 C:\\xampp\\htdocs\\secprog\\SecPro\\FrontEndSec\\vendor\\laravel\\framework\\src\\Illuminate\\Foundation\\Http\\Middleware\\ConvertEmptyStringsToNull.php(31): Illuminate\\Foundation\\Http\\Middleware\\TransformsRequest->handle(Object(Illuminate\\Http\\Request), Object(Closure))
#33 C:\\xampp\\htdocs\\secprog\\SecPro\\FrontEndSec\\vendor\\laravel\\framework\\src\\Illuminate\\Pipeline\\Pipeline.php(219): Illuminate\\Foundation\\Http\\Middleware\\ConvertEmptyStringsToNull->handle(Object(Illuminate\\Http\\Request), Object(Closure))
#34 C:\\xampp\\htdocs\\secprog\\SecPro\\FrontEndSec\\vendor\\laravel\\framework\\src\\Illuminate\\Foundation\\Http\\Middleware\\TransformsRequest.php(21): Illuminate\\Pipeline\\Pipeline->Illuminate\\Pipeline\\{closure}(Object(Illuminate\\Http\\Request))
#35 C:\\xampp\\htdocs\\secprog\\SecPro\\FrontEndSec\\vendor\\laravel\\framework\\src\\Illuminate\\Foundation\\Http\\Middleware\\TrimStrings.php(51): Illuminate\\Foundation\\Http\\Middleware\\TransformsRequest->handle(Object(Illuminate\\Http\\Request), Object(Closure))
#36 C:\\xampp\\htdocs\\secprog\\SecPro\\FrontEndSec\\vendor\\laravel\\framework\\src\\Illuminate\\Pipeline\\Pipeline.php(219): Illuminate\\Foundation\\Http\\Middleware\\TrimStrings->handle(Object(Illuminate\\Http\\Request), Object(Closure))
#37 C:\\xampp\\htdocs\\secprog\\SecPro\\FrontEndSec\\vendor\\laravel\\framework\\src\\Illuminate\\Http\\Middleware\\ValidatePostSize.php(27): Illuminate\\Pipeline\\Pipeline->Illuminate\\Pipeline\\{closure}(Object(Illuminate\\Http\\Request))
#38 C:\\xampp\\htdocs\\secprog\\SecPro\\FrontEndSec\\vendor\\laravel\\framework\\src\\Illuminate\\Pipeline\\Pipeline.php(219): Illuminate\\Http\\Middleware\\ValidatePostSize->handle(Object(Illuminate\\Http\\Request), Object(Closure))
#39 C:\\xampp\\htdocs\\secprog\\SecPro\\FrontEndSec\\vendor\\laravel\\framework\\src\\Illuminate\\Foundation\\Http\\Middleware\\PreventRequestsDuringMaintenance.php(109): Illuminate\\Pipeline\\Pipeline->Illuminate\\Pipeline\\{closure}(Object(Illuminate\\Http\\Request))
#40 C:\\xampp\\htdocs\\secprog\\SecPro\\FrontEndSec\\vendor\\laravel\\framework\\src\\Illuminate\\Pipeline\\Pipeline.php(219): Illuminate\\Foundation\\Http\\Middleware\\PreventRequestsDuringMaintenance->handle(Object(Illuminate\\Http\\Request), Object(Closure))
#41 C:\\xampp\\htdocs\\secprog\\SecPro\\FrontEndSec\\vendor\\laravel\\framework\\src\\Illuminate\\Http\\Middleware\\HandleCors.php(48): Illuminate\\Pipeline\\Pipeline->Illuminate\\Pipeline\\{closure}(Object(Illuminate\\Http\\Request))
#42 C:\\xampp\\htdocs\\secprog\\SecPro\\FrontEndSec\\vendor\\laravel\\framework\\src\\Illuminate\\Pipeline\\Pipeline.php(219): Illuminate\\Http\\Middleware\\HandleCors->handle(Object(Illuminate\\Http\\Request), Object(Closure))
#43 C:\\xampp\\htdocs\\secprog\\SecPro\\FrontEndSec\\vendor\\laravel\\framework\\src\\Illuminate\\Http\\Middleware\\TrustProxies.php(58): Illuminate\\Pipeline\\Pipeline->Illuminate\\Pipeline\\{closure}(Object(Illuminate\\Http\\Request))
#44 C:\\xampp\\htdocs\\secprog\\SecPro\\FrontEndSec\\vendor\\laravel\\framework\\src\\Illuminate\\Pipeline\\Pipeline.php(219): Illuminate\\Http\\Middleware\\TrustProxies->handle(Object(Illuminate\\Http\\Request), Object(Closure))
#45 C:\\xampp\\htdocs\\secprog\\SecPro\\FrontEndSec\\vendor\\laravel\\framework\\src\\Illuminate\\Foundation\\Http\\Middleware\\InvokeDeferredCallbacks.php(22): Illuminate\\Pipeline\\Pipeline->Illuminate\\Pipeline\\{closure}(Object(Illuminate\\Http\\Request))
#46 C:\\xampp\\htdocs\\secprog\\SecPro\\FrontEndSec\\vendor\\laravel\\framework\\src\\Illuminate\\Pipeline\\Pipeline.php(219): Illuminate\\Foundation\\Http\\Middleware\\InvokeDeferredCallbacks->handle(Object(Illuminate\\Http\\Request), Object(Closure))
#47 C:\\xampp\\htdocs\\secprog\\SecPro\\FrontEndSec\\vendor\\laravel\\framework\\src\\Illuminate\\Http\\Middleware\\ValidatePathEncoding.php(26): Illuminate\\Pipeline\\Pipeline->Illuminate\\Pipeline\\{closure}(Object(Illuminate\\Http\\Request))
#48 C:\\xampp\\htdocs\\secprog\\SecPro\\FrontEndSec\\vendor\\laravel\\framework\\src\\Illuminate\\Pipeline\\Pipeline.php(219): Illuminate\\Http\\Middleware\\ValidatePathEncoding->handle(Object(Illuminate\\Http\\Request), Object(Closure))
#49 C:\\xampp\\htdocs\\secprog\\SecPro\\FrontEndSec\\vendor\\laravel\\framework\\src\\Illuminate\\Pipeline\\Pipeline.php(137): Illuminate\\Pipeline\\Pipeline->Illuminate\\Pipeline\\{closure}(Object(Illuminate\\Http\\Request))
#50 C:\\xampp\\htdocs\\secprog\\SecPro\\FrontEndSec\\vendor\\laravel\\framework\\src\\Illuminate\\Foundation\\Http\\Kernel.php(175): Illuminate\\Pipeline\\Pipeline->then(Object(Closure))
#51 C:\\xampp\\htdocs\\secprog\\SecPro\\FrontEndSec\\vendor\\laravel\\framework\\src\\Illuminate\\Foundation\\Http\\Kernel.php(144): Illuminate\\Foundation\\Http\\Kernel->sendRequestThroughRouter(Object(Illuminate\\Http\\Request))
#52 C:\\xampp\\htdocs\\secprog\\SecPro\\FrontEndSec\\vendor\\laravel\\framework\\src\\Illuminate\\Foundation\\Application.php(1220): Illuminate\\Foundation\\Http\\Kernel->handle(Object(Illuminate\\Http\\Request))
#53 C:\\xampp\\htdocs\\secprog\\SecPro\\FrontEndSec\\public\\index.php(20): Illuminate\\Foundation\\Application->handleRequest(Object(Illuminate\\Http\\Request))
#54 C:\\xampp\\htdocs\\secprog\\SecPro\\FrontEndSec\\vendor\\laravel\\framework\\src\\Illuminate\\Foundation\\resources\\server.php(23): require_once('C:\\\\xampp\\\\htdocs...')
#55 {main}

[previous exception] [object] (ErrorException(code: 0): Undefined variable $weeklyRecipes at C:\\xampp\\htdocs\\secprog\\SecPro\\FrontEndSec\\storage\\framework\\views\\1f1e764261ce25fd6ab9770d03d6856e.php:142)
[stacktrace]
#0 C:\\xampp\\htdocs\\secprog\\SecPro\\FrontEndSec\\vendor\\laravel\\framework\\src\\Illuminate\\Foundation\\Bootstrap\\HandleExceptions.php(258): Illuminate\\Foundation\\Bootstrap\\HandleExceptions->handleError(2, 'Undefined varia...', 'C:\\\\xampp\\\\htdocs...', 142)
#1 C:\\xampp\\htdocs\\secprog\\SecPro\\FrontEndSec\\storage\\framework\\views\\1f1e764261ce25fd6ab9770d03d6856e.php(142): Illuminate\\Foundation\\Bootstrap\\HandleExceptions->Illuminate\\Foundation\\Bootstrap\\{closure}(2, 'Undefined varia...', 'C:\\\\xampp\\\\htdocs...', 142)
#2 C:\\xampp\\htdocs\\secprog\\SecPro\\FrontEndSec\\vendor\\laravel\\framework\\src\\Illuminate\\Filesystem\\Filesystem.php(123): require('C:\\\\xampp\\\\htdocs...')
#3 C:\\xampp\\htdocs\\secprog\\SecPro\\FrontEndSec\\vendor\\laravel\\framework\\src\\Illuminate\\Filesystem\\Filesystem.php(124): Illuminate\\Filesystem\\Filesystem::Illuminate\\Filesystem\\{closure}()
#4 C:\\xampp\\htdocs\\secprog\\SecPro\\FrontEndSec\\vendor\\laravel\\framework\\src\\Illuminate\\View\\Engines\\PhpEngine.php(57): Illuminate\\Filesystem\\Filesystem->getRequire('C:\\\\xampp\\\\htdocs...', Array)
#5 C:\\xampp\\htdocs\\secprog\\SecPro\\FrontEndSec\\vendor\\laravel\\framework\\src\\Illuminate\\View\\Engines\\CompilerEngine.php(76): Illuminate\\View\\Engines\\PhpEngine->evaluatePath('C:\\\\xampp\\\\htdocs...', Array)
#6 C:\\xampp\\htdocs\\secprog\\SecPro\\FrontEndSec\\vendor\\laravel\\framework\\src\\Illuminate\\View\\View.php(208): Illuminate\\View\\Engines\\CompilerEngine->get('C:\\\\xampp\\\\htdocs...', Array)
#7 C:\\xampp\\htdocs\\secprog\\SecPro\\FrontEndSec\\vendor\\laravel\\framework\\src\\Illuminate\\View\\View.php(191): Illuminate\\View\\View->getContents()
#8 C:\\xampp\\htdocs\\secprog\\SecPro\\FrontEndSec\\vendor\\laravel\\framework\\src\\Illuminate\\View\\View.php(160): Illuminate\\View\\View->renderContents()
#9 C:\\xampp\\htdocs\\secprog\\SecPro\\FrontEndSec\\vendor\\laravel\\framework\\src\\Illuminate\\Http\\Response.php(78): Illuminate\\View\\View->render()
#10 C:\\xampp\\htdocs\\secprog\\SecPro\\FrontEndSec\\vendor\\laravel\\framework\\src\\Illuminate\\Http\\Response.php(34): Illuminate\\Http\\Response->setContent(Object(Illuminate\\View\\View))
#11 C:\\xampp\\htdocs\\secprog\\SecPro\\FrontEndSec\\vendor\\laravel\\framework\\src\\Illuminate\\Routing\\Router.php(939): Illuminate\\Http\\Response->__construct(Object(Illuminate\\View\\View), 200, Array)
#12 C:\\xampp\\htdocs\\secprog\\SecPro\\FrontEndSec\\vendor\\laravel\\framework\\src\\Illuminate\\Routing\\Router.php(906): Illuminate\\Routing\\Router::toResponse(Object(Illuminate\\Http\\Request), Object(Illuminate\\View\\View))
#13 C:\\xampp\\htdocs\\secprog\\SecPro\\FrontEndSec\\vendor\\laravel\\framework\\src\\Illuminate\\Routing\\Router.php(821): Illuminate\\Routing\\Router->prepareResponse(Object(Illuminate\\Http\\Request), Object(Illuminate\\View\\View))
#14 C:\\xampp\\htdocs\\secprog\\SecPro\\FrontEndSec\\vendor\\laravel\\framework\\src\\Illuminate\\Pipeline\\Pipeline.php(180): Illuminate\\Routing\\Router->Illuminate\\Routing\\{closure}(Object(Illuminate\\Http\\Request))
#15 C:\\xampp\\htdocs\\secprog\\SecPro\\FrontEndSec\\vendor\\laravel\\framework\\src\\Illuminate\\Routing\\Middleware\\SubstituteBindings.php(50): Illuminate\\Pipeline\\Pipeline->Illuminate\\Pipeline\\{closure}(Object(Illuminate\\Http\\Request))
#16 C:\\xampp\\htdocs\\secprog\\SecPro\\FrontEndSec\\vendor\\laravel\\framework\\src\\Illuminate\\Pipeline\\Pipeline.php(219): Illuminate\\Routing\\Middleware\\SubstituteBindings->handle(Object(Illuminate\\Http\\Request), Object(Closure))
#17 C:\\xampp\\htdocs\\secprog\\SecPro\\FrontEndSec\\vendor\\laravel\\framework\\src\\Illuminate\\Foundation\\Http\\Middleware\\VerifyCsrfToken.php(87): Illuminate\\Pipeline\\Pipeline->Illuminate\\Pipeline\\{closure}(Object(Illuminate\\Http\\Request))
#18 C:\\xampp\\htdocs\\secprog\\SecPro\\FrontEndSec\\vendor\\laravel\\framework\\src\\Illuminate\\Pipeline\\Pipeline.php(219): Illuminate\\Foundation\\Http\\Middleware\\VerifyCsrfToken->handle(Object(Illuminate\\Http\\Request), Object(Closure))
#19 C:\\xampp\\htdocs\\secprog\\SecPro\\FrontEndSec\\vendor\\laravel\\framework\\src\\Illuminate\\View\\Middleware\\ShareErrorsFromSession.php(48): Illuminate\\Pipeline\\Pipeline->Illuminate\\Pipeline\\{closure}(Object(Illuminate\\Http\\Request))
#20 C:\\xampp\\htdocs\\secprog\\SecPro\\FrontEndSec\\vendor\\laravel\\framework\\src\\Illuminate\\Pipeline\\Pipeline.php(219): Illuminate\\View\\Middleware\\ShareErrorsFromSession->handle(Object(Illuminate\\Http\\Request), Object(Closure))
#21 C:\\xampp\\htdocs\\secprog\\SecPro\\FrontEndSec\\vendor\\laravel\\framework\\src\\Illuminate\\Session\\Middleware\\StartSession.php(120): Illuminate\\Pipeline\\Pipeline->Illuminate\\Pipeline\\{closure}(Object(Illuminate\\Http\\Request))
#22 C:\\xampp\\htdocs\\secprog\\SecPro\\FrontEndSec\\vendor\\laravel\\framework\\src\\Illuminate\\Session\\Middleware\\StartSession.php(63): Illuminate\\Session\\Middleware\\StartSession->handleStatefulRequest(Object(Illuminate\\Http\\Request), Object(Illuminate\\Session\\Store), Object(Closure))
#23 C:\\xampp\\htdocs\\secprog\\SecPro\\FrontEndSec\\vendor\\laravel\\framework\\src\\Illuminate\\Pipeline\\Pipeline.php(219): Illuminate\\Session\\Middleware\\StartSession->handle(Object(Illuminate\\Http\\Request), Object(Closure))
#24 C:\\xampp\\htdocs\\secprog\\SecPro\\FrontEndSec\\vendor\\laravel\\framework\\src\\Illuminate\\Cookie\\Middleware\\AddQueuedCookiesToResponse.php(36): Illuminate\\Pipeline\\Pipeline->Illuminate\\Pipeline\\{closure}(Object(Illuminate\\Http\\Request))
#25 C:\\xampp\\htdocs\\secprog\\SecPro\\FrontEndSec\\vendor\\laravel\\framework\\src\\Illuminate\\Pipeline\\Pipeline.php(219): Illuminate\\Cookie\\Middleware\\AddQueuedCookiesToResponse->handle(Object(Illuminate\\Http\\Request), Object(Closure))
#26 C:\\xampp\\htdocs\\secprog\\SecPro\\FrontEndSec\\vendor\\laravel\\framework\\src\\Illuminate\\Cookie\\Middleware\\EncryptCookies.php(74): Illuminate\\Pipeline\\Pipeline->Illuminate\\Pipeline\\{closure}(Object(Illuminate\\Http\\Request))
#27 C:\\xampp\\htdocs\\secprog\\SecPro\\FrontEndSec\\vendor\\laravel\\framework\\src\\Illuminate\\Pipeline\\Pipeline.php(219): Illuminate\\Cookie\\Middleware\\EncryptCookies->handle(Object(Illuminate\\Http\\Request), Object(Closure))
#28 C:\\xampp\\htdocs\\secprog\\SecPro\\FrontEndSec\\vendor\\laravel\\framework\\src\\Illuminate\\Pipeline\\Pipeline.php(137): Illuminate\\Pipeline\\Pipeline->Illuminate\\Pipeline\\{closure}(Object(Illuminate\\Http\\Request))
#29 C:\\xampp\\htdocs\\secprog\\SecPro\\FrontEndSec\\vendor\\laravel\\framework\\src\\Illuminate\\Routing\\Router.php(821): Illuminate\\Pipeline\\Pipeline->then(Object(Closure))
#30 C:\\xampp\\htdocs\\secprog\\SecPro\\FrontEndSec\\vendor\\laravel\\framework\\src\\Illuminate\\Routing\\Router.php(800): Illuminate\\Routing\\Router->runRouteWithinStack(Object(Illuminate\\Routing\\Route), Object(Illuminate\\Http\\Request))
#31 C:\\xampp\\htdocs\\secprog\\SecPro\\FrontEndSec\\vendor\\laravel\\framework\\src\\Illuminate\\Routing\\Router.php(764): Illuminate\\Routing\\Router->runRoute(Object(Illuminate\\Http\\Request), Object(Illuminate\\Routing\\Route))
#32 C:\\xampp\\htdocs\\secprog\\SecPro\\FrontEndSec\\vendor\\laravel\\framework\\src\\Illuminate\\Routing\\Router.php(753): Illuminate\\Routing\\Router->dispatchToRoute(Object(Illuminate\\Http\\Request))
#33 C:\\xampp\\htdocs\\secprog\\SecPro\\FrontEndSec\\vendor\\laravel\\framework\\src\\Illuminate\\Foundation\\Http\\Kernel.php(200): Illuminate\\Routing\\Router->dispatch(Object(Illuminate\\Http\\Request))
#34 C:\\xampp\\htdocs\\secprog\\SecPro\\FrontEndSec\\vendor\\laravel\\framework\\src\\Illuminate\\Pipeline\\Pipeline.php(180): Illuminate\\Foundation\\Http\\Kernel->Illuminate\\Foundation\\Http\\{closure}(Object(Illuminate\\Http\\Request))
#35 C:\\xampp\\htdocs\\secprog\\SecPro\\FrontEndSec\\vendor\\laravel\\framework\\src\\Illuminate\\Foundation\\Http\\Middleware\\TransformsRequest.php(21): Illuminate\\Pipeline\\Pipeline->Illuminate\\Pipeline\\{closure}(Object(Illuminate\\Http\\Request))
#36 C:\\xampp\\htdocs\\secprog\\SecPro\\FrontEndSec\\vendor\\laravel\\framework\\src\\Illuminate\\Foundation\\Http\\Middleware\\ConvertEmptyStringsToNull.php(31): Illuminate\\Foundation\\Http\\Middleware\\TransformsRequest->handle(Object(Illuminate\\Http\\Request), Object(Closure))
#37 C:\\xampp\\htdocs\\secprog\\SecPro\\FrontEndSec\\vendor\\laravel\\framework\\src\\Illuminate\\Pipeline\\Pipeline.php(219): Illuminate\\Foundation\\Http\\Middleware\\ConvertEmptyStringsToNull->handle(Object(Illuminate\\Http\\Request), Object(Closure))
#38 C:\\xampp\\htdocs\\secprog\\SecPro\\FrontEndSec\\vendor\\laravel\\framework\\src\\Illuminate\\Foundation\\Http\\Middleware\\TransformsRequest.php(21): Illuminate\\Pipeline\\Pipeline->Illuminate\\Pipeline\\{closure}(Object(Illuminate\\Http\\Request))
#39 C:\\xampp\\htdocs\\secprog\\SecPro\\FrontEndSec\\vendor\\laravel\\framework\\src\\Illuminate\\Foundation\\Http\\Middleware\\TrimStrings.php(51): Illuminate\\Foundation\\Http\\Middleware\\TransformsRequest->handle(Object(Illuminate\\Http\\Request), Object(Closure))
#40 C:\\xampp\\htdocs\\secprog\\SecPro\\FrontEndSec\\vendor\\laravel\\framework\\src\\Illuminate\\Pipeline\\Pipeline.php(219): Illuminate\\Foundation\\Http\\Middleware\\TrimStrings->handle(Object(Illuminate\\Http\\Request), Object(Closure))
#41 C:\\xampp\\htdocs\\secprog\\SecPro\\FrontEndSec\\vendor\\laravel\\framework\\src\\Illuminate\\Http\\Middleware\\ValidatePostSize.php(27): Illuminate\\Pipeline\\Pipeline->Illuminate\\Pipeline\\{closure}(Object(Illuminate\\Http\\Request))
#42 C:\\xampp\\htdocs\\secprog\\SecPro\\FrontEndSec\\vendor\\laravel\\framework\\src\\Illuminate\\Pipeline\\Pipeline.php(219): Illuminate\\Http\\Middleware\\ValidatePostSize->handle(Object(Illuminate\\Http\\Request), Object(Closure))
#43 C:\\xampp\\htdocs\\secprog\\SecPro\\FrontEndSec\\vendor\\laravel\\framework\\src\\Illuminate\\Foundation\\Http\\Middleware\\PreventRequestsDuringMaintenance.php(109): Illuminate\\Pipeline\\Pipeline->Illuminate\\Pipeline\\{closure}(Object(Illuminate\\Http\\Request))
#44 C:\\xampp\\htdocs\\secprog\\SecPro\\FrontEndSec\\vendor\\laravel\\framework\\src\\Illuminate\\Pipeline\\Pipeline.php(219): Illuminate\\Foundation\\Http\\Middleware\\PreventRequestsDuringMaintenance->handle(Object(Illuminate\\Http\\Request), Object(Closure))
#45 C:\\xampp\\htdocs\\secprog\\SecPro\\FrontEndSec\\vendor\\laravel\\framework\\src\\Illuminate\\Http\\Middleware\\HandleCors.php(48): Illuminate\\Pipeline\\Pipeline->Illuminate\\Pipeline\\{closure}(Object(Illuminate\\Http\\Request))
#46 C:\\xampp\\htdocs\\secprog\\SecPro\\FrontEndSec\\vendor\\laravel\\framework\\src\\Illuminate\\Pipeline\\Pipeline.php(219): Illuminate\\Http\\Middleware\\HandleCors->handle(Object(Illuminate\\Http\\Request), Object(Closure))
#47 C:\\xampp\\htdocs\\secprog\\SecPro\\FrontEndSec\\vendor\\laravel\\framework\\src\\Illuminate\\Http\\Middleware\\TrustProxies.php(58): Illuminate\\Pipeline\\Pipeline->Illuminate\\Pipeline\\{closure}(Object(Illuminate\\Http\\Request))
#48 C:\\xampp\\htdocs\\secprog\\SecPro\\FrontEndSec\\vendor\\laravel\\framework\\src\\Illuminate\\Pipeline\\Pipeline.php(219): Illuminate\\Http\\Middleware\\TrustProxies->handle(Object(Illuminate\\Http\\Request), Object(Closure))
#49 C:\\xampp\\htdocs\\secprog\\SecPro\\FrontEndSec\\vendor\\laravel\\framework\\src\\Illuminate\\Foundation\\Http\\Middleware\\InvokeDeferredCallbacks.php(22): Illuminate\\Pipeline\\Pipeline->Illuminate\\Pipeline\\{closure}(Object(Illuminate\\Http\\Request))
#50 C:\\xampp\\htdocs\\secprog\\SecPro\\FrontEndSec\\vendor\\laravel\\framework\\src\\Illuminate\\Pipeline\\Pipeline.php(219): Illuminate\\Foundation\\Http\\Middleware\\InvokeDeferredCallbacks->handle(Object(Illuminate\\Http\\Request), Object(Closure))
#51 C:\\xampp\\htdocs\\secprog\\SecPro\\FrontEndSec\\vendor\\laravel\\framework\\src\\Illuminate\\Http\\Middleware\\ValidatePathEncoding.php(26): Illuminate\\Pipeline\\Pipeline->Illuminate\\Pipeline\\{closure}(Object(Illuminate\\Http\\Request))
#52 C:\\xampp\\htdocs\\secprog\\SecPro\\FrontEndSec\\vendor\\laravel\\framework\\src\\Illuminate\\Pipeline\\Pipeline.php(219): Illuminate\\Http\\Middleware\\ValidatePathEncoding->handle(Object(Illuminate\\Http\\Request), Object(Closure))
#53 C:\\xampp\\htdocs\\secprog\\SecPro\\FrontEndSec\\vendor\\laravel\\framework\\src\\Illuminate\\Pipeline\\Pipeline.php(137): Illuminate\\Pipeline\\Pipeline->Illuminate\\Pipeline\\{closure}(Object(Illuminate\\Http\\Request))
#54 C:\\xampp\\htdocs\\secprog\\SecPro\\FrontEndSec\\vendor\\laravel\\framework\\src\\Illuminate\\Foundation\\Http\\Kernel.php(175): Illuminate\\Pipeline\\Pipeline->then(Object(Closure))
#55 C:\\xampp\\htdocs\\secprog\\SecPro\\FrontEndSec\\vendor\\laravel\\framework\\src\\Illuminate\\Foundation\\Http\\Kernel.php(144): Illuminate\\Foundation\\Http\\Kernel->sendRequestThroughRouter(Object(Illuminate\\Http\\Request))
#56 C:\\xampp\\htdocs\\secprog\\SecPro\\FrontEndSec\\vendor\\laravel\\framework\\src\\Illuminate\\Foundation\\Application.php(1220): Illuminate\\Foundation\\Http\\Kernel->handle(Object(Illuminate\\Http\\Request))
#57 C:\\xampp\\htdocs\\secprog\\SecPro\\FrontEndSec\\public\\index.php(20): Illuminate\\Foundation\\Application->handleRequest(Object(Illuminate\\Http\\Request))
#58 C:\\xampp\\htdocs\\secprog\\SecPro\\FrontEndSec\\vendor\\laravel\\framework\\src\\Illuminate\\Foundation\\resources\\server.php(23): require_once('C:\\\\xampp\\\\htdocs...')
#59 {main}
"} 
[2025-11-18 15:47:27] local.ERROR: Undefined variable $weeklyRecipes (View: C:\xampp\htdocs\secprog\SecPro\FrontEndSec\resources\views\mainPage.blade.php) {"exception":"[object] (Illuminate\\View\\ViewException(code: 0): Undefined variable $weeklyRecipes (View: C:\\xampp\\htdocs\\secprog\\SecPro\\FrontEndSec\\resources\\views\\mainPage.blade.php) at C:\\xampp\\htdocs\\secprog\\SecPro\\FrontEndSec\\storage\\framework\\views\\1f1e764261ce25fd6ab9770d03d6856e.php:142)
[stacktrace]
#0 C:\\xampp\\htdocs\\secprog\\SecPro\\FrontEndSec\\vendor\\laravel\\framework\\src\\Illuminate\\View\\Engines\\PhpEngine.php(59): Illuminate\\View\\Engines\\CompilerEngine->handleViewException(Object(ErrorException), 1)
#1 C:\\xampp\\htdocs\\secprog\\SecPro\\FrontEndSec\\vendor\\laravel\\framework\\src\\Illuminate\\View\\Engines\\CompilerEngine.php(76): Illuminate\\View\\Engines\\PhpEngine->evaluatePath('C:\\\\xampp\\\\htdocs...', Array)
#2 C:\\xampp\\htdocs\\secprog\\SecPro\\FrontEndSec\\vendor\\laravel\\framework\\src\\Illuminate\\View\\View.php(208): Illuminate\\View\\Engines\\CompilerEngine->get('C:\\\\xampp\\\\htdocs...', Array)
#3 C:\\xampp\\htdocs\\secprog\\SecPro\\FrontEndSec\\vendor\\laravel\\framework\\src\\Illuminate\\View\\View.php(191): Illuminate\\View\\View->getContents()
#4 C:\\xampp\\htdocs\\secprog\\SecPro\\FrontEndSec\\vendor\\laravel\\framework\\src\\Illuminate\\View\\View.php(160): Illuminate\\View\\View->renderContents()
#5 C:\\xampp\\htdocs\\secprog\\SecPro\\FrontEndSec\\vendor\\laravel\\framework\\src\\Illuminate\\Http\\Response.php(78): Illuminate\\View\\View->render()
#6 C:\\xampp\\htdocs\\secprog\\SecPro\\FrontEndSec\\vendor\\laravel\\framework\\src\\Illuminate\\Http\\Response.php(34): Illuminate\\Http\\Response->setContent(Object(Illuminate\\View\\View))
#7 C:\\xampp\\htdocs\\secprog\\SecPro\\FrontEndSec\\vendor\\laravel\\framework\\src\\Illuminate\\Routing\\Router.php(939): Illuminate\\Http\\Response->__construct(Object(Illuminate\\View\\View), 200, Array)
#8 C:\\xampp\\htdocs\\secprog\\SecPro\\FrontEndSec\\vendor\\laravel\\framework\\src\\Illuminate\\Routing\\Router.php(906): Illuminate\\Routing\\Router::toResponse(Object(Illuminate\\Http\\Request), Object(Illuminate\\View\\View))
#9 C:\\xampp\\htdocs\\secprog\\SecPro\\FrontEndSec\\vendor\\laravel\\framework\\src\\Illuminate\\Routing\\Router.php(821): Illuminate\\Routing\\Router->prepareResponse(Object(Illuminate\\Http\\Request), Object(Illuminate\\View\\View))
#10 C:\\xampp\\htdocs\\secprog\\SecPro\\FrontEndSec\\vendor\\laravel\\framework\\src\\Illuminate\\Pipeline\\Pipeline.php(180): Illuminate\\Routing\\Router->Illuminate\\Routing\\{closure}(Object(Illuminate\\Http\\Request))
#11 C:\\xampp\\htdocs\\secprog\\SecPro\\FrontEndSec\\vendor\\laravel\\framework\\src\\Illuminate\\Routing\\Middleware\\SubstituteBindings.php(50): Illuminate\\Pipeline\\Pipeline->Illuminate\\Pipeline\\{closure}(Object(Illuminate\\Http\\Request))
#12 C:\\xampp\\htdocs\\secprog\\SecPro\\FrontEndSec\\vendor\\laravel\\framework\\src\\Illuminate\\Pipeline\\Pipeline.php(219): Illuminate\\Routing\\Middleware\\SubstituteBindings->handle(Object(Illuminate\\Http\\Request), Object(Closure))
#13 C:\\xampp\\htdocs\\secprog\\SecPro\\FrontEndSec\\vendor\\laravel\\framework\\src\\Illuminate\\Foundation\\Http\\Middleware\\VerifyCsrfToken.php(87): Illuminate\\Pipeline\\Pipeline->Illuminate\\Pipeline\\{closure}(Object(Illuminate\\Http\\Request))
#14 C:\\xampp\\htdocs\\secprog\\SecPro\\FrontEndSec\\vendor\\laravel\\framework\\src\\Illuminate\\Pipeline\\Pipeline.php(219): Illuminate\\Foundation\\Http\\Middleware\\VerifyCsrfToken->handle(Object(Illuminate\\Http\\Request), Object(Closure))
#15 C:\\xampp\\htdocs\\secprog\\SecPro\\FrontEndSec\\vendor\\laravel\\framework\\src\\Illuminate\\View\\Middleware\\ShareErrorsFromSession.php(48): Illuminate\\Pipeline\\Pipeline->Illuminate\\Pipeline\\{closure}(Object(Illuminate\\Http\\Request))
#16 C:\\xampp\\htdocs\\secprog\\SecPro\\FrontEndSec\\vendor\\laravel\\framework\\src\\Illuminate\\Pipeline\\Pipeline.php(219): Illuminate\\View\\Middleware\\ShareErrorsFromSession->handle(Object(Illuminate\\Http\\Request), Object(Closure))
#17 C:\\xampp\\htdocs\\secprog\\SecPro\\FrontEndSec\\vendor\\laravel\\framework\\src\\Illuminate\\Session\\Middleware\\StartSession.php(120): Illuminate\\Pipeline\\Pipeline->Illuminate\\Pipeline\\{closure}(Object(Illuminate\\Http\\Request))
#18 C:\\xampp\\htdocs\\secprog\\SecPro\\FrontEndSec\\vendor\\laravel\\framework\\src\\Illuminate\\Session\\Middleware\\StartSession.php(63): Illuminate\\Session\\Middleware\\StartSession->handleStatefulRequest(Object(Illuminate\\Http\\Request), Object(Illuminate\\Session\\Store), Object(Closure))
#19 C:\\xampp\\htdocs\\secprog\\SecPro\\FrontEndSec\\vendor\\laravel\\framework\\src\\Illuminate\\Pipeline\\Pipeline.php(219): Illuminate\\Session\\Middleware\\StartSession->handle(Object(Illuminate\\Http\\Request), Object(Closure))
#20 C:\\xampp\\htdocs\\secprog\\SecPro\\FrontEndSec\\vendor\\laravel\\framework\\src\\Illuminate\\Cookie\\Middleware\\AddQueuedCookiesToResponse.php(36): Illuminate\\Pipeline\\Pipeline->Illuminate\\Pipeline\\{closure}(Object(Illuminate\\Http\\Request))
#21 C:\\xampp\\htdocs\\secprog\\SecPro\\FrontEndSec\\vendor\\laravel\\framework\\src\\Illuminate\\Pipeline\\Pipeline.php(219): Illuminate\\Cookie\\Middleware\\AddQueuedCookiesToResponse->handle(Object(Illuminate\\Http\\Request), Object(Closure))
#22 C:\\xampp\\htdocs\\secprog\\SecPro\\FrontEndSec\\vendor\\laravel\\framework\\src\\Illuminate\\Cookie\\Middleware\\EncryptCookies.php(74): Illuminate\\Pipeline\\Pipeline->Illuminate\\Pipeline\\{closure}(Object(Illuminate\\Http\\Request))
#23 C:\\xampp\\htdocs\\secprog\\SecPro\\FrontEndSec\\vendor\\laravel\\framework\\src\\Illuminate\\Pipeline\\Pipeline.php(219): Illuminate\\Cookie\\Middleware\\EncryptCookies->handle(Object(Illuminate\\Http\\Request), Object(Closure))
#24 C:\\xampp\\htdocs\\secprog\\SecPro\\FrontEndSec\\vendor\\laravel\\framework\\src\\Illuminate\\Pipeline\\Pipeline.php(137): Illuminate\\Pipeline\\Pipeline->Illuminate\\Pipeline\\{closure}(Object(Illuminate\\Http\\Request))
#25 C:\\xampp\\htdocs\\secprog\\SecPro\\FrontEndSec\\vendor\\laravel\\framework\\src\\Illuminate\\Routing\\Router.php(821): Illuminate\\Pipeline\\Pipeline->then(Object(Closure))
#26 C:\\xampp\\htdocs\\secprog\\SecPro\\FrontEndSec\\vendor\\laravel\\framework\\src\\Illuminate\\Routing\\Router.php(800): Illuminate\\Routing\\Router->runRouteWithinStack(Object(Illuminate\\Routing\\Route), Object(Illuminate\\Http\\Request))
#27 C:\\xampp\\htdocs\\secprog\\SecPro\\FrontEndSec\\vendor\\laravel\\framework\\src\\Illuminate\\Routing\\Router.php(764): Illuminate\\Routing\\Router->runRoute(Object(Illuminate\\Http\\Request), Object(Illuminate\\Routing\\Route))
#28 C:\\xampp\\htdocs\\secprog\\SecPro\\FrontEndSec\\vendor\\laravel\\framework\\src\\Illuminate\\Routing\\Router.php(753): Illuminate\\Routing\\Router->dispatchToRoute(Object(Illuminate\\Http\\Request))
#29 C:\\xampp\\htdocs\\secprog\\SecPro\\FrontEndSec\\vendor\\laravel\\framework\\src\\Illuminate\\Foundation\\Http\\Kernel.php(200): Illuminate\\Routing\\Router->dispatch(Object(Illuminate\\Http\\Request))
#30 C:\\xampp\\htdocs\\secprog\\SecPro\\FrontEndSec\\vendor\\laravel\\framework\\src\\Illuminate\\Pipeline\\Pipeline.php(180): Illuminate\\Foundation\\Http\\Kernel->Illuminate\\Foundation\\Http\\{closure}(Object(Illuminate\\Http\\Request))
#31 C:\\xampp\\htdocs\\secprog\\SecPro\\FrontEndSec\\vendor\\laravel\\framework\\src\\Illuminate\\Foundation\\Http\\Middleware\\TransformsRequest.php(21): Illuminate\\Pipeline\\Pipeline->Illuminate\\Pipeline\\{closure}(Object(Illuminate\\Http\\Request))
#32 C:\\xampp\\htdocs\\secprog\\SecPro\\FrontEndSec\\vendor\\laravel\\framework\\src\\Illuminate\\Foundation\\Http\\Middleware\\ConvertEmptyStringsToNull.php(31): Illuminate\\Foundation\\Http\\Middleware\\TransformsRequest->handle(Object(Illuminate\\Http\\Request), Object(Closure))
#33 C:\\xampp\\htdocs\\secprog\\SecPro\\FrontEndSec\\vendor\\laravel\\framework\\src\\Illuminate\\Pipeline\\Pipeline.php(219): Illuminate\\Foundation\\Http\\Middleware\\ConvertEmptyStringsToNull->handle(Object(Illuminate\\Http\\Request), Object(Closure))
#34 C:\\xampp\\htdocs\\secprog\\SecPro\\FrontEndSec\\vendor\\laravel\\framework\\src\\Illuminate\\Foundation\\Http\\Middleware\\TransformsRequest.php(21): Illuminate\\Pipeline\\Pipeline->Illuminate\\Pipeline\\{closure}(Object(Illuminate\\Http\\Request))
#35 C:\\xampp\\htdocs\\secprog\\SecPro\\FrontEndSec\\vendor\\laravel\\framework\\src\\Illuminate\\Foundation\\Http\\Middleware\\TrimStrings.php(51): Illuminate\\Foundation\\Http\\Middleware\\TransformsRequest->handle(Object(Illuminate\\Http\\Request), Object(Closure))
#36 C:\\xampp\\htdocs\\secprog\\SecPro\\FrontEndSec\\vendor\\laravel\\framework\\src\\Illuminate\\Pipeline\\Pipeline.php(219): Illuminate\\Foundation\\Http\\Middleware\\TrimStrings->handle(Object(Illuminate\\Http\\Request), Object(Closure))
#37 C:\\xampp\\htdocs\\secprog\\SecPro\\FrontEndSec\\vendor\\laravel\\framework\\src\\Illuminate\\Http\\Middleware\\ValidatePostSize.php(27): Illuminate\\Pipeline\\Pipeline->Illuminate\\Pipeline\\{closure}(Object(Illuminate\\Http\\Request))
#38 C:\\xampp\\htdocs\\secprog\\SecPro\\FrontEndSec\\vendor\\laravel\\framework\\src\\Illuminate\\Pipeline\\Pipeline.php(219): Illuminate\\Http\\Middleware\\ValidatePostSize->handle(Object(Illuminate\\Http\\Request), Object(Closure))
#39 C:\\xampp\\htdocs\\secprog\\SecPro\\FrontEndSec\\vendor\\laravel\\framework\\src\\Illuminate\\Foundation\\Http\\Middleware\\PreventRequestsDuringMaintenance.php(109): Illuminate\\Pipeline\\Pipeline->Illuminate\\Pipeline\\{closure}(Object(Illuminate\\Http\\Request))
#40 C:\\xampp\\htdocs\\secprog\\SecPro\\FrontEndSec\\vendor\\laravel\\framework\\src\\Illuminate\\Pipeline\\Pipeline.php(219): Illuminate\\Foundation\\Http\\Middleware\\PreventRequestsDuringMaintenance->handle(Object(Illuminate\\Http\\Request), Object(Closure))
#41 C:\\xampp\\htdocs\\secprog\\SecPro\\FrontEndSec\\vendor\\laravel\\framework\\src\\Illuminate\\Http\\Middleware\\HandleCors.php(48): Illuminate\\Pipeline\\Pipeline->Illuminate\\Pipeline\\{closure}(Object(Illuminate\\Http\\Request))
#42 C:\\xampp\\htdocs\\secprog\\SecPro\\FrontEndSec\\vendor\\laravel\\framework\\src\\Illuminate\\Pipeline\\Pipeline.php(219): Illuminate\\Http\\Middleware\\HandleCors->handle(Object(Illuminate\\Http\\Request), Object(Closure))
#43 C:\\xampp\\htdocs\\secprog\\SecPro\\FrontEndSec\\vendor\\laravel\\framework\\src\\Illuminate\\Http\\Middleware\\TrustProxies.php(58): Illuminate\\Pipeline\\Pipeline->Illuminate\\Pipeline\\{closure}(Object(Illuminate\\Http\\Request))
#44 C:\\xampp\\htdocs\\secprog\\SecPro\\FrontEndSec\\vendor\\laravel\\framework\\src\\Illuminate\\Pipeline\\Pipeline.php(219): Illuminate\\Http\\Middleware\\TrustProxies->handle(Object(Illuminate\\Http\\Request), Object(Closure))
#45 C:\\xampp\\htdocs\\secprog\\SecPro\\FrontEndSec\\vendor\\laravel\\framework\\src\\Illuminate\\Foundation\\Http\\Middleware\\InvokeDeferredCallbacks.php(22): Illuminate\\Pipeline\\Pipeline->Illuminate\\Pipeline\\{closure}(Object(Illuminate\\Http\\Request))
#46 C:\\xampp\\htdocs\\secprog\\SecPro\\FrontEndSec\\vendor\\laravel\\framework\\src\\Illuminate\\Pipeline\\Pipeline.php(219): Illuminate\\Foundation\\Http\\Middleware\\InvokeDeferredCallbacks->handle(Object(Illuminate\\Http\\Request), Object(Closure))
#47 C:\\xampp\\htdocs\\secprog\\SecPro\\FrontEndSec\\vendor\\laravel\\framework\\src\\Illuminate\\Http\\Middleware\\ValidatePathEncoding.php(26): Illuminate\\Pipeline\\Pipeline->Illuminate\\Pipeline\\{closure}(Object(Illuminate\\Http\\Request))
#48 C:\\xampp\\htdocs\\secprog\\SecPro\\FrontEndSec\\vendor\\laravel\\framework\\src\\Illuminate\\Pipeline\\Pipeline.php(219): Illuminate\\Http\\Middleware\\ValidatePathEncoding->handle(Object(Illuminate\\Http\\Request), Object(Closure))
#49 C:\\xampp\\htdocs\\secprog\\SecPro\\FrontEndSec\\vendor\\laravel\\framework\\src\\Illuminate\\Pipeline\\Pipeline.php(137): Illuminate\\Pipeline\\Pipeline->Illuminate\\Pipeline\\{closure}(Object(Illuminate\\Http\\Request))
#50 C:\\xampp\\htdocs\\secprog\\SecPro\\FrontEndSec\\vendor\\laravel\\framework\\src\\Illuminate\\Foundation\\Http\\Kernel.php(175): Illuminate\\Pipeline\\Pipeline->then(Object(Closure))
#51 C:\\xampp\\htdocs\\secprog\\SecPro\\FrontEndSec\\vendor\\laravel\\framework\\src\\Illuminate\\Foundation\\Http\\Kernel.php(144): Illuminate\\Foundation\\Http\\Kernel->sendRequestThroughRouter(Object(Illuminate\\Http\\Request))
#52 C:\\xampp\\htdocs\\secprog\\SecPro\\FrontEndSec\\vendor\\laravel\\framework\\src\\Illuminate\\Foundation\\Application.php(1220): Illuminate\\Foundation\\Http\\Kernel->handle(Object(Illuminate\\Http\\Request))
#53 C:\\xampp\\htdocs\\secprog\\SecPro\\FrontEndSec\\public\\index.php(20): Illuminate\\Foundation\\Application->handleRequest(Object(Illuminate\\Http\\Request))
#54 C:\\xampp\\htdocs\\secprog\\SecPro\\FrontEndSec\\vendor\\laravel\\framework\\src\\Illuminate\\Foundation\\resources\\server.php(23): require_once('C:\\\\xampp\\\\htdocs...')
#55 {main}

[previous exception] [object] (ErrorException(code: 0): Undefined variable $weeklyRecipes at C:\\xampp\\htdocs\\secprog\\SecPro\\FrontEndSec\\storage\\framework\\views\\1f1e764261ce25fd6ab9770d03d6856e.php:142)
[stacktrace]
#0 C:\\xampp\\htdocs\\secprog\\SecPro\\FrontEndSec\\vendor\\laravel\\framework\\src\\Illuminate\\Foundation\\Bootstrap\\HandleExceptions.php(258): Illuminate\\Foundation\\Bootstrap\\HandleExceptions->handleError(2, 'Undefined varia...', 'C:\\\\xampp\\\\htdocs...', 142)
#1 C:\\xampp\\htdocs\\secprog\\SecPro\\FrontEndSec\\storage\\framework\\views\\1f1e764261ce25fd6ab9770d03d6856e.php(142): Illuminate\\Foundation\\Bootstrap\\HandleExceptions->Illuminate\\Foundation\\Bootstrap\\{closure}(2, 'Undefined varia...', 'C:\\\\xampp\\\\htdocs...', 142)
#2 C:\\xampp\\htdocs\\secprog\\SecPro\\FrontEndSec\\vendor\\laravel\\framework\\src\\Illuminate\\Filesystem\\Filesystem.php(123): require('C:\\\\xampp\\\\htdocs...')
#3 C:\\xampp\\htdocs\\secprog\\SecPro\\FrontEndSec\\vendor\\laravel\\framework\\src\\Illuminate\\Filesystem\\Filesystem.php(124): Illuminate\\Filesystem\\Filesystem::Illuminate\\Filesystem\\{closure}()
#4 C:\\xampp\\htdocs\\secprog\\SecPro\\FrontEndSec\\vendor\\laravel\\framework\\src\\Illuminate\\View\\Engines\\PhpEngine.php(57): Illuminate\\Filesystem\\Filesystem->getRequire('C:\\\\xampp\\\\htdocs...', Array)
#5 C:\\xampp\\htdocs\\secprog\\SecPro\\FrontEndSec\\vendor\\laravel\\framework\\src\\Illuminate\\View\\Engines\\CompilerEngine.php(76): Illuminate\\View\\Engines\\PhpEngine->evaluatePath('C:\\\\xampp\\\\htdocs...', Array)
#6 C:\\xampp\\htdocs\\secprog\\SecPro\\FrontEndSec\\vendor\\laravel\\framework\\src\\Illuminate\\View\\View.php(208): Illuminate\\View\\Engines\\CompilerEngine->get('C:\\\\xampp\\\\htdocs...', Array)
#7 C:\\xampp\\htdocs\\secprog\\SecPro\\FrontEndSec\\vendor\\laravel\\framework\\src\\Illuminate\\View\\View.php(191): Illuminate\\View\\View->getContents()
#8 C:\\xampp\\htdocs\\secprog\\SecPro\\FrontEndSec\\vendor\\laravel\\framework\\src\\Illuminate\\View\\View.php(160): Illuminate\\View\\View->renderContents()
#9 C:\\xampp\\htdocs\\secprog\\SecPro\\FrontEndSec\\vendor\\laravel\\framework\\src\\Illuminate\\Http\\Response.php(78): Illuminate\\View\\View->render()
#10 C:\\xampp\\htdocs\\secprog\\SecPro\\FrontEndSec\\vendor\\laravel\\framework\\src\\Illuminate\\Http\\Response.php(34): Illuminate\\Http\\Response->setContent(Object(Illuminate\\View\\View))
#11 C:\\xampp\\htdocs\\secprog\\SecPro\\FrontEndSec\\vendor\\laravel\\framework\\src\\Illuminate\\Routing\\Router.php(939): Illuminate\\Http\\Response->__construct(Object(Illuminate\\View\\View), 200, Array)
#12 C:\\xampp\\htdocs\\secprog\\SecPro\\FrontEndSec\\vendor\\laravel\\framework\\src\\Illuminate\\Routing\\Router.php(906): Illuminate\\Routing\\Router::toResponse(Object(Illuminate\\Http\\Request), Object(Illuminate\\View\\View))
#13 C:\\xampp\\htdocs\\secprog\\SecPro\\FrontEndSec\\vendor\\laravel\\framework\\src\\Illuminate\\Routing\\Router.php(821): Illuminate\\Routing\\Router->prepareResponse(Object(Illuminate\\Http\\Request), Object(Illuminate\\View\\View))
#14 C:\\xampp\\htdocs\\secprog\\SecPro\\FrontEndSec\\vendor\\laravel\\framework\\src\\Illuminate\\Pipeline\\Pipeline.php(180): Illuminate\\Routing\\Router->Illuminate\\Routing\\{closure}(Object(Illuminate\\Http\\Request))
#15 C:\\xampp\\htdocs\\secprog\\SecPro\\FrontEndSec\\vendor\\laravel\\framework\\src\\Illuminate\\Routing\\Middleware\\SubstituteBindings.php(50): Illuminate\\Pipeline\\Pipeline->Illuminate\\Pipeline\\{closure}(Object(Illuminate\\Http\\Request))
#16 C:\\xampp\\htdocs\\secprog\\SecPro\\FrontEndSec\\vendor\\laravel\\framework\\src\\Illuminate\\Pipeline\\Pipeline.php(219): Illuminate\\Routing\\Middleware\\SubstituteBindings->handle(Object(Illuminate\\Http\\Request), Object(Closure))
#17 C:\\xampp\\htdocs\\secprog\\SecPro\\FrontEndSec\\vendor\\laravel\\framework\\src\\Illuminate\\Foundation\\Http\\Middleware\\VerifyCsrfToken.php(87): Illuminate\\Pipeline\\Pipeline->Illuminate\\Pipeline\\{closure}(Object(Illuminate\\Http\\Request))
#18 C:\\xampp\\htdocs\\secprog\\SecPro\\FrontEndSec\\vendor\\laravel\\framework\\src\\Illuminate\\Pipeline\\Pipeline.php(219): Illuminate\\Foundation\\Http\\Middleware\\VerifyCsrfToken->handle(Object(Illuminate\\Http\\Request), Object(Closure))
#19 C:\\xampp\\htdocs\\secprog\\SecPro\\FrontEndSec\\vendor\\laravel\\framework\\src\\Illuminate\\View\\Middleware\\ShareErrorsFromSession.php(48): Illuminate\\Pipeline\\Pipeline->Illuminate\\Pipeline\\{closure}(Object(Illuminate\\Http\\Request))
#20 C:\\xampp\\htdocs\\secprog\\SecPro\\FrontEndSec\\vendor\\laravel\\framework\\src\\Illuminate\\Pipeline\\Pipeline.php(219): Illuminate\\View\\Middleware\\ShareErrorsFromSession->handle(Object(Illuminate\\Http\\Request), Object(Closure))
#21 C:\\xampp\\htdocs\\secprog\\SecPro\\FrontEndSec\\vendor\\laravel\\framework\\src\\Illuminate\\Session\\Middleware\\StartSession.php(120): Illuminate\\Pipeline\\Pipeline->Illuminate\\Pipeline\\{closure}(Object(Illuminate\\Http\\Request))
#22 C:\\xampp\\htdocs\\secprog\\SecPro\\FrontEndSec\\vendor\\laravel\\framework\\src\\Illuminate\\Session\\Middleware\\StartSession.php(63): Illuminate\\Session\\Middleware\\StartSession->handleStatefulRequest(Object(Illuminate\\Http\\Request), Object(Illuminate\\Session\\Store), Object(Closure))
#23 C:\\xampp\\htdocs\\secprog\\SecPro\\FrontEndSec\\vendor\\laravel\\framework\\src\\Illuminate\\Pipeline\\Pipeline.php(219): Illuminate\\Session\\Middleware\\StartSession->handle(Object(Illuminate\\Http\\Request), Object(Closure))
#24 C:\\xampp\\htdocs\\secprog\\SecPro\\FrontEndSec\\vendor\\laravel\\framework\\src\\Illuminate\\Cookie\\Middleware\\AddQueuedCookiesToResponse.php(36): Illuminate\\Pipeline\\Pipeline->Illuminate\\Pipeline\\{closure}(Object(Illuminate\\Http\\Request))
#25 C:\\xampp\\htdocs\\secprog\\SecPro\\FrontEndSec\\vendor\\laravel\\framework\\src\\Illuminate\\Pipeline\\Pipeline.php(219): Illuminate\\Cookie\\Middleware\\AddQueuedCookiesToResponse->handle(Object(Illuminate\\Http\\Request), Object(Closure))
#26 C:\\xampp\\htdocs\\secprog\\SecPro\\FrontEndSec\\vendor\\laravel\\framework\\src\\Illuminate\\Cookie\\Middleware\\EncryptCookies.php(74): Illuminate\\Pipeline\\Pipeline->Illuminate\\Pipeline\\{closure}(Object(Illuminate\\Http\\Request))
#27 C:\\xampp\\htdocs\\secprog\\SecPro\\FrontEndSec\\vendor\\laravel\\framework\\src\\Illuminate\\Pipeline\\Pipeline.php(219): Illuminate\\Cookie\\Middleware\\EncryptCookies->handle(Object(Illuminate\\Http\\Request), Object(Closure))
#28 C:\\xampp\\htdocs\\secprog\\SecPro\\FrontEndSec\\vendor\\laravel\\framework\\src\\Illuminate\\Pipeline\\Pipeline.php(137): Illuminate\\Pipeline\\Pipeline->Illuminate\\Pipeline\\{closure}(Object(Illuminate\\Http\\Request))
#29 C:\\xampp\\htdocs\\secprog\\SecPro\\FrontEndSec\\vendor\\laravel\\framework\\src\\Illuminate\\Routing\\Router.php(821): Illuminate\\Pipeline\\Pipeline->then(Object(Closure))
#30 C:\\xampp\\htdocs\\secprog\\SecPro\\FrontEndSec\\vendor\\laravel\\framework\\src\\Illuminate\\Routing\\Router.php(800): Illuminate\\Routing\\Router->runRouteWithinStack(Object(Illuminate\\Routing\\Route), Object(Illuminate\\Http\\Request))
#31 C:\\xampp\\htdocs\\secprog\\SecPro\\FrontEndSec\\vendor\\laravel\\framework\\src\\Illuminate\\Routing\\Router.php(764): Illuminate\\Routing\\Router->runRoute(Object(Illuminate\\Http\\Request), Object(Illuminate\\Routing\\Route))
#32 C:\\xampp\\htdocs\\secprog\\SecPro\\FrontEndSec\\vendor\\laravel\\framework\\src\\Illuminate\\Routing\\Router.php(753): Illuminate\\Routing\\Router->dispatchToRoute(Object(Illuminate\\Http\\Request))
#33 C:\\xampp\\htdocs\\secprog\\SecPro\\FrontEndSec\\vendor\\laravel\\framework\\src\\Illuminate\\Foundation\\Http\\Kernel.php(200): Illuminate\\Routing\\Router->dispatch(Object(Illuminate\\Http\\Request))
#34 C:\\xampp\\htdocs\\secprog\\SecPro\\FrontEndSec\\vendor\\laravel\\framework\\src\\Illuminate\\Pipeline\\Pipeline.php(180): Illuminate\\Foundation\\Http\\Kernel->Illuminate\\Foundation\\Http\\{closure}(Object(Illuminate\\Http\\Request))
#35 C:\\xampp\\htdocs\\secprog\\SecPro\\FrontEndSec\\vendor\\laravel\\framework\\src\\Illuminate\\Foundation\\Http\\Middleware\\TransformsRequest.php(21): Illuminate\\Pipeline\\Pipeline->Illuminate\\Pipeline\\{closure}(Object(Illuminate\\Http\\Request))
#36 C:\\xampp\\htdocs\\secprog\\SecPro\\FrontEndSec\\vendor\\laravel\\framework\\src\\Illuminate\\Foundation\\Http\\Middleware\\ConvertEmptyStringsToNull.php(31): Illuminate\\Foundation\\Http\\Middleware\\TransformsRequest->handle(Object(Illuminate\\Http\\Request), Object(Closure))
#37 C:\\xampp\\htdocs\\secprog\\SecPro\\FrontEndSec\\vendor\\laravel\\framework\\src\\Illuminate\\Pipeline\\Pipeline.php(219): Illuminate\\Foundation\\Http\\Middleware\\ConvertEmptyStringsToNull->handle(Object(Illuminate\\Http\\Request), Object(Closure))
#38 C:\\xampp\\htdocs\\secprog\\SecPro\\FrontEndSec\\vendor\\laravel\\framework\\src\\Illuminate\\Foundation\\Http\\Middleware\\TransformsRequest.php(21): Illuminate\\Pipeline\\Pipeline->Illuminate\\Pipeline\\{closure}(Object(Illuminate\\Http\\Request))
#39 C:\\xampp\\htdocs\\secprog\\SecPro\\FrontEndSec\\vendor\\laravel\\framework\\src\\Illuminate\\Foundation\\Http\\Middleware\\TrimStrings.php(51): Illuminate\\Foundation\\Http\\Middleware\\TransformsRequest->handle(Object(Illuminate\\Http\\Request), Object(Closure))
#40 C:\\xampp\\htdocs\\secprog\\SecPro\\FrontEndSec\\vendor\\laravel\\framework\\src\\Illuminate\\Pipeline\\Pipeline.php(219): Illuminate\\Foundation\\Http\\Middleware\\TrimStrings->handle(Object(Illuminate\\Http\\Request), Object(Closure))
#41 C:\\xampp\\htdocs\\secprog\\SecPro\\FrontEndSec\\vendor\\laravel\\framework\\src\\Illuminate\\Http\\Middleware\\ValidatePostSize.php(27): Illuminate\\Pipeline\\Pipeline->Illuminate\\Pipeline\\{closure}(Object(Illuminate\\Http\\Request))
#42 C:\\xampp\\htdocs\\secprog\\SecPro\\FrontEndSec\\vendor\\laravel\\framework\\src\\Illuminate\\Pipeline\\Pipeline.php(219): Illuminate\\Http\\Middleware\\ValidatePostSize->handle(Object(Illuminate\\Http\\Request), Object(Closure))
#43 C:\\xampp\\htdocs\\secprog\\SecPro\\FrontEndSec\\vendor\\laravel\\framework\\src\\Illuminate\\Foundation\\Http\\Middleware\\PreventRequestsDuringMaintenance.php(109): Illuminate\\Pipeline\\Pipeline->Illuminate\\Pipeline\\{closure}(Object(Illuminate\\Http\\Request))
#44 C:\\xampp\\htdocs\\secprog\\SecPro\\FrontEndSec\\vendor\\laravel\\framework\\src\\Illuminate\\Pipeline\\Pipeline.php(219): Illuminate\\Foundation\\Http\\Middleware\\PreventRequestsDuringMaintenance->handle(Object(Illuminate\\Http\\Request), Object(Closure))
#45 C:\\xampp\\htdocs\\secprog\\SecPro\\FrontEndSec\\vendor\\laravel\\framework\\src\\Illuminate\\Http\\Middleware\\HandleCors.php(48): Illuminate\\Pipeline\\Pipeline->Illuminate\\Pipeline\\{closure}(Object(Illuminate\\Http\\Request))
#46 C:\\xampp\\htdocs\\secprog\\SecPro\\FrontEndSec\\vendor\\laravel\\framework\\src\\Illuminate\\Pipeline\\Pipeline.php(219): Illuminate\\Http\\Middleware\\HandleCors->handle(Object(Illuminate\\Http\\Request), Object(Closure))
#47 C:\\xampp\\htdocs\\secprog\\SecPro\\FrontEndSec\\vendor\\laravel\\framework\\src\\Illuminate\\Http\\Middleware\\TrustProxies.php(58): Illuminate\\Pipeline\\Pipeline->Illuminate\\Pipeline\\{closure}(Object(Illuminate\\Http\\Request))
#48 C:\\xampp\\htdocs\\secprog\\SecPro\\FrontEndSec\\vendor\\laravel\\framework\\src\\Illuminate\\Pipeline\\Pipeline.php(219): Illuminate\\Http\\Middleware\\TrustProxies->handle(Object(Illuminate\\Http\\Request), Object(Closure))
#49 C:\\xampp\\htdocs\\secprog\\SecPro\\FrontEndSec\\vendor\\laravel\\framework\\src\\Illuminate\\Foundation\\Http\\Middleware\\InvokeDeferredCallbacks.php(22): Illuminate\\Pipeline\\Pipeline->Illuminate\\Pipeline\\{closure}(Object(Illuminate\\Http\\Request))
#50 C:\\xampp\\htdocs\\secprog\\SecPro\\FrontEndSec\\vendor\\laravel\\framework\\src\\Illuminate\\Pipeline\\Pipeline.php(219): Illuminate\\Foundation\\Http\\Middleware\\InvokeDeferredCallbacks->handle(Object(Illuminate\\Http\\Request), Object(Closure))
#51 C:\\xampp\\htdocs\\secprog\\SecPro\\FrontEndSec\\vendor\\laravel\\framework\\src\\Illuminate\\Http\\Middleware\\ValidatePathEncoding.php(26): Illuminate\\Pipeline\\Pipeline->Illuminate\\Pipeline\\{closure}(Object(Illuminate\\Http\\Request))
#52 C:\\xampp\\htdocs\\secprog\\SecPro\\FrontEndSec\\vendor\\laravel\\framework\\src\\Illuminate\\Pipeline\\Pipeline.php(219): Illuminate\\Http\\Middleware\\ValidatePathEncoding->handle(Object(Illuminate\\Http\\Request), Object(Closure))
#53 C:\\xampp\\htdocs\\secprog\\SecPro\\FrontEndSec\\vendor\\laravel\\framework\\src\\Illuminate\\Pipeline\\Pipeline.php(137): Illuminate\\Pipeline\\Pipeline->Illuminate\\Pipeline\\{closure}(Object(Illuminate\\Http\\Request))
#54 C:\\xampp\\htdocs\\secprog\\SecPro\\FrontEndSec\\vendor\\laravel\\framework\\src\\Illuminate\\Foundation\\Http\\Kernel.php(175): Illuminate\\Pipeline\\Pipeline->then(Object(Closure))
#55 C:\\xampp\\htdocs\\secprog\\SecPro\\FrontEndSec\\vendor\\laravel\\framework\\src\\Illuminate\\Foundation\\Http\\Kernel.php(144): Illuminate\\Foundation\\Http\\Kernel->sendRequestThroughRouter(Object(Illuminate\\Http\\Request))
#56 C:\\xampp\\htdocs\\secprog\\SecPro\\FrontEndSec\\vendor\\laravel\\framework\\src\\Illuminate\\Foundation\\Application.php(1220): Illuminate\\Foundation\\Http\\Kernel->handle(Object(Illuminate\\Http\\Request))
#57 C:\\xampp\\htdocs\\secprog\\SecPro\\FrontEndSec\\public\\index.php(20): Illuminate\\Foundation\\Application->handleRequest(Object(Illuminate\\Http\\Request))
#58 C:\\xampp\\htdocs\\secprog\\SecPro\\FrontEndSec\\vendor\\laravel\\framework\\src\\Illuminate\\Foundation\\resources\\server.php(23): require_once('C:\\\\xampp\\\\htdocs...')
#59 {main}
"} 
[2025-11-18 15:47:36] local.ERROR: Undefined variable $weeklyRecipes (View: C:\xampp\htdocs\secprog\SecPro\FrontEndSec\resources\views\mainPage.blade.php) {"exception":"[object] (Illuminate\\View\\ViewException(code: 0): Undefined variable $weeklyRecipes (View: C:\\xampp\\htdocs\\secprog\\SecPro\\FrontEndSec\\resources\\views\\mainPage.blade.php) at C:\\xampp\\htdocs\\secprog\\SecPro\\FrontEndSec\\storage\\framework\\views\\1f1e764261ce25fd6ab9770d03d6856e.php:142)
[stacktrace]
#0 C:\\xampp\\htdocs\\secprog\\SecPro\\FrontEndSec\\vendor\\laravel\\framework\\src\\Illuminate\\View\\Engines\\PhpEngine.php(59): Illuminate\\View\\Engines\\CompilerEngine->handleViewException(Object(ErrorException), 1)
#1 C:\\xampp\\htdocs\\secprog\\SecPro\\FrontEndSec\\vendor\\laravel\\framework\\src\\Illuminate\\View\\Engines\\CompilerEngine.php(76): Illuminate\\View\\Engines\\PhpEngine->evaluatePath('C:\\\\xampp\\\\htdocs...', Array)
#2 C:\\xampp\\htdocs\\secprog\\SecPro\\FrontEndSec\\vendor\\laravel\\framework\\src\\Illuminate\\View\\View.php(208): Illuminate\\View\\Engines\\CompilerEngine->get('C:\\\\xampp\\\\htdocs...', Array)
#3 C:\\xampp\\htdocs\\secprog\\SecPro\\FrontEndSec\\vendor\\laravel\\framework\\src\\Illuminate\\View\\View.php(191): Illuminate\\View\\View->getContents()
#4 C:\\xampp\\htdocs\\secprog\\SecPro\\FrontEndSec\\vendor\\laravel\\framework\\src\\Illuminate\\View\\View.php(160): Illuminate\\View\\View->renderContents()
#5 C:\\xampp\\htdocs\\secprog\\SecPro\\FrontEndSec\\vendor\\laravel\\framework\\src\\Illuminate\\Http\\Response.php(78): Illuminate\\View\\View->render()
#6 C:\\xampp\\htdocs\\secprog\\SecPro\\FrontEndSec\\vendor\\laravel\\framework\\src\\Illuminate\\Http\\Response.php(34): Illuminate\\Http\\Response->setContent(Object(Illuminate\\View\\View))
#7 C:\\xampp\\htdocs\\secprog\\SecPro\\FrontEndSec\\vendor\\laravel\\framework\\src\\Illuminate\\Routing\\Router.php(939): Illuminate\\Http\\Response->__construct(Object(Illuminate\\View\\View), 200, Array)
#8 C:\\xampp\\htdocs\\secprog\\SecPro\\FrontEndSec\\vendor\\laravel\\framework\\src\\Illuminate\\Routing\\Router.php(906): Illuminate\\Routing\\Router::toResponse(Object(Illuminate\\Http\\Request), Object(Illuminate\\View\\View))
#9 C:\\xampp\\htdocs\\secprog\\SecPro\\FrontEndSec\\vendor\\laravel\\framework\\src\\Illuminate\\Routing\\Router.php(821): Illuminate\\Routing\\Router->prepareResponse(Object(Illuminate\\Http\\Request), Object(Illuminate\\View\\View))
#10 C:\\xampp\\htdocs\\secprog\\SecPro\\FrontEndSec\\vendor\\laravel\\framework\\src\\Illuminate\\Pipeline\\Pipeline.php(180): Illuminate\\Routing\\Router->Illuminate\\Routing\\{closure}(Object(Illuminate\\Http\\Request))
#11 C:\\xampp\\htdocs\\secprog\\SecPro\\FrontEndSec\\vendor\\laravel\\framework\\src\\Illuminate\\Routing\\Middleware\\SubstituteBindings.php(50): Illuminate\\Pipeline\\Pipeline->Illuminate\\Pipeline\\{closure}(Object(Illuminate\\Http\\Request))
#12 C:\\xampp\\htdocs\\secprog\\SecPro\\FrontEndSec\\vendor\\laravel\\framework\\src\\Illuminate\\Pipeline\\Pipeline.php(219): Illuminate\\Routing\\Middleware\\SubstituteBindings->handle(Object(Illuminate\\Http\\Request), Object(Closure))
#13 C:\\xampp\\htdocs\\secprog\\SecPro\\FrontEndSec\\vendor\\laravel\\framework\\src\\Illuminate\\Foundation\\Http\\Middleware\\VerifyCsrfToken.php(87): Illuminate\\Pipeline\\Pipeline->Illuminate\\Pipeline\\{closure}(Object(Illuminate\\Http\\Request))
#14 C:\\xampp\\htdocs\\secprog\\SecPro\\FrontEndSec\\vendor\\laravel\\framework\\src\\Illuminate\\Pipeline\\Pipeline.php(219): Illuminate\\Foundation\\Http\\Middleware\\VerifyCsrfToken->handle(Object(Illuminate\\Http\\Request), Object(Closure))
#15 C:\\xampp\\htdocs\\secprog\\SecPro\\FrontEndSec\\vendor\\laravel\\framework\\src\\Illuminate\\View\\Middleware\\ShareErrorsFromSession.php(48): Illuminate\\Pipeline\\Pipeline->Illuminate\\Pipeline\\{closure}(Object(Illuminate\\Http\\Request))
#16 C:\\xampp\\htdocs\\secprog\\SecPro\\FrontEndSec\\vendor\\laravel\\framework\\src\\Illuminate\\Pipeline\\Pipeline.php(219): Illuminate\\View\\Middleware\\ShareErrorsFromSession->handle(Object(Illuminate\\Http\\Request), Object(Closure))
#17 C:\\xampp\\htdocs\\secprog\\SecPro\\FrontEndSec\\vendor\\laravel\\framework\\src\\Illuminate\\Session\\Middleware\\StartSession.php(120): Illuminate\\Pipeline\\Pipeline->Illuminate\\Pipeline\\{closure}(Object(Illuminate\\Http\\Request))
#18 C:\\xampp\\htdocs\\secprog\\SecPro\\FrontEndSec\\vendor\\laravel\\framework\\src\\Illuminate\\Session\\Middleware\\StartSession.php(63): Illuminate\\Session\\Middleware\\StartSession->handleStatefulRequest(Object(Illuminate\\Http\\Request), Object(Illuminate\\Session\\Store), Object(Closure))
#19 C:\\xampp\\htdocs\\secprog\\SecPro\\FrontEndSec\\vendor\\laravel\\framework\\src\\Illuminate\\Pipeline\\Pipeline.php(219): Illuminate\\Session\\Middleware\\StartSession->handle(Object(Illuminate\\Http\\Request), Object(Closure))
#20 C:\\xampp\\htdocs\\secprog\\SecPro\\FrontEndSec\\vendor\\laravel\\framework\\src\\Illuminate\\Cookie\\Middleware\\AddQueuedCookiesToResponse.php(36): Illuminate\\Pipeline\\Pipeline->Illuminate\\Pipeline\\{closure}(Object(Illuminate\\Http\\Request))
#21 C:\\xampp\\htdocs\\secprog\\SecPro\\FrontEndSec\\vendor\\laravel\\framework\\src\\Illuminate\\Pipeline\\Pipeline.php(219): Illuminate\\Cookie\\Middleware\\AddQueuedCookiesToResponse->handle(Object(Illuminate\\Http\\Request), Object(Closure))
#22 C:\\xampp\\htdocs\\secprog\\SecPro\\FrontEndSec\\vendor\\laravel\\framework\\src\\Illuminate\\Cookie\\Middleware\\EncryptCookies.php(74): Illuminate\\Pipeline\\Pipeline->Illuminate\\Pipeline\\{closure}(Object(Illuminate\\Http\\Request))
#23 C:\\xampp\\htdocs\\secprog\\SecPro\\FrontEndSec\\vendor\\laravel\\framework\\src\\Illuminate\\Pipeline\\Pipeline.php(219): Illuminate\\Cookie\\Middleware\\EncryptCookies->handle(Object(Illuminate\\Http\\Request), Object(Closure))
#24 C:\\xampp\\htdocs\\secprog\\SecPro\\FrontEndSec\\vendor\\laravel\\framework\\src\\Illuminate\\Pipeline\\Pipeline.php(137): Illuminate\\Pipeline\\Pipeline->Illuminate\\Pipeline\\{closure}(Object(Illuminate\\Http\\Request))
#25 C:\\xampp\\htdocs\\secprog\\SecPro\\FrontEndSec\\vendor\\laravel\\framework\\src\\Illuminate\\Routing\\Router.php(821): Illuminate\\Pipeline\\Pipeline->then(Object(Closure))
#26 C:\\xampp\\htdocs\\secprog\\SecPro\\FrontEndSec\\vendor\\laravel\\framework\\src\\Illuminate\\Routing\\Router.php(800): Illuminate\\Routing\\Router->runRouteWithinStack(Object(Illuminate\\Routing\\Route), Object(Illuminate\\Http\\Request))
#27 C:\\xampp\\htdocs\\secprog\\SecPro\\FrontEndSec\\vendor\\laravel\\framework\\src\\Illuminate\\Routing\\Router.php(764): Illuminate\\Routing\\Router->runRoute(Object(Illuminate\\Http\\Request), Object(Illuminate\\Routing\\Route))
#28 C:\\xampp\\htdocs\\secprog\\SecPro\\FrontEndSec\\vendor\\laravel\\framework\\src\\Illuminate\\Routing\\Router.php(753): Illuminate\\Routing\\Router->dispatchToRoute(Object(Illuminate\\Http\\Request))
#29 C:\\xampp\\htdocs\\secprog\\SecPro\\FrontEndSec\\vendor\\laravel\\framework\\src\\Illuminate\\Foundation\\Http\\Kernel.php(200): Illuminate\\Routing\\Router->dispatch(Object(Illuminate\\Http\\Request))
#30 C:\\xampp\\htdocs\\secprog\\SecPro\\FrontEndSec\\vendor\\laravel\\framework\\src\\Illuminate\\Pipeline\\Pipeline.php(180): Illuminate\\Foundation\\Http\\Kernel->Illuminate\\Foundation\\Http\\{closure}(Object(Illuminate\\Http\\Request))
#31 C:\\xampp\\htdocs\\secprog\\SecPro\\FrontEndSec\\vendor\\laravel\\framework\\src\\Illuminate\\Foundation\\Http\\Middleware\\TransformsRequest.php(21): Illuminate\\Pipeline\\Pipeline->Illuminate\\Pipeline\\{closure}(Object(Illuminate\\Http\\Request))
#32 C:\\xampp\\htdocs\\secprog\\SecPro\\FrontEndSec\\vendor\\laravel\\framework\\src\\Illuminate\\Foundation\\Http\\Middleware\\ConvertEmptyStringsToNull.php(31): Illuminate\\Foundation\\Http\\Middleware\\TransformsRequest->handle(Object(Illuminate\\Http\\Request), Object(Closure))
#33 C:\\xampp\\htdocs\\secprog\\SecPro\\FrontEndSec\\vendor\\laravel\\framework\\src\\Illuminate\\Pipeline\\Pipeline.php(219): Illuminate\\Foundation\\Http\\Middleware\\ConvertEmptyStringsToNull->handle(Object(Illuminate\\Http\\Request), Object(Closure))
#34 C:\\xampp\\htdocs\\secprog\\SecPro\\FrontEndSec\\vendor\\laravel\\framework\\src\\Illuminate\\Foundation\\Http\\Middleware\\TransformsRequest.php(21): Illuminate\\Pipeline\\Pipeline->Illuminate\\Pipeline\\{closure}(Object(Illuminate\\Http\\Request))
#35 C:\\xampp\\htdocs\\secprog\\SecPro\\FrontEndSec\\vendor\\laravel\\framework\\src\\Illuminate\\Foundation\\Http\\Middleware\\TrimStrings.php(51): Illuminate\\Foundation\\Http\\Middleware\\TransformsRequest->handle(Object(Illuminate\\Http\\Request), Object(Closure))
#36 C:\\xampp\\htdocs\\secprog\\SecPro\\FrontEndSec\\vendor\\laravel\\framework\\src\\Illuminate\\Pipeline\\Pipeline.php(219): Illuminate\\Foundation\\Http\\Middleware\\TrimStrings->handle(Object(Illuminate\\Http\\Request), Object(Closure))
#37 C:\\xampp\\htdocs\\secprog\\SecPro\\FrontEndSec\\vendor\\laravel\\framework\\src\\Illuminate\\Http\\Middleware\\ValidatePostSize.php(27): Illuminate\\Pipeline\\Pipeline->Illuminate\\Pipeline\\{closure}(Object(Illuminate\\Http\\Request))
#38 C:\\xampp\\htdocs\\secprog\\SecPro\\FrontEndSec\\vendor\\laravel\\framework\\src\\Illuminate\\Pipeline\\Pipeline.php(219): Illuminate\\Http\\Middleware\\ValidatePostSize->handle(Object(Illuminate\\Http\\Request), Object(Closure))
#39 C:\\xampp\\htdocs\\secprog\\SecPro\\FrontEndSec\\vendor\\laravel\\framework\\src\\Illuminate\\Foundation\\Http\\Middleware\\PreventRequestsDuringMaintenance.php(109): Illuminate\\Pipeline\\Pipeline->Illuminate\\Pipeline\\{closure}(Object(Illuminate\\Http\\Request))
#40 C:\\xampp\\htdocs\\secprog\\SecPro\\FrontEndSec\\vendor\\laravel\\framework\\src\\Illuminate\\Pipeline\\Pipeline.php(219): Illuminate\\Foundation\\Http\\Middleware\\PreventRequestsDuringMaintenance->handle(Object(Illuminate\\Http\\Request), Object(Closure))
#41 C:\\xampp\\htdocs\\secprog\\SecPro\\FrontEndSec\\vendor\\laravel\\framework\\src\\Illuminate\\Http\\Middleware\\HandleCors.php(48): Illuminate\\Pipeline\\Pipeline->Illuminate\\Pipeline\\{closure}(Object(Illuminate\\Http\\Request))
#42 C:\\xampp\\htdocs\\secprog\\SecPro\\FrontEndSec\\vendor\\laravel\\framework\\src\\Illuminate\\Pipeline\\Pipeline.php(219): Illuminate\\Http\\Middleware\\HandleCors->handle(Object(Illuminate\\Http\\Request), Object(Closure))
#43 C:\\xampp\\htdocs\\secprog\\SecPro\\FrontEndSec\\vendor\\laravel\\framework\\src\\Illuminate\\Http\\Middleware\\TrustProxies.php(58): Illuminate\\Pipeline\\Pipeline->Illuminate\\Pipeline\\{closure}(Object(Illuminate\\Http\\Request))
#44 C:\\xampp\\htdocs\\secprog\\SecPro\\FrontEndSec\\vendor\\laravel\\framework\\src\\Illuminate\\Pipeline\\Pipeline.php(219): Illuminate\\Http\\Middleware\\TrustProxies->handle(Object(Illuminate\\Http\\Request), Object(Closure))
#45 C:\\xampp\\htdocs\\secprog\\SecPro\\FrontEndSec\\vendor\\laravel\\framework\\src\\Illuminate\\Foundation\\Http\\Middleware\\InvokeDeferredCallbacks.php(22): Illuminate\\Pipeline\\Pipeline->Illuminate\\Pipeline\\{closure}(Object(Illuminate\\Http\\Request))
#46 C:\\xampp\\htdocs\\secprog\\SecPro\\FrontEndSec\\vendor\\laravel\\framework\\src\\Illuminate\\Pipeline\\Pipeline.php(219): Illuminate\\Foundation\\Http\\Middleware\\InvokeDeferredCallbacks->handle(Object(Illuminate\\Http\\Request), Object(Closure))
#47 C:\\xampp\\htdocs\\secprog\\SecPro\\FrontEndSec\\vendor\\laravel\\framework\\src\\Illuminate\\Http\\Middleware\\ValidatePathEncoding.php(26): Illuminate\\Pipeline\\Pipeline->Illuminate\\Pipeline\\{closure}(Object(Illuminate\\Http\\Request))
#48 C:\\xampp\\htdocs\\secprog\\SecPro\\FrontEndSec\\vendor\\laravel\\framework\\src\\Illuminate\\Pipeline\\Pipeline.php(219): Illuminate\\Http\\Middleware\\ValidatePathEncoding->handle(Object(Illuminate\\Http\\Request), Object(Closure))
#49 C:\\xampp\\htdocs\\secprog\\SecPro\\FrontEndSec\\vendor\\laravel\\framework\\src\\Illuminate\\Pipeline\\Pipeline.php(137): Illuminate\\Pipeline\\Pipeline->Illuminate\\Pipeline\\{closure}(Object(Illuminate\\Http\\Request))
#50 C:\\xampp\\htdocs\\secprog\\SecPro\\FrontEndSec\\vendor\\laravel\\framework\\src\\Illuminate\\Foundation\\Http\\Kernel.php(175): Illuminate\\Pipeline\\Pipeline->then(Object(Closure))
#51 C:\\xampp\\htdocs\\secprog\\SecPro\\FrontEndSec\\vendor\\laravel\\framework\\src\\Illuminate\\Foundation\\Http\\Kernel.php(144): Illuminate\\Foundation\\Http\\Kernel->sendRequestThroughRouter(Object(Illuminate\\Http\\Request))
#52 C:\\xampp\\htdocs\\secprog\\SecPro\\FrontEndSec\\vendor\\laravel\\framework\\src\\Illuminate\\Foundation\\Application.php(1220): Illuminate\\Foundation\\Http\\Kernel->handle(Object(Illuminate\\Http\\Request))
#53 C:\\xampp\\htdocs\\secprog\\SecPro\\FrontEndSec\\public\\index.php(20): Illuminate\\Foundation\\Application->handleRequest(Object(Illuminate\\Http\\Request))
#54 C:\\xampp\\htdocs\\secprog\\SecPro\\FrontEndSec\\vendor\\laravel\\framework\\src\\Illuminate\\Foundation\\resources\\server.php(23): require_once('C:\\\\xampp\\\\htdocs...')
#55 {main}

[previous exception] [object] (ErrorException(code: 0): Undefined variable $weeklyRecipes at C:\\xampp\\htdocs\\secprog\\SecPro\\FrontEndSec\\storage\\framework\\views\\1f1e764261ce25fd6ab9770d03d6856e.php:142)
[stacktrace]
#0 C:\\xampp\\htdocs\\secprog\\SecPro\\FrontEndSec\\vendor\\laravel\\framework\\src\\Illuminate\\Foundation\\Bootstrap\\HandleExceptions.php(258): Illuminate\\Foundation\\Bootstrap\\HandleExceptions->handleError(2, 'Undefined varia...', 'C:\\\\xampp\\\\htdocs...', 142)
#1 C:\\xampp\\htdocs\\secprog\\SecPro\\FrontEndSec\\storage\\framework\\views\\1f1e764261ce25fd6ab9770d03d6856e.php(142): Illuminate\\Foundation\\Bootstrap\\HandleExceptions->Illuminate\\Foundation\\Bootstrap\\{closure}(2, 'Undefined varia...', 'C:\\\\xampp\\\\htdocs...', 142)
#2 C:\\xampp\\htdocs\\secprog\\SecPro\\FrontEndSec\\vendor\\laravel\\framework\\src\\Illuminate\\Filesystem\\Filesystem.php(123): require('C:\\\\xampp\\\\htdocs...')
#3 C:\\xampp\\htdocs\\secprog\\SecPro\\FrontEndSec\\vendor\\laravel\\framework\\src\\Illuminate\\Filesystem\\Filesystem.php(124): Illuminate\\Filesystem\\Filesystem::Illuminate\\Filesystem\\{closure}()
#4 C:\\xampp\\htdocs\\secprog\\SecPro\\FrontEndSec\\vendor\\laravel\\framework\\src\\Illuminate\\View\\Engines\\PhpEngine.php(57): Illuminate\\Filesystem\\Filesystem->getRequire('C:\\\\xampp\\\\htdocs...', Array)
#5 C:\\xampp\\htdocs\\secprog\\SecPro\\FrontEndSec\\vendor\\laravel\\framework\\src\\Illuminate\\View\\Engines\\CompilerEngine.php(76): Illuminate\\View\\Engines\\PhpEngine->evaluatePath('C:\\\\xampp\\\\htdocs...', Array)
#6 C:\\xampp\\htdocs\\secprog\\SecPro\\FrontEndSec\\vendor\\laravel\\framework\\src\\Illuminate\\View\\View.php(208): Illuminate\\View\\Engines\\CompilerEngine->get('C:\\\\xampp\\\\htdocs...', Array)
#7 C:\\xampp\\htdocs\\secprog\\SecPro\\FrontEndSec\\vendor\\laravel\\framework\\src\\Illuminate\\View\\View.php(191): Illuminate\\View\\View->getContents()
#8 C:\\xampp\\htdocs\\secprog\\SecPro\\FrontEndSec\\vendor\\laravel\\framework\\src\\Illuminate\\View\\View.php(160): Illuminate\\View\\View->renderContents()
#9 C:\\xampp\\htdocs\\secprog\\SecPro\\FrontEndSec\\vendor\\laravel\\framework\\src\\Illuminate\\Http\\Response.php(78): Illuminate\\View\\View->render()
#10 C:\\xampp\\htdocs\\secprog\\SecPro\\FrontEndSec\\vendor\\laravel\\framework\\src\\Illuminate\\Http\\Response.php(34): Illuminate\\Http\\Response->setContent(Object(Illuminate\\View\\View))
#11 C:\\xampp\\htdocs\\secprog\\SecPro\\FrontEndSec\\vendor\\laravel\\framework\\src\\Illuminate\\Routing\\Router.php(939): Illuminate\\Http\\Response->__construct(Object(Illuminate\\View\\View), 200, Array)
#12 C:\\xampp\\htdocs\\secprog\\SecPro\\FrontEndSec\\vendor\\laravel\\framework\\src\\Illuminate\\Routing\\Router.php(906): Illuminate\\Routing\\Router::toResponse(Object(Illuminate\\Http\\Request), Object(Illuminate\\View\\View))
#13 C:\\xampp\\htdocs\\secprog\\SecPro\\FrontEndSec\\vendor\\laravel\\framework\\src\\Illuminate\\Routing\\Router.php(821): Illuminate\\Routing\\Router->prepareResponse(Object(Illuminate\\Http\\Request), Object(Illuminate\\View\\View))
#14 C:\\xampp\\htdocs\\secprog\\SecPro\\FrontEndSec\\vendor\\laravel\\framework\\src\\Illuminate\\Pipeline\\Pipeline.php(180): Illuminate\\Routing\\Router->Illuminate\\Routing\\{closure}(Object(Illuminate\\Http\\Request))
#15 C:\\xampp\\htdocs\\secprog\\SecPro\\FrontEndSec\\vendor\\laravel\\framework\\src\\Illuminate\\Routing\\Middleware\\SubstituteBindings.php(50): Illuminate\\Pipeline\\Pipeline->Illuminate\\Pipeline\\{closure}(Object(Illuminate\\Http\\Request))
#16 C:\\xampp\\htdocs\\secprog\\SecPro\\FrontEndSec\\vendor\\laravel\\framework\\src\\Illuminate\\Pipeline\\Pipeline.php(219): Illuminate\\Routing\\Middleware\\SubstituteBindings->handle(Object(Illuminate\\Http\\Request), Object(Closure))
#17 C:\\xampp\\htdocs\\secprog\\SecPro\\FrontEndSec\\vendor\\laravel\\framework\\src\\Illuminate\\Foundation\\Http\\Middleware\\VerifyCsrfToken.php(87): Illuminate\\Pipeline\\Pipeline->Illuminate\\Pipeline\\{closure}(Object(Illuminate\\Http\\Request))
#18 C:\\xampp\\htdocs\\secprog\\SecPro\\FrontEndSec\\vendor\\laravel\\framework\\src\\Illuminate\\Pipeline\\Pipeline.php(219): Illuminate\\Foundation\\Http\\Middleware\\VerifyCsrfToken->handle(Object(Illuminate\\Http\\Request), Object(Closure))
#19 C:\\xampp\\htdocs\\secprog\\SecPro\\FrontEndSec\\vendor\\laravel\\framework\\src\\Illuminate\\View\\Middleware\\ShareErrorsFromSession.php(48): Illuminate\\Pipeline\\Pipeline->Illuminate\\Pipeline\\{closure}(Object(Illuminate\\Http\\Request))
#20 C:\\xampp\\htdocs\\secprog\\SecPro\\FrontEndSec\\vendor\\laravel\\framework\\src\\Illuminate\\Pipeline\\Pipeline.php(219): Illuminate\\View\\Middleware\\ShareErrorsFromSession->handle(Object(Illuminate\\Http\\Request), Object(Closure))
#21 C:\\xampp\\htdocs\\secprog\\SecPro\\FrontEndSec\\vendor\\laravel\\framework\\src\\Illuminate\\Session\\Middleware\\StartSession.php(120): Illuminate\\Pipeline\\Pipeline->Illuminate\\Pipeline\\{closure}(Object(Illuminate\\Http\\Request))
#22 C:\\xampp\\htdocs\\secprog\\SecPro\\FrontEndSec\\vendor\\laravel\\framework\\src\\Illuminate\\Session\\Middleware\\StartSession.php(63): Illuminate\\Session\\Middleware\\StartSession->handleStatefulRequest(Object(Illuminate\\Http\\Request), Object(Illuminate\\Session\\Store), Object(Closure))
#23 C:\\xampp\\htdocs\\secprog\\SecPro\\FrontEndSec\\vendor\\laravel\\framework\\src\\Illuminate\\Pipeline\\Pipeline.php(219): Illuminate\\Session\\Middleware\\StartSession->handle(Object(Illuminate\\Http\\Request), Object(Closure))
#24 C:\\xampp\\htdocs\\secprog\\SecPro\\FrontEndSec\\vendor\\laravel\\framework\\src\\Illuminate\\Cookie\\Middleware\\AddQueuedCookiesToResponse.php(36): Illuminate\\Pipeline\\Pipeline->Illuminate\\Pipeline\\{closure}(Object(Illuminate\\Http\\Request))
#25 C:\\xampp\\htdocs\\secprog\\SecPro\\FrontEndSec\\vendor\\laravel\\framework\\src\\Illuminate\\Pipeline\\Pipeline.php(219): Illuminate\\Cookie\\Middleware\\AddQueuedCookiesToResponse->handle(Object(Illuminate\\Http\\Request), Object(Closure))
#26 C:\\xampp\\htdocs\\secprog\\SecPro\\FrontEndSec\\vendor\\laravel\\framework\\src\\Illuminate\\Cookie\\Middleware\\EncryptCookies.php(74): Illuminate\\Pipeline\\Pipeline->Illuminate\\Pipeline\\{closure}(Object(Illuminate\\Http\\Request))
#27 C:\\xampp\\htdocs\\secprog\\SecPro\\FrontEndSec\\vendor\\laravel\\framework\\src\\Illuminate\\Pipeline\\Pipeline.php(219): Illuminate\\Cookie\\Middleware\\EncryptCookies->handle(Object(Illuminate\\Http\\Request), Object(Closure))
#28 C:\\xampp\\htdocs\\secprog\\SecPro\\FrontEndSec\\vendor\\laravel\\framework\\src\\Illuminate\\Pipeline\\Pipeline.php(137): Illuminate\\Pipeline\\Pipeline->Illuminate\\Pipeline\\{closure}(Object(Illuminate\\Http\\Request))
#29 C:\\xampp\\htdocs\\secprog\\SecPro\\FrontEndSec\\vendor\\laravel\\framework\\src\\Illuminate\\Routing\\Router.php(821): Illuminate\\Pipeline\\Pipeline->then(Object(Closure))
#30 C:\\xampp\\htdocs\\secprog\\SecPro\\FrontEndSec\\vendor\\laravel\\framework\\src\\Illuminate\\Routing\\Router.php(800): Illuminate\\Routing\\Router->runRouteWithinStack(Object(Illuminate\\Routing\\Route), Object(Illuminate\\Http\\Request))
#31 C:\\xampp\\htdocs\\secprog\\SecPro\\FrontEndSec\\vendor\\laravel\\framework\\src\\Illuminate\\Routing\\Router.php(764): Illuminate\\Routing\\Router->runRoute(Object(Illuminate\\Http\\Request), Object(Illuminate\\Routing\\Route))
#32 C:\\xampp\\htdocs\\secprog\\SecPro\\FrontEndSec\\vendor\\laravel\\framework\\src\\Illuminate\\Routing\\Router.php(753): Illuminate\\Routing\\Router->dispatchToRoute(Object(Illuminate\\Http\\Request))
#33 C:\\xampp\\htdocs\\secprog\\SecPro\\FrontEndSec\\vendor\\laravel\\framework\\src\\Illuminate\\Foundation\\Http\\Kernel.php(200): Illuminate\\Routing\\Router->dispatch(Object(Illuminate\\Http\\Request))
#34 C:\\xampp\\htdocs\\secprog\\SecPro\\FrontEndSec\\vendor\\laravel\\framework\\src\\Illuminate\\Pipeline\\Pipeline.php(180): Illuminate\\Foundation\\Http\\Kernel->Illuminate\\Foundation\\Http\\{closure}(Object(Illuminate\\Http\\Request))
#35 C:\\xampp\\htdocs\\secprog\\SecPro\\FrontEndSec\\vendor\\laravel\\framework\\src\\Illuminate\\Foundation\\Http\\Middleware\\TransformsRequest.php(21): Illuminate\\Pipeline\\Pipeline->Illuminate\\Pipeline\\{closure}(Object(Illuminate\\Http\\Request))
#36 C:\\xampp\\htdocs\\secprog\\SecPro\\FrontEndSec\\vendor\\laravel\\framework\\src\\Illuminate\\Foundation\\Http\\Middleware\\ConvertEmptyStringsToNull.php(31): Illuminate\\Foundation\\Http\\Middleware\\TransformsRequest->handle(Object(Illuminate\\Http\\Request), Object(Closure))
#37 C:\\xampp\\htdocs\\secprog\\SecPro\\FrontEndSec\\vendor\\laravel\\framework\\src\\Illuminate\\Pipeline\\Pipeline.php(219): Illuminate\\Foundation\\Http\\Middleware\\ConvertEmptyStringsToNull->handle(Object(Illuminate\\Http\\Request), Object(Closure))
#38 C:\\xampp\\htdocs\\secprog\\SecPro\\FrontEndSec\\vendor\\laravel\\framework\\src\\Illuminate\\Foundation\\Http\\Middleware\\TransformsRequest.php(21): Illuminate\\Pipeline\\Pipeline->Illuminate\\Pipeline\\{closure}(Object(Illuminate\\Http\\Request))
#39 C:\\xampp\\htdocs\\secprog\\SecPro\\FrontEndSec\\vendor\\laravel\\framework\\src\\Illuminate\\Foundation\\Http\\Middleware\\TrimStrings.php(51): Illuminate\\Foundation\\Http\\Middleware\\TransformsRequest->handle(Object(Illuminate\\Http\\Request), Object(Closure))
#40 C:\\xampp\\htdocs\\secprog\\SecPro\\FrontEndSec\\vendor\\laravel\\framework\\src\\Illuminate\\Pipeline\\Pipeline.php(219): Illuminate\\Foundation\\Http\\Middleware\\TrimStrings->handle(Object(Illuminate\\Http\\Request), Object(Closure))
#41 C:\\xampp\\htdocs\\secprog\\SecPro\\FrontEndSec\\vendor\\laravel\\framework\\src\\Illuminate\\Http\\Middleware\\ValidatePostSize.php(27): Illuminate\\Pipeline\\Pipeline->Illuminate\\Pipeline\\{closure}(Object(Illuminate\\Http\\Request))
#42 C:\\xampp\\htdocs\\secprog\\SecPro\\FrontEndSec\\vendor\\laravel\\framework\\src\\Illuminate\\Pipeline\\Pipeline.php(219): Illuminate\\Http\\Middleware\\ValidatePostSize->handle(Object(Illuminate\\Http\\Request), Object(Closure))
#43 C:\\xampp\\htdocs\\secprog\\SecPro\\FrontEndSec\\vendor\\laravel\\framework\\src\\Illuminate\\Foundation\\Http\\Middleware\\PreventRequestsDuringMaintenance.php(109): Illuminate\\Pipeline\\Pipeline->Illuminate\\Pipeline\\{closure}(Object(Illuminate\\Http\\Request))
#44 C:\\xampp\\htdocs\\secprog\\SecPro\\FrontEndSec\\vendor\\laravel\\framework\\src\\Illuminate\\Pipeline\\Pipeline.php(219): Illuminate\\Foundation\\Http\\Middleware\\PreventRequestsDuringMaintenance->handle(Object(Illuminate\\Http\\Request), Object(Closure))
#45 C:\\xampp\\htdocs\\secprog\\SecPro\\FrontEndSec\\vendor\\laravel\\framework\\src\\Illuminate\\Http\\Middleware\\HandleCors.php(48): Illuminate\\Pipeline\\Pipeline->Illuminate\\Pipeline\\{closure}(Object(Illuminate\\Http\\Request))
#46 C:\\xampp\\htdocs\\secprog\\SecPro\\FrontEndSec\\vendor\\laravel\\framework\\src\\Illuminate\\Pipeline\\Pipeline.php(219): Illuminate\\Http\\Middleware\\HandleCors->handle(Object(Illuminate\\Http\\Request), Object(Closure))
#47 C:\\xampp\\htdocs\\secprog\\SecPro\\FrontEndSec\\vendor\\laravel\\framework\\src\\Illuminate\\Http\\Middleware\\TrustProxies.php(58): Illuminate\\Pipeline\\Pipeline->Illuminate\\Pipeline\\{closure}(Object(Illuminate\\Http\\Request))
#48 C:\\xampp\\htdocs\\secprog\\SecPro\\FrontEndSec\\vendor\\laravel\\framework\\src\\Illuminate\\Pipeline\\Pipeline.php(219): Illuminate\\Http\\Middleware\\TrustProxies->handle(Object(Illuminate\\Http\\Request), Object(Closure))
#49 C:\\xampp\\htdocs\\secprog\\SecPro\\FrontEndSec\\vendor\\laravel\\framework\\src\\Illuminate\\Foundation\\Http\\Middleware\\InvokeDeferredCallbacks.php(22): Illuminate\\Pipeline\\Pipeline->Illuminate\\Pipeline\\{closure}(Object(Illuminate\\Http\\Request))
#50 C:\\xampp\\htdocs\\secprog\\SecPro\\FrontEndSec\\vendor\\laravel\\framework\\src\\Illuminate\\Pipeline\\Pipeline.php(219): Illuminate\\Foundation\\Http\\Middleware\\InvokeDeferredCallbacks->handle(Object(Illuminate\\Http\\Request), Object(Closure))
#51 C:\\xampp\\htdocs\\secprog\\SecPro\\FrontEndSec\\vendor\\laravel\\framework\\src\\Illuminate\\Http\\Middleware\\ValidatePathEncoding.php(26): Illuminate\\Pipeline\\Pipeline->Illuminate\\Pipeline\\{closure}(Object(Illuminate\\Http\\Request))
#52 C:\\xampp\\htdocs\\secprog\\SecPro\\FrontEndSec\\vendor\\laravel\\framework\\src\\Illuminate\\Pipeline\\Pipeline.php(219): Illuminate\\Http\\Middleware\\ValidatePathEncoding->handle(Object(Illuminate\\Http\\Request), Object(Closure))
#53 C:\\xampp\\htdocs\\secprog\\SecPro\\FrontEndSec\\vendor\\laravel\\framework\\src\\Illuminate\\Pipeline\\Pipeline.php(137): Illuminate\\Pipeline\\Pipeline->Illuminate\\Pipeline\\{closure}(Object(Illuminate\\Http\\Request))
#54 C:\\xampp\\htdocs\\secprog\\SecPro\\FrontEndSec\\vendor\\laravel\\framework\\src\\Illuminate\\Foundation\\Http\\Kernel.php(175): Illuminate\\Pipeline\\Pipeline->then(Object(Closure))
#55 C:\\xampp\\htdocs\\secprog\\SecPro\\FrontEndSec\\vendor\\laravel\\framework\\src\\Illuminate\\Foundation\\Http\\Kernel.php(144): Illuminate\\Foundation\\Http\\Kernel->sendRequestThroughRouter(Object(Illuminate\\Http\\Request))
#56 C:\\xampp\\htdocs\\secprog\\SecPro\\FrontEndSec\\vendor\\laravel\\framework\\src\\Illuminate\\Foundation\\Application.php(1220): Illuminate\\Foundation\\Http\\Kernel->handle(Object(Illuminate\\Http\\Request))
#57 C:\\xampp\\htdocs\\secprog\\SecPro\\FrontEndSec\\public\\index.php(20): Illuminate\\Foundation\\Application->handleRequest(Object(Illuminate\\Http\\Request))
#58 C:\\xampp\\htdocs\\secprog\\SecPro\\FrontEndSec\\vendor\\laravel\\framework\\src\\Illuminate\\Foundation\\resources\\server.php(23): require_once('C:\\\\xampp\\\\htdocs...')
#59 {main}
"} 
[2025-11-18 15:55:42] local.ERROR: Undefined variable $weeklyRecipes (View: C:\xampp\htdocs\secprog\SecPro\FrontEndSec\resources\views\mainPage.blade.php) {"exception":"[object] (Illuminate\\View\\ViewException(code: 0): Undefined variable $weeklyRecipes (View: C:\\xampp\\htdocs\\secprog\\SecPro\\FrontEndSec\\resources\\views\\mainPage.blade.php) at C:\\xampp\\htdocs\\secprog\\SecPro\\FrontEndSec\\storage\\framework\\views\\1f1e764261ce25fd6ab9770d03d6856e.php:142)
[stacktrace]
#0 C:\\xampp\\htdocs\\secprog\\SecPro\\FrontEndSec\\vendor\\laravel\\framework\\src\\Illuminate\\View\\Engines\\PhpEngine.php(59): Illuminate\\View\\Engines\\CompilerEngine->handleViewException(Object(ErrorException), 1)
#1 C:\\xampp\\htdocs\\secprog\\SecPro\\FrontEndSec\\vendor\\laravel\\framework\\src\\Illuminate\\View\\Engines\\CompilerEngine.php(76): Illuminate\\View\\Engines\\PhpEngine->evaluatePath('C:\\\\xampp\\\\htdocs...', Array)
#2 C:\\xampp\\htdocs\\secprog\\SecPro\\FrontEndSec\\vendor\\laravel\\framework\\src\\Illuminate\\View\\View.php(208): Illuminate\\View\\Engines\\CompilerEngine->get('C:\\\\xampp\\\\htdocs...', Array)
#3 C:\\xampp\\htdocs\\secprog\\SecPro\\FrontEndSec\\vendor\\laravel\\framework\\src\\Illuminate\\View\\View.php(191): Illuminate\\View\\View->getContents()
#4 C:\\xampp\\htdocs\\secprog\\SecPro\\FrontEndSec\\vendor\\laravel\\framework\\src\\Illuminate\\View\\View.php(160): Illuminate\\View\\View->renderContents()
#5 C:\\xampp\\htdocs\\secprog\\SecPro\\FrontEndSec\\vendor\\laravel\\framework\\src\\Illuminate\\Http\\Response.php(78): Illuminate\\View\\View->render()
#6 C:\\xampp\\htdocs\\secprog\\SecPro\\FrontEndSec\\vendor\\laravel\\framework\\src\\Illuminate\\Http\\Response.php(34): Illuminate\\Http\\Response->setContent(Object(Illuminate\\View\\View))
#7 C:\\xampp\\htdocs\\secprog\\SecPro\\FrontEndSec\\vendor\\laravel\\framework\\src\\Illuminate\\Routing\\Router.php(939): Illuminate\\Http\\Response->__construct(Object(Illuminate\\View\\View), 200, Array)
#8 C:\\xampp\\htdocs\\secprog\\SecPro\\FrontEndSec\\vendor\\laravel\\framework\\src\\Illuminate\\Routing\\Router.php(906): Illuminate\\Routing\\Router::toResponse(Object(Illuminate\\Http\\Request), Object(Illuminate\\View\\View))
#9 C:\\xampp\\htdocs\\secprog\\SecPro\\FrontEndSec\\vendor\\laravel\\framework\\src\\Illuminate\\Routing\\Router.php(821): Illuminate\\Routing\\Router->prepareResponse(Object(Illuminate\\Http\\Request), Object(Illuminate\\View\\View))
#10 C:\\xampp\\htdocs\\secprog\\SecPro\\FrontEndSec\\vendor\\laravel\\framework\\src\\Illuminate\\Pipeline\\Pipeline.php(180): Illuminate\\Routing\\Router->Illuminate\\Routing\\{closure}(Object(Illuminate\\Http\\Request))
#11 C:\\xampp\\htdocs\\secprog\\SecPro\\FrontEndSec\\vendor\\laravel\\framework\\src\\Illuminate\\Routing\\Middleware\\SubstituteBindings.php(50): Illuminate\\Pipeline\\Pipeline->Illuminate\\Pipeline\\{closure}(Object(Illuminate\\Http\\Request))
#12 C:\\xampp\\htdocs\\secprog\\SecPro\\FrontEndSec\\vendor\\laravel\\framework\\src\\Illuminate\\Pipeline\\Pipeline.php(219): Illuminate\\Routing\\Middleware\\SubstituteBindings->handle(Object(Illuminate\\Http\\Request), Object(Closure))
#13 C:\\xampp\\htdocs\\secprog\\SecPro\\FrontEndSec\\vendor\\laravel\\framework\\src\\Illuminate\\Foundation\\Http\\Middleware\\VerifyCsrfToken.php(87): Illuminate\\Pipeline\\Pipeline->Illuminate\\Pipeline\\{closure}(Object(Illuminate\\Http\\Request))
#14 C:\\xampp\\htdocs\\secprog\\SecPro\\FrontEndSec\\vendor\\laravel\\framework\\src\\Illuminate\\Pipeline\\Pipeline.php(219): Illuminate\\Foundation\\Http\\Middleware\\VerifyCsrfToken->handle(Object(Illuminate\\Http\\Request), Object(Closure))
#15 C:\\xampp\\htdocs\\secprog\\SecPro\\FrontEndSec\\vendor\\laravel\\framework\\src\\Illuminate\\View\\Middleware\\ShareErrorsFromSession.php(48): Illuminate\\Pipeline\\Pipeline->Illuminate\\Pipeline\\{closure}(Object(Illuminate\\Http\\Request))
#16 C:\\xampp\\htdocs\\secprog\\SecPro\\FrontEndSec\\vendor\\laravel\\framework\\src\\Illuminate\\Pipeline\\Pipeline.php(219): Illuminate\\View\\Middleware\\ShareErrorsFromSession->handle(Object(Illuminate\\Http\\Request), Object(Closure))
#17 C:\\xampp\\htdocs\\secprog\\SecPro\\FrontEndSec\\vendor\\laravel\\framework\\src\\Illuminate\\Session\\Middleware\\StartSession.php(120): Illuminate\\Pipeline\\Pipeline->Illuminate\\Pipeline\\{closure}(Object(Illuminate\\Http\\Request))
#18 C:\\xampp\\htdocs\\secprog\\SecPro\\FrontEndSec\\vendor\\laravel\\framework\\src\\Illuminate\\Session\\Middleware\\StartSession.php(63): Illuminate\\Session\\Middleware\\StartSession->handleStatefulRequest(Object(Illuminate\\Http\\Request), Object(Illuminate\\Session\\Store), Object(Closure))
#19 C:\\xampp\\htdocs\\secprog\\SecPro\\FrontEndSec\\vendor\\laravel\\framework\\src\\Illuminate\\Pipeline\\Pipeline.php(219): Illuminate\\Session\\Middleware\\StartSession->handle(Object(Illuminate\\Http\\Request), Object(Closure))
#20 C:\\xampp\\htdocs\\secprog\\SecPro\\FrontEndSec\\vendor\\laravel\\framework\\src\\Illuminate\\Cookie\\Middleware\\AddQueuedCookiesToResponse.php(36): Illuminate\\Pipeline\\Pipeline->Illuminate\\Pipeline\\{closure}(Object(Illuminate\\Http\\Request))
#21 C:\\xampp\\htdocs\\secprog\\SecPro\\FrontEndSec\\vendor\\laravel\\framework\\src\\Illuminate\\Pipeline\\Pipeline.php(219): Illuminate\\Cookie\\Middleware\\AddQueuedCookiesToResponse->handle(Object(Illuminate\\Http\\Request), Object(Closure))
#22 C:\\xampp\\htdocs\\secprog\\SecPro\\FrontEndSec\\vendor\\laravel\\framework\\src\\Illuminate\\Cookie\\Middleware\\EncryptCookies.php(74): Illuminate\\Pipeline\\Pipeline->Illuminate\\Pipeline\\{closure}(Object(Illuminate\\Http\\Request))
#23 C:\\xampp\\htdocs\\secprog\\SecPro\\FrontEndSec\\vendor\\laravel\\framework\\src\\Illuminate\\Pipeline\\Pipeline.php(219): Illuminate\\Cookie\\Middleware\\EncryptCookies->handle(Object(Illuminate\\Http\\Request), Object(Closure))
#24 C:\\xampp\\htdocs\\secprog\\SecPro\\FrontEndSec\\vendor\\laravel\\framework\\src\\Illuminate\\Pipeline\\Pipeline.php(137): Illuminate\\Pipeline\\Pipeline->Illuminate\\Pipeline\\{closure}(Object(Illuminate\\Http\\Request))
#25 C:\\xampp\\htdocs\\secprog\\SecPro\\FrontEndSec\\vendor\\laravel\\framework\\src\\Illuminate\\Routing\\Router.php(821): Illuminate\\Pipeline\\Pipeline->then(Object(Closure))
#26 C:\\xampp\\htdocs\\secprog\\SecPro\\FrontEndSec\\vendor\\laravel\\framework\\src\\Illuminate\\Routing\\Router.php(800): Illuminate\\Routing\\Router->runRouteWithinStack(Object(Illuminate\\Routing\\Route), Object(Illuminate\\Http\\Request))
#27 C:\\xampp\\htdocs\\secprog\\SecPro\\FrontEndSec\\vendor\\laravel\\framework\\src\\Illuminate\\Routing\\Router.php(764): Illuminate\\Routing\\Router->runRoute(Object(Illuminate\\Http\\Request), Object(Illuminate\\Routing\\Route))
#28 C:\\xampp\\htdocs\\secprog\\SecPro\\FrontEndSec\\vendor\\laravel\\framework\\src\\Illuminate\\Routing\\Router.php(753): Illuminate\\Routing\\Router->dispatchToRoute(Object(Illuminate\\Http\\Request))
#29 C:\\xampp\\htdocs\\secprog\\SecPro\\FrontEndSec\\vendor\\laravel\\framework\\src\\Illuminate\\Foundation\\Http\\Kernel.php(200): Illuminate\\Routing\\Router->dispatch(Object(Illuminate\\Http\\Request))
#30 C:\\xampp\\htdocs\\secprog\\SecPro\\FrontEndSec\\vendor\\laravel\\framework\\src\\Illuminate\\Pipeline\\Pipeline.php(180): Illuminate\\Foundation\\Http\\Kernel->Illuminate\\Foundation\\Http\\{closure}(Object(Illuminate\\Http\\Request))
#31 C:\\xampp\\htdocs\\secprog\\SecPro\\FrontEndSec\\vendor\\laravel\\framework\\src\\Illuminate\\Foundation\\Http\\Middleware\\TransformsRequest.php(21): Illuminate\\Pipeline\\Pipeline->Illuminate\\Pipeline\\{closure}(Object(Illuminate\\Http\\Request))
#32 C:\\xampp\\htdocs\\secprog\\SecPro\\FrontEndSec\\vendor\\laravel\\framework\\src\\Illuminate\\Foundation\\Http\\Middleware\\ConvertEmptyStringsToNull.php(31): Illuminate\\Foundation\\Http\\Middleware\\TransformsRequest->handle(Object(Illuminate\\Http\\Request), Object(Closure))
#33 C:\\xampp\\htdocs\\secprog\\SecPro\\FrontEndSec\\vendor\\laravel\\framework\\src\\Illuminate\\Pipeline\\Pipeline.php(219): Illuminate\\Foundation\\Http\\Middleware\\ConvertEmptyStringsToNull->handle(Object(Illuminate\\Http\\Request), Object(Closure))
#34 C:\\xampp\\htdocs\\secprog\\SecPro\\FrontEndSec\\vendor\\laravel\\framework\\src\\Illuminate\\Foundation\\Http\\Middleware\\TransformsRequest.php(21): Illuminate\\Pipeline\\Pipeline->Illuminate\\Pipeline\\{closure}(Object(Illuminate\\Http\\Request))
#35 C:\\xampp\\htdocs\\secprog\\SecPro\\FrontEndSec\\vendor\\laravel\\framework\\src\\Illuminate\\Foundation\\Http\\Middleware\\TrimStrings.php(51): Illuminate\\Foundation\\Http\\Middleware\\TransformsRequest->handle(Object(Illuminate\\Http\\Request), Object(Closure))
#36 C:\\xampp\\htdocs\\secprog\\SecPro\\FrontEndSec\\vendor\\laravel\\framework\\src\\Illuminate\\Pipeline\\Pipeline.php(219): Illuminate\\Foundation\\Http\\Middleware\\TrimStrings->handle(Object(Illuminate\\Http\\Request), Object(Closure))
#37 C:\\xampp\\htdocs\\secprog\\SecPro\\FrontEndSec\\vendor\\laravel\\framework\\src\\Illuminate\\Http\\Middleware\\ValidatePostSize.php(27): Illuminate\\Pipeline\\Pipeline->Illuminate\\Pipeline\\{closure}(Object(Illuminate\\Http\\Request))
#38 C:\\xampp\\htdocs\\secprog\\SecPro\\FrontEndSec\\vendor\\laravel\\framework\\src\\Illuminate\\Pipeline\\Pipeline.php(219): Illuminate\\Http\\Middleware\\ValidatePostSize->handle(Object(Illuminate\\Http\\Request), Object(Closure))
#39 C:\\xampp\\htdocs\\secprog\\SecPro\\FrontEndSec\\vendor\\laravel\\framework\\src\\Illuminate\\Foundation\\Http\\Middleware\\PreventRequestsDuringMaintenance.php(109): Illuminate\\Pipeline\\Pipeline->Illuminate\\Pipeline\\{closure}(Object(Illuminate\\Http\\Request))
#40 C:\\xampp\\htdocs\\secprog\\SecPro\\FrontEndSec\\vendor\\laravel\\framework\\src\\Illuminate\\Pipeline\\Pipeline.php(219): Illuminate\\Foundation\\Http\\Middleware\\PreventRequestsDuringMaintenance->handle(Object(Illuminate\\Http\\Request), Object(Closure))
#41 C:\\xampp\\htdocs\\secprog\\SecPro\\FrontEndSec\\vendor\\laravel\\framework\\src\\Illuminate\\Http\\Middleware\\HandleCors.php(48): Illuminate\\Pipeline\\Pipeline->Illuminate\\Pipeline\\{closure}(Object(Illuminate\\Http\\Request))
#42 C:\\xampp\\htdocs\\secprog\\SecPro\\FrontEndSec\\vendor\\laravel\\framework\\src\\Illuminate\\Pipeline\\Pipeline.php(219): Illuminate\\Http\\Middleware\\HandleCors->handle(Object(Illuminate\\Http\\Request), Object(Closure))
#43 C:\\xampp\\htdocs\\secprog\\SecPro\\FrontEndSec\\vendor\\laravel\\framework\\src\\Illuminate\\Http\\Middleware\\TrustProxies.php(58): Illuminate\\Pipeline\\Pipeline->Illuminate\\Pipeline\\{closure}(Object(Illuminate\\Http\\Request))
#44 C:\\xampp\\htdocs\\secprog\\SecPro\\FrontEndSec\\vendor\\laravel\\framework\\src\\Illuminate\\Pipeline\\Pipeline.php(219): Illuminate\\Http\\Middleware\\TrustProxies->handle(Object(Illuminate\\Http\\Request), Object(Closure))
#45 C:\\xampp\\htdocs\\secprog\\SecPro\\FrontEndSec\\vendor\\laravel\\framework\\src\\Illuminate\\Foundation\\Http\\Middleware\\InvokeDeferredCallbacks.php(22): Illuminate\\Pipeline\\Pipeline->Illuminate\\Pipeline\\{closure}(Object(Illuminate\\Http\\Request))
#46 C:\\xampp\\htdocs\\secprog\\SecPro\\FrontEndSec\\vendor\\laravel\\framework\\src\\Illuminate\\Pipeline\\Pipeline.php(219): Illuminate\\Foundation\\Http\\Middleware\\InvokeDeferredCallbacks->handle(Object(Illuminate\\Http\\Request), Object(Closure))
#47 C:\\xampp\\htdocs\\secprog\\SecPro\\FrontEndSec\\vendor\\laravel\\framework\\src\\Illuminate\\Http\\Middleware\\ValidatePathEncoding.php(26): Illuminate\\Pipeline\\Pipeline->Illuminate\\Pipeline\\{closure}(Object(Illuminate\\Http\\Request))
#48 C:\\xampp\\htdocs\\secprog\\SecPro\\FrontEndSec\\vendor\\laravel\\framework\\src\\Illuminate\\Pipeline\\Pipeline.php(219): Illuminate\\Http\\Middleware\\ValidatePathEncoding->handle(Object(Illuminate\\Http\\Request), Object(Closure))
#49 C:\\xampp\\htdocs\\secprog\\SecPro\\FrontEndSec\\vendor\\laravel\\framework\\src\\Illuminate\\Pipeline\\Pipeline.php(137): Illuminate\\Pipeline\\Pipeline->Illuminate\\Pipeline\\{closure}(Object(Illuminate\\Http\\Request))
#50 C:\\xampp\\htdocs\\secprog\\SecPro\\FrontEndSec\\vendor\\laravel\\framework\\src\\Illuminate\\Foundation\\Http\\Kernel.php(175): Illuminate\\Pipeline\\Pipeline->then(Object(Closure))
#51 C:\\xampp\\htdocs\\secprog\\SecPro\\FrontEndSec\\vendor\\laravel\\framework\\src\\Illuminate\\Foundation\\Http\\Kernel.php(144): Illuminate\\Foundation\\Http\\Kernel->sendRequestThroughRouter(Object(Illuminate\\Http\\Request))
#52 C:\\xampp\\htdocs\\secprog\\SecPro\\FrontEndSec\\vendor\\laravel\\framework\\src\\Illuminate\\Foundation\\Application.php(1220): Illuminate\\Foundation\\Http\\Kernel->handle(Object(Illuminate\\Http\\Request))
#53 C:\\xampp\\htdocs\\secprog\\SecPro\\FrontEndSec\\public\\index.php(20): Illuminate\\Foundation\\Application->handleRequest(Object(Illuminate\\Http\\Request))
#54 C:\\xampp\\htdocs\\secprog\\SecPro\\FrontEndSec\\vendor\\laravel\\framework\\src\\Illuminate\\Foundation\\resources\\server.php(23): require_once('C:\\\\xampp\\\\htdocs...')
#55 {main}

[previous exception] [object] (ErrorException(code: 0): Undefined variable $weeklyRecipes at C:\\xampp\\htdocs\\secprog\\SecPro\\FrontEndSec\\storage\\framework\\views\\1f1e764261ce25fd6ab9770d03d6856e.php:142)
[stacktrace]
#0 C:\\xampp\\htdocs\\secprog\\SecPro\\FrontEndSec\\vendor\\laravel\\framework\\src\\Illuminate\\Foundation\\Bootstrap\\HandleExceptions.php(258): Illuminate\\Foundation\\Bootstrap\\HandleExceptions->handleError(2, 'Undefined varia...', 'C:\\\\xampp\\\\htdocs...', 142)
#1 C:\\xampp\\htdocs\\secprog\\SecPro\\FrontEndSec\\storage\\framework\\views\\1f1e764261ce25fd6ab9770d03d6856e.php(142): Illuminate\\Foundation\\Bootstrap\\HandleExceptions->Illuminate\\Foundation\\Bootstrap\\{closure}(2, 'Undefined varia...', 'C:\\\\xampp\\\\htdocs...', 142)
#2 C:\\xampp\\htdocs\\secprog\\SecPro\\FrontEndSec\\vendor\\laravel\\framework\\src\\Illuminate\\Filesystem\\Filesystem.php(123): require('C:\\\\xampp\\\\htdocs...')
#3 C:\\xampp\\htdocs\\secprog\\SecPro\\FrontEndSec\\vendor\\laravel\\framework\\src\\Illuminate\\Filesystem\\Filesystem.php(124): Illuminate\\Filesystem\\Filesystem::Illuminate\\Filesystem\\{closure}()
#4 C:\\xampp\\htdocs\\secprog\\SecPro\\FrontEndSec\\vendor\\laravel\\framework\\src\\Illuminate\\View\\Engines\\PhpEngine.php(57): Illuminate\\Filesystem\\Filesystem->getRequire('C:\\\\xampp\\\\htdocs...', Array)
#5 C:\\xampp\\htdocs\\secprog\\SecPro\\FrontEndSec\\vendor\\laravel\\framework\\src\\Illuminate\\View\\Engines\\CompilerEngine.php(76): Illuminate\\View\\Engines\\PhpEngine->evaluatePath('C:\\\\xampp\\\\htdocs...', Array)
#6 C:\\xampp\\htdocs\\secprog\\SecPro\\FrontEndSec\\vendor\\laravel\\framework\\src\\Illuminate\\View\\View.php(208): Illuminate\\View\\Engines\\CompilerEngine->get('C:\\\\xampp\\\\htdocs...', Array)
#7 C:\\xampp\\htdocs\\secprog\\SecPro\\FrontEndSec\\vendor\\laravel\\framework\\src\\Illuminate\\View\\View.php(191): Illuminate\\View\\View->getContents()
#8 C:\\xampp\\htdocs\\secprog\\SecPro\\FrontEndSec\\vendor\\laravel\\framework\\src\\Illuminate\\View\\View.php(160): Illuminate\\View\\View->renderContents()
#9 C:\\xampp\\htdocs\\secprog\\SecPro\\FrontEndSec\\vendor\\laravel\\framework\\src\\Illuminate\\Http\\Response.php(78): Illuminate\\View\\View->render()
#10 C:\\xampp\\htdocs\\secprog\\SecPro\\FrontEndSec\\vendor\\laravel\\framework\\src\\Illuminate\\Http\\Response.php(34): Illuminate\\Http\\Response->setContent(Object(Illuminate\\View\\View))
#11 C:\\xampp\\htdocs\\secprog\\SecPro\\FrontEndSec\\vendor\\laravel\\framework\\src\\Illuminate\\Routing\\Router.php(939): Illuminate\\Http\\Response->__construct(Object(Illuminate\\View\\View), 200, Array)
#12 C:\\xampp\\htdocs\\secprog\\SecPro\\FrontEndSec\\vendor\\laravel\\framework\\src\\Illuminate\\Routing\\Router.php(906): Illuminate\\Routing\\Router::toResponse(Object(Illuminate\\Http\\Request), Object(Illuminate\\View\\View))
#13 C:\\xampp\\htdocs\\secprog\\SecPro\\FrontEndSec\\vendor\\laravel\\framework\\src\\Illuminate\\Routing\\Router.php(821): Illuminate\\Routing\\Router->prepareResponse(Object(Illuminate\\Http\\Request), Object(Illuminate\\View\\View))
#14 C:\\xampp\\htdocs\\secprog\\SecPro\\FrontEndSec\\vendor\\laravel\\framework\\src\\Illuminate\\Pipeline\\Pipeline.php(180): Illuminate\\Routing\\Router->Illuminate\\Routing\\{closure}(Object(Illuminate\\Http\\Request))
#15 C:\\xampp\\htdocs\\secprog\\SecPro\\FrontEndSec\\vendor\\laravel\\framework\\src\\Illuminate\\Routing\\Middleware\\SubstituteBindings.php(50): Illuminate\\Pipeline\\Pipeline->Illuminate\\Pipeline\\{closure}(Object(Illuminate\\Http\\Request))
#16 C:\\xampp\\htdocs\\secprog\\SecPro\\FrontEndSec\\vendor\\laravel\\framework\\src\\Illuminate\\Pipeline\\Pipeline.php(219): Illuminate\\Routing\\Middleware\\SubstituteBindings->handle(Object(Illuminate\\Http\\Request), Object(Closure))
#17 C:\\xampp\\htdocs\\secprog\\SecPro\\FrontEndSec\\vendor\\laravel\\framework\\src\\Illuminate\\Foundation\\Http\\Middleware\\VerifyCsrfToken.php(87): Illuminate\\Pipeline\\Pipeline->Illuminate\\Pipeline\\{closure}(Object(Illuminate\\Http\\Request))
#18 C:\\xampp\\htdocs\\secprog\\SecPro\\FrontEndSec\\vendor\\laravel\\framework\\src\\Illuminate\\Pipeline\\Pipeline.php(219): Illuminate\\Foundation\\Http\\Middleware\\VerifyCsrfToken->handle(Object(Illuminate\\Http\\Request), Object(Closure))
#19 C:\\xampp\\htdocs\\secprog\\SecPro\\FrontEndSec\\vendor\\laravel\\framework\\src\\Illuminate\\View\\Middleware\\ShareErrorsFromSession.php(48): Illuminate\\Pipeline\\Pipeline->Illuminate\\Pipeline\\{closure}(Object(Illuminate\\Http\\Request))
#20 C:\\xampp\\htdocs\\secprog\\SecPro\\FrontEndSec\\vendor\\laravel\\framework\\src\\Illuminate\\Pipeline\\Pipeline.php(219): Illuminate\\View\\Middleware\\ShareErrorsFromSession->handle(Object(Illuminate\\Http\\Request), Object(Closure))
#21 C:\\xampp\\htdocs\\secprog\\SecPro\\FrontEndSec\\vendor\\laravel\\framework\\src\\Illuminate\\Session\\Middleware\\StartSession.php(120): Illuminate\\Pipeline\\Pipeline->Illuminate\\Pipeline\\{closure}(Object(Illuminate\\Http\\Request))
#22 C:\\xampp\\htdocs\\secprog\\SecPro\\FrontEndSec\\vendor\\laravel\\framework\\src\\Illuminate\\Session\\Middleware\\StartSession.php(63): Illuminate\\Session\\Middleware\\StartSession->handleStatefulRequest(Object(Illuminate\\Http\\Request), Object(Illuminate\\Session\\Store), Object(Closure))
#23 C:\\xampp\\htdocs\\secprog\\SecPro\\FrontEndSec\\vendor\\laravel\\framework\\src\\Illuminate\\Pipeline\\Pipeline.php(219): Illuminate\\Session\\Middleware\\StartSession->handle(Object(Illuminate\\Http\\Request), Object(Closure))
#24 C:\\xampp\\htdocs\\secprog\\SecPro\\FrontEndSec\\vendor\\laravel\\framework\\src\\Illuminate\\Cookie\\Middleware\\AddQueuedCookiesToResponse.php(36): Illuminate\\Pipeline\\Pipeline->Illuminate\\Pipeline\\{closure}(Object(Illuminate\\Http\\Request))
#25 C:\\xampp\\htdocs\\secprog\\SecPro\\FrontEndSec\\vendor\\laravel\\framework\\src\\Illuminate\\Pipeline\\Pipeline.php(219): Illuminate\\Cookie\\Middleware\\AddQueuedCookiesToResponse->handle(Object(Illuminate\\Http\\Request), Object(Closure))
#26 C:\\xampp\\htdocs\\secprog\\SecPro\\FrontEndSec\\vendor\\laravel\\framework\\src\\Illuminate\\Cookie\\Middleware\\EncryptCookies.php(74): Illuminate\\Pipeline\\Pipeline->Illuminate\\Pipeline\\{closure}(Object(Illuminate\\Http\\Request))
#27 C:\\xampp\\htdocs\\secprog\\SecPro\\FrontEndSec\\vendor\\laravel\\framework\\src\\Illuminate\\Pipeline\\Pipeline.php(219): Illuminate\\Cookie\\Middleware\\EncryptCookies->handle(Object(Illuminate\\Http\\Request), Object(Closure))
#28 C:\\xampp\\htdocs\\secprog\\SecPro\\FrontEndSec\\vendor\\laravel\\framework\\src\\Illuminate\\Pipeline\\Pipeline.php(137): Illuminate\\Pipeline\\Pipeline->Illuminate\\Pipeline\\{closure}(Object(Illuminate\\Http\\Request))
#29 C:\\xampp\\htdocs\\secprog\\SecPro\\FrontEndSec\\vendor\\laravel\\framework\\src\\Illuminate\\Routing\\Router.php(821): Illuminate\\Pipeline\\Pipeline->then(Object(Closure))
#30 C:\\xampp\\htdocs\\secprog\\SecPro\\FrontEndSec\\vendor\\laravel\\framework\\src\\Illuminate\\Routing\\Router.php(800): Illuminate\\Routing\\Router->runRouteWithinStack(Object(Illuminate\\Routing\\Route), Object(Illuminate\\Http\\Request))
#31 C:\\xampp\\htdocs\\secprog\\SecPro\\FrontEndSec\\vendor\\laravel\\framework\\src\\Illuminate\\Routing\\Router.php(764): Illuminate\\Routing\\Router->runRoute(Object(Illuminate\\Http\\Request), Object(Illuminate\\Routing\\Route))
#32 C:\\xampp\\htdocs\\secprog\\SecPro\\FrontEndSec\\vendor\\laravel\\framework\\src\\Illuminate\\Routing\\Router.php(753): Illuminate\\Routing\\Router->dispatchToRoute(Object(Illuminate\\Http\\Request))
#33 C:\\xampp\\htdocs\\secprog\\SecPro\\FrontEndSec\\vendor\\laravel\\framework\\src\\Illuminate\\Foundation\\Http\\Kernel.php(200): Illuminate\\Routing\\Router->dispatch(Object(Illuminate\\Http\\Request))
#34 C:\\xampp\\htdocs\\secprog\\SecPro\\FrontEndSec\\vendor\\laravel\\framework\\src\\Illuminate\\Pipeline\\Pipeline.php(180): Illuminate\\Foundation\\Http\\Kernel->Illuminate\\Foundation\\Http\\{closure}(Object(Illuminate\\Http\\Request))
#35 C:\\xampp\\htdocs\\secprog\\SecPro\\FrontEndSec\\vendor\\laravel\\framework\\src\\Illuminate\\Foundation\\Http\\Middleware\\TransformsRequest.php(21): Illuminate\\Pipeline\\Pipeline->Illuminate\\Pipeline\\{closure}(Object(Illuminate\\Http\\Request))
#36 C:\\xampp\\htdocs\\secprog\\SecPro\\FrontEndSec\\vendor\\laravel\\framework\\src\\Illuminate\\Foundation\\Http\\Middleware\\ConvertEmptyStringsToNull.php(31): Illuminate\\Foundation\\Http\\Middleware\\TransformsRequest->handle(Object(Illuminate\\Http\\Request), Object(Closure))
#37 C:\\xampp\\htdocs\\secprog\\SecPro\\FrontEndSec\\vendor\\laravel\\framework\\src\\Illuminate\\Pipeline\\Pipeline.php(219): Illuminate\\Foundation\\Http\\Middleware\\ConvertEmptyStringsToNull->handle(Object(Illuminate\\Http\\Request), Object(Closure))
#38 C:\\xampp\\htdocs\\secprog\\SecPro\\FrontEndSec\\vendor\\laravel\\framework\\src\\Illuminate\\Foundation\\Http\\Middleware\\TransformsRequest.php(21): Illuminate\\Pipeline\\Pipeline->Illuminate\\Pipeline\\{closure}(Object(Illuminate\\Http\\Request))
#39 C:\\xampp\\htdocs\\secprog\\SecPro\\FrontEndSec\\vendor\\laravel\\framework\\src\\Illuminate\\Foundation\\Http\\Middleware\\TrimStrings.php(51): Illuminate\\Foundation\\Http\\Middleware\\TransformsRequest->handle(Object(Illuminate\\Http\\Request), Object(Closure))
#40 C:\\xampp\\htdocs\\secprog\\SecPro\\FrontEndSec\\vendor\\laravel\\framework\\src\\Illuminate\\Pipeline\\Pipeline.php(219): Illuminate\\Foundation\\Http\\Middleware\\TrimStrings->handle(Object(Illuminate\\Http\\Request), Object(Closure))
#41 C:\\xampp\\htdocs\\secprog\\SecPro\\FrontEndSec\\vendor\\laravel\\framework\\src\\Illuminate\\Http\\Middleware\\ValidatePostSize.php(27): Illuminate\\Pipeline\\Pipeline->Illuminate\\Pipeline\\{closure}(Object(Illuminate\\Http\\Request))
#42 C:\\xampp\\htdocs\\secprog\\SecPro\\FrontEndSec\\vendor\\laravel\\framework\\src\\Illuminate\\Pipeline\\Pipeline.php(219): Illuminate\\Http\\Middleware\\ValidatePostSize->handle(Object(Illuminate\\Http\\Request), Object(Closure))
#43 C:\\xampp\\htdocs\\secprog\\SecPro\\FrontEndSec\\vendor\\laravel\\framework\\src\\Illuminate\\Foundation\\Http\\Middleware\\PreventRequestsDuringMaintenance.php(109): Illuminate\\Pipeline\\Pipeline->Illuminate\\Pipeline\\{closure}(Object(Illuminate\\Http\\Request))
#44 C:\\xampp\\htdocs\\secprog\\SecPro\\FrontEndSec\\vendor\\laravel\\framework\\src\\Illuminate\\Pipeline\\Pipeline.php(219): Illuminate\\Foundation\\Http\\Middleware\\PreventRequestsDuringMaintenance->handle(Object(Illuminate\\Http\\Request), Object(Closure))
#45 C:\\xampp\\htdocs\\secprog\\SecPro\\FrontEndSec\\vendor\\laravel\\framework\\src\\Illuminate\\Http\\Middleware\\HandleCors.php(48): Illuminate\\Pipeline\\Pipeline->Illuminate\\Pipeline\\{closure}(Object(Illuminate\\Http\\Request))
#46 C:\\xampp\\htdocs\\secprog\\SecPro\\FrontEndSec\\vendor\\laravel\\framework\\src\\Illuminate\\Pipeline\\Pipeline.php(219): Illuminate\\Http\\Middleware\\HandleCors->handle(Object(Illuminate\\Http\\Request), Object(Closure))
#47 C:\\xampp\\htdocs\\secprog\\SecPro\\FrontEndSec\\vendor\\laravel\\framework\\src\\Illuminate\\Http\\Middleware\\TrustProxies.php(58): Illuminate\\Pipeline\\Pipeline->Illuminate\\Pipeline\\{closure}(Object(Illuminate\\Http\\Request))
#48 C:\\xampp\\htdocs\\secprog\\SecPro\\FrontEndSec\\vendor\\laravel\\framework\\src\\Illuminate\\Pipeline\\Pipeline.php(219): Illuminate\\Http\\Middleware\\TrustProxies->handle(Object(Illuminate\\Http\\Request), Object(Closure))
#49 C:\\xampp\\htdocs\\secprog\\SecPro\\FrontEndSec\\vendor\\laravel\\framework\\src\\Illuminate\\Foundation\\Http\\Middleware\\InvokeDeferredCallbacks.php(22): Illuminate\\Pipeline\\Pipeline->Illuminate\\Pipeline\\{closure}(Object(Illuminate\\Http\\Request))
#50 C:\\xampp\\htdocs\\secprog\\SecPro\\FrontEndSec\\vendor\\laravel\\framework\\src\\Illuminate\\Pipeline\\Pipeline.php(219): Illuminate\\Foundation\\Http\\Middleware\\InvokeDeferredCallbacks->handle(Object(Illuminate\\Http\\Request), Object(Closure))
#51 C:\\xampp\\htdocs\\secprog\\SecPro\\FrontEndSec\\vendor\\laravel\\framework\\src\\Illuminate\\Http\\Middleware\\ValidatePathEncoding.php(26): Illuminate\\Pipeline\\Pipeline->Illuminate\\Pipeline\\{closure}(Object(Illuminate\\Http\\Request))
#52 C:\\xampp\\htdocs\\secprog\\SecPro\\FrontEndSec\\vendor\\laravel\\framework\\src\\Illuminate\\Pipeline\\Pipeline.php(219): Illuminate\\Http\\Middleware\\ValidatePathEncoding->handle(Object(Illuminate\\Http\\Request), Object(Closure))
#53 C:\\xampp\\htdocs\\secprog\\SecPro\\FrontEndSec\\vendor\\laravel\\framework\\src\\Illuminate\\Pipeline\\Pipeline.php(137): Illuminate\\Pipeline\\Pipeline->Illuminate\\Pipeline\\{closure}(Object(Illuminate\\Http\\Request))
#54 C:\\xampp\\htdocs\\secprog\\SecPro\\FrontEndSec\\vendor\\laravel\\framework\\src\\Illuminate\\Foundation\\Http\\Kernel.php(175): Illuminate\\Pipeline\\Pipeline->then(Object(Closure))
#55 C:\\xampp\\htdocs\\secprog\\SecPro\\FrontEndSec\\vendor\\laravel\\framework\\src\\Illuminate\\Foundation\\Http\\Kernel.php(144): Illuminate\\Foundation\\Http\\Kernel->sendRequestThroughRouter(Object(Illuminate\\Http\\Request))
#56 C:\\xampp\\htdocs\\secprog\\SecPro\\FrontEndSec\\vendor\\laravel\\framework\\src\\Illuminate\\Foundation\\Application.php(1220): Illuminate\\Foundation\\Http\\Kernel->handle(Object(Illuminate\\Http\\Request))
#57 C:\\xampp\\htdocs\\secprog\\SecPro\\FrontEndSec\\public\\index.php(20): Illuminate\\Foundation\\Application->handleRequest(Object(Illuminate\\Http\\Request))
#58 C:\\xampp\\htdocs\\secprog\\SecPro\\FrontEndSec\\vendor\\laravel\\framework\\src\\Illuminate\\Foundation\\resources\\server.php(23): require_once('C:\\\\xampp\\\\htdocs...')
#59 {main}
"} 
[2025-11-18 15:55:44] local.ERROR: Undefined variable $weeklyRecipes (View: C:\xampp\htdocs\secprog\SecPro\FrontEndSec\resources\views\mainPage.blade.php) {"exception":"[object] (Illuminate\\View\\ViewException(code: 0): Undefined variable $weeklyRecipes (View: C:\\xampp\\htdocs\\secprog\\SecPro\\FrontEndSec\\resources\\views\\mainPage.blade.php) at C:\\xampp\\htdocs\\secprog\\SecPro\\FrontEndSec\\storage\\framework\\views\\1f1e764261ce25fd6ab9770d03d6856e.php:142)
[stacktrace]
#0 C:\\xampp\\htdocs\\secprog\\SecPro\\FrontEndSec\\vendor\\laravel\\framework\\src\\Illuminate\\View\\Engines\\PhpEngine.php(59): Illuminate\\View\\Engines\\CompilerEngine->handleViewException(Object(ErrorException), 1)
#1 C:\\xampp\\htdocs\\secprog\\SecPro\\FrontEndSec\\vendor\\laravel\\framework\\src\\Illuminate\\View\\Engines\\CompilerEngine.php(76): Illuminate\\View\\Engines\\PhpEngine->evaluatePath('C:\\\\xampp\\\\htdocs...', Array)
#2 C:\\xampp\\htdocs\\secprog\\SecPro\\FrontEndSec\\vendor\\laravel\\framework\\src\\Illuminate\\View\\View.php(208): Illuminate\\View\\Engines\\CompilerEngine->get('C:\\\\xampp\\\\htdocs...', Array)
#3 C:\\xampp\\htdocs\\secprog\\SecPro\\FrontEndSec\\vendor\\laravel\\framework\\src\\Illuminate\\View\\View.php(191): Illuminate\\View\\View->getContents()
#4 C:\\xampp\\htdocs\\secprog\\SecPro\\FrontEndSec\\vendor\\laravel\\framework\\src\\Illuminate\\View\\View.php(160): Illuminate\\View\\View->renderContents()
#5 C:\\xampp\\htdocs\\secprog\\SecPro\\FrontEndSec\\vendor\\laravel\\framework\\src\\Illuminate\\Http\\Response.php(78): Illuminate\\View\\View->render()
#6 C:\\xampp\\htdocs\\secprog\\SecPro\\FrontEndSec\\vendor\\laravel\\framework\\src\\Illuminate\\Http\\Response.php(34): Illuminate\\Http\\Response->setContent(Object(Illuminate\\View\\View))
#7 C:\\xampp\\htdocs\\secprog\\SecPro\\FrontEndSec\\vendor\\laravel\\framework\\src\\Illuminate\\Routing\\Router.php(939): Illuminate\\Http\\Response->__construct(Object(Illuminate\\View\\View), 200, Array)
#8 C:\\xampp\\htdocs\\secprog\\SecPro\\FrontEndSec\\vendor\\laravel\\framework\\src\\Illuminate\\Routing\\Router.php(906): Illuminate\\Routing\\Router::toResponse(Object(Illuminate\\Http\\Request), Object(Illuminate\\View\\View))
#9 C:\\xampp\\htdocs\\secprog\\SecPro\\FrontEndSec\\vendor\\laravel\\framework\\src\\Illuminate\\Routing\\Router.php(821): Illuminate\\Routing\\Router->prepareResponse(Object(Illuminate\\Http\\Request), Object(Illuminate\\View\\View))
#10 C:\\xampp\\htdocs\\secprog\\SecPro\\FrontEndSec\\vendor\\laravel\\framework\\src\\Illuminate\\Pipeline\\Pipeline.php(180): Illuminate\\Routing\\Router->Illuminate\\Routing\\{closure}(Object(Illuminate\\Http\\Request))
#11 C:\\xampp\\htdocs\\secprog\\SecPro\\FrontEndSec\\vendor\\laravel\\framework\\src\\Illuminate\\Routing\\Middleware\\SubstituteBindings.php(50): Illuminate\\Pipeline\\Pipeline->Illuminate\\Pipeline\\{closure}(Object(Illuminate\\Http\\Request))
#12 C:\\xampp\\htdocs\\secprog\\SecPro\\FrontEndSec\\vendor\\laravel\\framework\\src\\Illuminate\\Pipeline\\Pipeline.php(219): Illuminate\\Routing\\Middleware\\SubstituteBindings->handle(Object(Illuminate\\Http\\Request), Object(Closure))
#13 C:\\xampp\\htdocs\\secprog\\SecPro\\FrontEndSec\\vendor\\laravel\\framework\\src\\Illuminate\\Foundation\\Http\\Middleware\\VerifyCsrfToken.php(87): Illuminate\\Pipeline\\Pipeline->Illuminate\\Pipeline\\{closure}(Object(Illuminate\\Http\\Request))
#14 C:\\xampp\\htdocs\\secprog\\SecPro\\FrontEndSec\\vendor\\laravel\\framework\\src\\Illuminate\\Pipeline\\Pipeline.php(219): Illuminate\\Foundation\\Http\\Middleware\\VerifyCsrfToken->handle(Object(Illuminate\\Http\\Request), Object(Closure))
#15 C:\\xampp\\htdocs\\secprog\\SecPro\\FrontEndSec\\vendor\\laravel\\framework\\src\\Illuminate\\View\\Middleware\\ShareErrorsFromSession.php(48): Illuminate\\Pipeline\\Pipeline->Illuminate\\Pipeline\\{closure}(Object(Illuminate\\Http\\Request))
#16 C:\\xampp\\htdocs\\secprog\\SecPro\\FrontEndSec\\vendor\\laravel\\framework\\src\\Illuminate\\Pipeline\\Pipeline.php(219): Illuminate\\View\\Middleware\\ShareErrorsFromSession->handle(Object(Illuminate\\Http\\Request), Object(Closure))
#17 C:\\xampp\\htdocs\\secprog\\SecPro\\FrontEndSec\\vendor\\laravel\\framework\\src\\Illuminate\\Session\\Middleware\\StartSession.php(120): Illuminate\\Pipeline\\Pipeline->Illuminate\\Pipeline\\{closure}(Object(Illuminate\\Http\\Request))
#18 C:\\xampp\\htdocs\\secprog\\SecPro\\FrontEndSec\\vendor\\laravel\\framework\\src\\Illuminate\\Session\\Middleware\\StartSession.php(63): Illuminate\\Session\\Middleware\\StartSession->handleStatefulRequest(Object(Illuminate\\Http\\Request), Object(Illuminate\\Session\\Store), Object(Closure))
#19 C:\\xampp\\htdocs\\secprog\\SecPro\\FrontEndSec\\vendor\\laravel\\framework\\src\\Illuminate\\Pipeline\\Pipeline.php(219): Illuminate\\Session\\Middleware\\StartSession->handle(Object(Illuminate\\Http\\Request), Object(Closure))
#20 C:\\xampp\\htdocs\\secprog\\SecPro\\FrontEndSec\\vendor\\laravel\\framework\\src\\Illuminate\\Cookie\\Middleware\\AddQueuedCookiesToResponse.php(36): Illuminate\\Pipeline\\Pipeline->Illuminate\\Pipeline\\{closure}(Object(Illuminate\\Http\\Request))
#21 C:\\xampp\\htdocs\\secprog\\SecPro\\FrontEndSec\\vendor\\laravel\\framework\\src\\Illuminate\\Pipeline\\Pipeline.php(219): Illuminate\\Cookie\\Middleware\\AddQueuedCookiesToResponse->handle(Object(Illuminate\\Http\\Request), Object(Closure))
#22 C:\\xampp\\htdocs\\secprog\\SecPro\\FrontEndSec\\vendor\\laravel\\framework\\src\\Illuminate\\Cookie\\Middleware\\EncryptCookies.php(74): Illuminate\\Pipeline\\Pipeline->Illuminate\\Pipeline\\{closure}(Object(Illuminate\\Http\\Request))
#23 C:\\xampp\\htdocs\\secprog\\SecPro\\FrontEndSec\\vendor\\laravel\\framework\\src\\Illuminate\\Pipeline\\Pipeline.php(219): Illuminate\\Cookie\\Middleware\\EncryptCookies->handle(Object(Illuminate\\Http\\Request), Object(Closure))
#24 C:\\xampp\\htdocs\\secprog\\SecPro\\FrontEndSec\\vendor\\laravel\\framework\\src\\Illuminate\\Pipeline\\Pipeline.php(137): Illuminate\\Pipeline\\Pipeline->Illuminate\\Pipeline\\{closure}(Object(Illuminate\\Http\\Request))
#25 C:\\xampp\\htdocs\\secprog\\SecPro\\FrontEndSec\\vendor\\laravel\\framework\\src\\Illuminate\\Routing\\Router.php(821): Illuminate\\Pipeline\\Pipeline->then(Object(Closure))
#26 C:\\xampp\\htdocs\\secprog\\SecPro\\FrontEndSec\\vendor\\laravel\\framework\\src\\Illuminate\\Routing\\Router.php(800): Illuminate\\Routing\\Router->runRouteWithinStack(Object(Illuminate\\Routing\\Route), Object(Illuminate\\Http\\Request))
#27 C:\\xampp\\htdocs\\secprog\\SecPro\\FrontEndSec\\vendor\\laravel\\framework\\src\\Illuminate\\Routing\\Router.php(764): Illuminate\\Routing\\Router->runRoute(Object(Illuminate\\Http\\Request), Object(Illuminate\\Routing\\Route))
#28 C:\\xampp\\htdocs\\secprog\\SecPro\\FrontEndSec\\vendor\\laravel\\framework\\src\\Illuminate\\Routing\\Router.php(753): Illuminate\\Routing\\Router->dispatchToRoute(Object(Illuminate\\Http\\Request))
#29 C:\\xampp\\htdocs\\secprog\\SecPro\\FrontEndSec\\vendor\\laravel\\framework\\src\\Illuminate\\Foundation\\Http\\Kernel.php(200): Illuminate\\Routing\\Router->dispatch(Object(Illuminate\\Http\\Request))
#30 C:\\xampp\\htdocs\\secprog\\SecPro\\FrontEndSec\\vendor\\laravel\\framework\\src\\Illuminate\\Pipeline\\Pipeline.php(180): Illuminate\\Foundation\\Http\\Kernel->Illuminate\\Foundation\\Http\\{closure}(Object(Illuminate\\Http\\Request))
#31 C:\\xampp\\htdocs\\secprog\\SecPro\\FrontEndSec\\vendor\\laravel\\framework\\src\\Illuminate\\Foundation\\Http\\Middleware\\TransformsRequest.php(21): Illuminate\\Pipeline\\Pipeline->Illuminate\\Pipeline\\{closure}(Object(Illuminate\\Http\\Request))
#32 C:\\xampp\\htdocs\\secprog\\SecPro\\FrontEndSec\\vendor\\laravel\\framework\\src\\Illuminate\\Foundation\\Http\\Middleware\\ConvertEmptyStringsToNull.php(31): Illuminate\\Foundation\\Http\\Middleware\\TransformsRequest->handle(Object(Illuminate\\Http\\Request), Object(Closure))
#33 C:\\xampp\\htdocs\\secprog\\SecPro\\FrontEndSec\\vendor\\laravel\\framework\\src\\Illuminate\\Pipeline\\Pipeline.php(219): Illuminate\\Foundation\\Http\\Middleware\\ConvertEmptyStringsToNull->handle(Object(Illuminate\\Http\\Request), Object(Closure))
#34 C:\\xampp\\htdocs\\secprog\\SecPro\\FrontEndSec\\vendor\\laravel\\framework\\src\\Illuminate\\Foundation\\Http\\Middleware\\TransformsRequest.php(21): Illuminate\\Pipeline\\Pipeline->Illuminate\\Pipeline\\{closure}(Object(Illuminate\\Http\\Request))
#35 C:\\xampp\\htdocs\\secprog\\SecPro\\FrontEndSec\\vendor\\laravel\\framework\\src\\Illuminate\\Foundation\\Http\\Middleware\\TrimStrings.php(51): Illuminate\\Foundation\\Http\\Middleware\\TransformsRequest->handle(Object(Illuminate\\Http\\Request), Object(Closure))
#36 C:\\xampp\\htdocs\\secprog\\SecPro\\FrontEndSec\\vendor\\laravel\\framework\\src\\Illuminate\\Pipeline\\Pipeline.php(219): Illuminate\\Foundation\\Http\\Middleware\\TrimStrings->handle(Object(Illuminate\\Http\\Request), Object(Closure))
#37 C:\\xampp\\htdocs\\secprog\\SecPro\\FrontEndSec\\vendor\\laravel\\framework\\src\\Illuminate\\Http\\Middleware\\ValidatePostSize.php(27): Illuminate\\Pipeline\\Pipeline->Illuminate\\Pipeline\\{closure}(Object(Illuminate\\Http\\Request))
#38 C:\\xampp\\htdocs\\secprog\\SecPro\\FrontEndSec\\vendor\\laravel\\framework\\src\\Illuminate\\Pipeline\\Pipeline.php(219): Illuminate\\Http\\Middleware\\ValidatePostSize->handle(Object(Illuminate\\Http\\Request), Object(Closure))
#39 C:\\xampp\\htdocs\\secprog\\SecPro\\FrontEndSec\\vendor\\laravel\\framework\\src\\Illuminate\\Foundation\\Http\\Middleware\\PreventRequestsDuringMaintenance.php(109): Illuminate\\Pipeline\\Pipeline->Illuminate\\Pipeline\\{closure}(Object(Illuminate\\Http\\Request))
#40 C:\\xampp\\htdocs\\secprog\\SecPro\\FrontEndSec\\vendor\\laravel\\framework\\src\\Illuminate\\Pipeline\\Pipeline.php(219): Illuminate\\Foundation\\Http\\Middleware\\PreventRequestsDuringMaintenance->handle(Object(Illuminate\\Http\\Request), Object(Closure))
#41 C:\\xampp\\htdocs\\secprog\\SecPro\\FrontEndSec\\vendor\\laravel\\framework\\src\\Illuminate\\Http\\Middleware\\HandleCors.php(48): Illuminate\\Pipeline\\Pipeline->Illuminate\\Pipeline\\{closure}(Object(Illuminate\\Http\\Request))
#42 C:\\xampp\\htdocs\\secprog\\SecPro\\FrontEndSec\\vendor\\laravel\\framework\\src\\Illuminate\\Pipeline\\Pipeline.php(219): Illuminate\\Http\\Middleware\\HandleCors->handle(Object(Illuminate\\Http\\Request), Object(Closure))
#43 C:\\xampp\\htdocs\\secprog\\SecPro\\FrontEndSec\\vendor\\laravel\\framework\\src\\Illuminate\\Http\\Middleware\\TrustProxies.php(58): Illuminate\\Pipeline\\Pipeline->Illuminate\\Pipeline\\{closure}(Object(Illuminate\\Http\\Request))
#44 C:\\xampp\\htdocs\\secprog\\SecPro\\FrontEndSec\\vendor\\laravel\\framework\\src\\Illuminate\\Pipeline\\Pipeline.php(219): Illuminate\\Http\\Middleware\\TrustProxies->handle(Object(Illuminate\\Http\\Request), Object(Closure))
#45 C:\\xampp\\htdocs\\secprog\\SecPro\\FrontEndSec\\vendor\\laravel\\framework\\src\\Illuminate\\Foundation\\Http\\Middleware\\InvokeDeferredCallbacks.php(22): Illuminate\\Pipeline\\Pipeline->Illuminate\\Pipeline\\{closure}(Object(Illuminate\\Http\\Request))
#46 C:\\xampp\\htdocs\\secprog\\SecPro\\FrontEndSec\\vendor\\laravel\\framework\\src\\Illuminate\\Pipeline\\Pipeline.php(219): Illuminate\\Foundation\\Http\\Middleware\\InvokeDeferredCallbacks->handle(Object(Illuminate\\Http\\Request), Object(Closure))
#47 C:\\xampp\\htdocs\\secprog\\SecPro\\FrontEndSec\\vendor\\laravel\\framework\\src\\Illuminate\\Http\\Middleware\\ValidatePathEncoding.php(26): Illuminate\\Pipeline\\Pipeline->Illuminate\\Pipeline\\{closure}(Object(Illuminate\\Http\\Request))
#48 C:\\xampp\\htdocs\\secprog\\SecPro\\FrontEndSec\\vendor\\laravel\\framework\\src\\Illuminate\\Pipeline\\Pipeline.php(219): Illuminate\\Http\\Middleware\\ValidatePathEncoding->handle(Object(Illuminate\\Http\\Request), Object(Closure))
#49 C:\\xampp\\htdocs\\secprog\\SecPro\\FrontEndSec\\vendor\\laravel\\framework\\src\\Illuminate\\Pipeline\\Pipeline.php(137): Illuminate\\Pipeline\\Pipeline->Illuminate\\Pipeline\\{closure}(Object(Illuminate\\Http\\Request))
#50 C:\\xampp\\htdocs\\secprog\\SecPro\\FrontEndSec\\vendor\\laravel\\framework\\src\\Illuminate\\Foundation\\Http\\Kernel.php(175): Illuminate\\Pipeline\\Pipeline->then(Object(Closure))
#51 C:\\xampp\\htdocs\\secprog\\SecPro\\FrontEndSec\\vendor\\laravel\\framework\\src\\Illuminate\\Foundation\\Http\\Kernel.php(144): Illuminate\\Foundation\\Http\\Kernel->sendRequestThroughRouter(Object(Illuminate\\Http\\Request))
#52 C:\\xampp\\htdocs\\secprog\\SecPro\\FrontEndSec\\vendor\\laravel\\framework\\src\\Illuminate\\Foundation\\Application.php(1220): Illuminate\\Foundation\\Http\\Kernel->handle(Object(Illuminate\\Http\\Request))
#53 C:\\xampp\\htdocs\\secprog\\SecPro\\FrontEndSec\\public\\index.php(20): Illuminate\\Foundation\\Application->handleRequest(Object(Illuminate\\Http\\Request))
#54 C:\\xampp\\htdocs\\secprog\\SecPro\\FrontEndSec\\vendor\\laravel\\framework\\src\\Illuminate\\Foundation\\resources\\server.php(23): require_once('C:\\\\xampp\\\\htdocs...')
#55 {main}

[previous exception] [object] (ErrorException(code: 0): Undefined variable $weeklyRecipes at C:\\xampp\\htdocs\\secprog\\SecPro\\FrontEndSec\\storage\\framework\\views\\1f1e764261ce25fd6ab9770d03d6856e.php:142)
[stacktrace]
#0 C:\\xampp\\htdocs\\secprog\\SecPro\\FrontEndSec\\vendor\\laravel\\framework\\src\\Illuminate\\Foundation\\Bootstrap\\HandleExceptions.php(258): Illuminate\\Foundation\\Bootstrap\\HandleExceptions->handleError(2, 'Undefined varia...', 'C:\\\\xampp\\\\htdocs...', 142)
#1 C:\\xampp\\htdocs\\secprog\\SecPro\\FrontEndSec\\storage\\framework\\views\\1f1e764261ce25fd6ab9770d03d6856e.php(142): Illuminate\\Foundation\\Bootstrap\\HandleExceptions->Illuminate\\Foundation\\Bootstrap\\{closure}(2, 'Undefined varia...', 'C:\\\\xampp\\\\htdocs...', 142)
#2 C:\\xampp\\htdocs\\secprog\\SecPro\\FrontEndSec\\vendor\\laravel\\framework\\src\\Illuminate\\Filesystem\\Filesystem.php(123): require('C:\\\\xampp\\\\htdocs...')
#3 C:\\xampp\\htdocs\\secprog\\SecPro\\FrontEndSec\\vendor\\laravel\\framework\\src\\Illuminate\\Filesystem\\Filesystem.php(124): Illuminate\\Filesystem\\Filesystem::Illuminate\\Filesystem\\{closure}()
#4 C:\\xampp\\htdocs\\secprog\\SecPro\\FrontEndSec\\vendor\\laravel\\framework\\src\\Illuminate\\View\\Engines\\PhpEngine.php(57): Illuminate\\Filesystem\\Filesystem->getRequire('C:\\\\xampp\\\\htdocs...', Array)
#5 C:\\xampp\\htdocs\\secprog\\SecPro\\FrontEndSec\\vendor\\laravel\\framework\\src\\Illuminate\\View\\Engines\\CompilerEngine.php(76): Illuminate\\View\\Engines\\PhpEngine->evaluatePath('C:\\\\xampp\\\\htdocs...', Array)
#6 C:\\xampp\\htdocs\\secprog\\SecPro\\FrontEndSec\\vendor\\laravel\\framework\\src\\Illuminate\\View\\View.php(208): Illuminate\\View\\Engines\\CompilerEngine->get('C:\\\\xampp\\\\htdocs...', Array)
#7 C:\\xampp\\htdocs\\secprog\\SecPro\\FrontEndSec\\vendor\\laravel\\framework\\src\\Illuminate\\View\\View.php(191): Illuminate\\View\\View->getContents()
#8 C:\\xampp\\htdocs\\secprog\\SecPro\\FrontEndSec\\vendor\\laravel\\framework\\src\\Illuminate\\View\\View.php(160): Illuminate\\View\\View->renderContents()
#9 C:\\xampp\\htdocs\\secprog\\SecPro\\FrontEndSec\\vendor\\laravel\\framework\\src\\Illuminate\\Http\\Response.php(78): Illuminate\\View\\View->render()
#10 C:\\xampp\\htdocs\\secprog\\SecPro\\FrontEndSec\\vendor\\laravel\\framework\\src\\Illuminate\\Http\\Response.php(34): Illuminate\\Http\\Response->setContent(Object(Illuminate\\View\\View))
#11 C:\\xampp\\htdocs\\secprog\\SecPro\\FrontEndSec\\vendor\\laravel\\framework\\src\\Illuminate\\Routing\\Router.php(939): Illuminate\\Http\\Response->__construct(Object(Illuminate\\View\\View), 200, Array)
#12 C:\\xampp\\htdocs\\secprog\\SecPro\\FrontEndSec\\vendor\\laravel\\framework\\src\\Illuminate\\Routing\\Router.php(906): Illuminate\\Routing\\Router::toResponse(Object(Illuminate\\Http\\Request), Object(Illuminate\\View\\View))
#13 C:\\xampp\\htdocs\\secprog\\SecPro\\FrontEndSec\\vendor\\laravel\\framework\\src\\Illuminate\\Routing\\Router.php(821): Illuminate\\Routing\\Router->prepareResponse(Object(Illuminate\\Http\\Request), Object(Illuminate\\View\\View))
#14 C:\\xampp\\htdocs\\secprog\\SecPro\\FrontEndSec\\vendor\\laravel\\framework\\src\\Illuminate\\Pipeline\\Pipeline.php(180): Illuminate\\Routing\\Router->Illuminate\\Routing\\{closure}(Object(Illuminate\\Http\\Request))
#15 C:\\xampp\\htdocs\\secprog\\SecPro\\FrontEndSec\\vendor\\laravel\\framework\\src\\Illuminate\\Routing\\Middleware\\SubstituteBindings.php(50): Illuminate\\Pipeline\\Pipeline->Illuminate\\Pipeline\\{closure}(Object(Illuminate\\Http\\Request))
#16 C:\\xampp\\htdocs\\secprog\\SecPro\\FrontEndSec\\vendor\\laravel\\framework\\src\\Illuminate\\Pipeline\\Pipeline.php(219): Illuminate\\Routing\\Middleware\\SubstituteBindings->handle(Object(Illuminate\\Http\\Request), Object(Closure))
#17 C:\\xampp\\htdocs\\secprog\\SecPro\\FrontEndSec\\vendor\\laravel\\framework\\src\\Illuminate\\Foundation\\Http\\Middleware\\VerifyCsrfToken.php(87): Illuminate\\Pipeline\\Pipeline->Illuminate\\Pipeline\\{closure}(Object(Illuminate\\Http\\Request))
#18 C:\\xampp\\htdocs\\secprog\\SecPro\\FrontEndSec\\vendor\\laravel\\framework\\src\\Illuminate\\Pipeline\\Pipeline.php(219): Illuminate\\Foundation\\Http\\Middleware\\VerifyCsrfToken->handle(Object(Illuminate\\Http\\Request), Object(Closure))
#19 C:\\xampp\\htdocs\\secprog\\SecPro\\FrontEndSec\\vendor\\laravel\\framework\\src\\Illuminate\\View\\Middleware\\ShareErrorsFromSession.php(48): Illuminate\\Pipeline\\Pipeline->Illuminate\\Pipeline\\{closure}(Object(Illuminate\\Http\\Request))
#20 C:\\xampp\\htdocs\\secprog\\SecPro\\FrontEndSec\\vendor\\laravel\\framework\\src\\Illuminate\\Pipeline\\Pipeline.php(219): Illuminate\\View\\Middleware\\ShareErrorsFromSession->handle(Object(Illuminate\\Http\\Request), Object(Closure))
#21 C:\\xampp\\htdocs\\secprog\\SecPro\\FrontEndSec\\vendor\\laravel\\framework\\src\\Illuminate\\Session\\Middleware\\StartSession.php(120): Illuminate\\Pipeline\\Pipeline->Illuminate\\Pipeline\\{closure}(Object(Illuminate\\Http\\Request))
#22 C:\\xampp\\htdocs\\secprog\\SecPro\\FrontEndSec\\vendor\\laravel\\framework\\src\\Illuminate\\Session\\Middleware\\StartSession.php(63): Illuminate\\Session\\Middleware\\StartSession->handleStatefulRequest(Object(Illuminate\\Http\\Request), Object(Illuminate\\Session\\Store), Object(Closure))
#23 C:\\xampp\\htdocs\\secprog\\SecPro\\FrontEndSec\\vendor\\laravel\\framework\\src\\Illuminate\\Pipeline\\Pipeline.php(219): Illuminate\\Session\\Middleware\\StartSession->handle(Object(Illuminate\\Http\\Request), Object(Closure))
#24 C:\\xampp\\htdocs\\secprog\\SecPro\\FrontEndSec\\vendor\\laravel\\framework\\src\\Illuminate\\Cookie\\Middleware\\AddQueuedCookiesToResponse.php(36): Illuminate\\Pipeline\\Pipeline->Illuminate\\Pipeline\\{closure}(Object(Illuminate\\Http\\Request))
#25 C:\\xampp\\htdocs\\secprog\\SecPro\\FrontEndSec\\vendor\\laravel\\framework\\src\\Illuminate\\Pipeline\\Pipeline.php(219): Illuminate\\Cookie\\Middleware\\AddQueuedCookiesToResponse->handle(Object(Illuminate\\Http\\Request), Object(Closure))
#26 C:\\xampp\\htdocs\\secprog\\SecPro\\FrontEndSec\\vendor\\laravel\\framework\\src\\Illuminate\\Cookie\\Middleware\\EncryptCookies.php(74): Illuminate\\Pipeline\\Pipeline->Illuminate\\Pipeline\\{closure}(Object(Illuminate\\Http\\Request))
#27 C:\\xampp\\htdocs\\secprog\\SecPro\\FrontEndSec\\vendor\\laravel\\framework\\src\\Illuminate\\Pipeline\\Pipeline.php(219): Illuminate\\Cookie\\Middleware\\EncryptCookies->handle(Object(Illuminate\\Http\\Request), Object(Closure))
#28 C:\\xampp\\htdocs\\secprog\\SecPro\\FrontEndSec\\vendor\\laravel\\framework\\src\\Illuminate\\Pipeline\\Pipeline.php(137): Illuminate\\Pipeline\\Pipeline->Illuminate\\Pipeline\\{closure}(Object(Illuminate\\Http\\Request))
#29 C:\\xampp\\htdocs\\secprog\\SecPro\\FrontEndSec\\vendor\\laravel\\framework\\src\\Illuminate\\Routing\\Router.php(821): Illuminate\\Pipeline\\Pipeline->then(Object(Closure))
#30 C:\\xampp\\htdocs\\secprog\\SecPro\\FrontEndSec\\vendor\\laravel\\framework\\src\\Illuminate\\Routing\\Router.php(800): Illuminate\\Routing\\Router->runRouteWithinStack(Object(Illuminate\\Routing\\Route), Object(Illuminate\\Http\\Request))
#31 C:\\xampp\\htdocs\\secprog\\SecPro\\FrontEndSec\\vendor\\laravel\\framework\\src\\Illuminate\\Routing\\Router.php(764): Illuminate\\Routing\\Router->runRoute(Object(Illuminate\\Http\\Request), Object(Illuminate\\Routing\\Route))
#32 C:\\xampp\\htdocs\\secprog\\SecPro\\FrontEndSec\\vendor\\laravel\\framework\\src\\Illuminate\\Routing\\Router.php(753): Illuminate\\Routing\\Router->dispatchToRoute(Object(Illuminate\\Http\\Request))
#33 C:\\xampp\\htdocs\\secprog\\SecPro\\FrontEndSec\\vendor\\laravel\\framework\\src\\Illuminate\\Foundation\\Http\\Kernel.php(200): Illuminate\\Routing\\Router->dispatch(Object(Illuminate\\Http\\Request))
#34 C:\\xampp\\htdocs\\secprog\\SecPro\\FrontEndSec\\vendor\\laravel\\framework\\src\\Illuminate\\Pipeline\\Pipeline.php(180): Illuminate\\Foundation\\Http\\Kernel->Illuminate\\Foundation\\Http\\{closure}(Object(Illuminate\\Http\\Request))
#35 C:\\xampp\\htdocs\\secprog\\SecPro\\FrontEndSec\\vendor\\laravel\\framework\\src\\Illuminate\\Foundation\\Http\\Middleware\\TransformsRequest.php(21): Illuminate\\Pipeline\\Pipeline->Illuminate\\Pipeline\\{closure}(Object(Illuminate\\Http\\Request))
#36 C:\\xampp\\htdocs\\secprog\\SecPro\\FrontEndSec\\vendor\\laravel\\framework\\src\\Illuminate\\Foundation\\Http\\Middleware\\ConvertEmptyStringsToNull.php(31): Illuminate\\Foundation\\Http\\Middleware\\TransformsRequest->handle(Object(Illuminate\\Http\\Request), Object(Closure))
#37 C:\\xampp\\htdocs\\secprog\\SecPro\\FrontEndSec\\vendor\\laravel\\framework\\src\\Illuminate\\Pipeline\\Pipeline.php(219): Illuminate\\Foundation\\Http\\Middleware\\ConvertEmptyStringsToNull->handle(Object(Illuminate\\Http\\Request), Object(Closure))
#38 C:\\xampp\\htdocs\\secprog\\SecPro\\FrontEndSec\\vendor\\laravel\\framework\\src\\Illuminate\\Foundation\\Http\\Middleware\\TransformsRequest.php(21): Illuminate\\Pipeline\\Pipeline->Illuminate\\Pipeline\\{closure}(Object(Illuminate\\Http\\Request))
#39 C:\\xampp\\htdocs\\secprog\\SecPro\\FrontEndSec\\vendor\\laravel\\framework\\src\\Illuminate\\Foundation\\Http\\Middleware\\TrimStrings.php(51): Illuminate\\Foundation\\Http\\Middleware\\TransformsRequest->handle(Object(Illuminate\\Http\\Request), Object(Closure))
#40 C:\\xampp\\htdocs\\secprog\\SecPro\\FrontEndSec\\vendor\\laravel\\framework\\src\\Illuminate\\Pipeline\\Pipeline.php(219): Illuminate\\Foundation\\Http\\Middleware\\TrimStrings->handle(Object(Illuminate\\Http\\Request), Object(Closure))
#41 C:\\xampp\\htdocs\\secprog\\SecPro\\FrontEndSec\\vendor\\laravel\\framework\\src\\Illuminate\\Http\\Middleware\\ValidatePostSize.php(27): Illuminate\\Pipeline\\Pipeline->Illuminate\\Pipeline\\{closure}(Object(Illuminate\\Http\\Request))
#42 C:\\xampp\\htdocs\\secprog\\SecPro\\FrontEndSec\\vendor\\laravel\\framework\\src\\Illuminate\\Pipeline\\Pipeline.php(219): Illuminate\\Http\\Middleware\\ValidatePostSize->handle(Object(Illuminate\\Http\\Request), Object(Closure))
#43 C:\\xampp\\htdocs\\secprog\\SecPro\\FrontEndSec\\vendor\\laravel\\framework\\src\\Illuminate\\Foundation\\Http\\Middleware\\PreventRequestsDuringMaintenance.php(109): Illuminate\\Pipeline\\Pipeline->Illuminate\\Pipeline\\{closure}(Object(Illuminate\\Http\\Request))
#44 C:\\xampp\\htdocs\\secprog\\SecPro\\FrontEndSec\\vendor\\laravel\\framework\\src\\Illuminate\\Pipeline\\Pipeline.php(219): Illuminate\\Foundation\\Http\\Middleware\\PreventRequestsDuringMaintenance->handle(Object(Illuminate\\Http\\Request), Object(Closure))
#45 C:\\xampp\\htdocs\\secprog\\SecPro\\FrontEndSec\\vendor\\laravel\\framework\\src\\Illuminate\\Http\\Middleware\\HandleCors.php(48): Illuminate\\Pipeline\\Pipeline->Illuminate\\Pipeline\\{closure}(Object(Illuminate\\Http\\Request))
#46 C:\\xampp\\htdocs\\secprog\\SecPro\\FrontEndSec\\vendor\\laravel\\framework\\src\\Illuminate\\Pipeline\\Pipeline.php(219): Illuminate\\Http\\Middleware\\HandleCors->handle(Object(Illuminate\\Http\\Request), Object(Closure))
#47 C:\\xampp\\htdocs\\secprog\\SecPro\\FrontEndSec\\vendor\\laravel\\framework\\src\\Illuminate\\Http\\Middleware\\TrustProxies.php(58): Illuminate\\Pipeline\\Pipeline->Illuminate\\Pipeline\\{closure}(Object(Illuminate\\Http\\Request))
#48 C:\\xampp\\htdocs\\secprog\\SecPro\\FrontEndSec\\vendor\\laravel\\framework\\src\\Illuminate\\Pipeline\\Pipeline.php(219): Illuminate\\Http\\Middleware\\TrustProxies->handle(Object(Illuminate\\Http\\Request), Object(Closure))
#49 C:\\xampp\\htdocs\\secprog\\SecPro\\FrontEndSec\\vendor\\laravel\\framework\\src\\Illuminate\\Foundation\\Http\\Middleware\\InvokeDeferredCallbacks.php(22): Illuminate\\Pipeline\\Pipeline->Illuminate\\Pipeline\\{closure}(Object(Illuminate\\Http\\Request))
#50 C:\\xampp\\htdocs\\secprog\\SecPro\\FrontEndSec\\vendor\\laravel\\framework\\src\\Illuminate\\Pipeline\\Pipeline.php(219): Illuminate\\Foundation\\Http\\Middleware\\InvokeDeferredCallbacks->handle(Object(Illuminate\\Http\\Request), Object(Closure))
#51 C:\\xampp\\htdocs\\secprog\\SecPro\\FrontEndSec\\vendor\\laravel\\framework\\src\\Illuminate\\Http\\Middleware\\ValidatePathEncoding.php(26): Illuminate\\Pipeline\\Pipeline->Illuminate\\Pipeline\\{closure}(Object(Illuminate\\Http\\Request))
#52 C:\\xampp\\htdocs\\secprog\\SecPro\\FrontEndSec\\vendor\\laravel\\framework\\src\\Illuminate\\Pipeline\\Pipeline.php(219): Illuminate\\Http\\Middleware\\ValidatePathEncoding->handle(Object(Illuminate\\Http\\Request), Object(Closure))
#53 C:\\xampp\\htdocs\\secprog\\SecPro\\FrontEndSec\\vendor\\laravel\\framework\\src\\Illuminate\\Pipeline\\Pipeline.php(137): Illuminate\\Pipeline\\Pipeline->Illuminate\\Pipeline\\{closure}(Object(Illuminate\\Http\\Request))
#54 C:\\xampp\\htdocs\\secprog\\SecPro\\FrontEndSec\\vendor\\laravel\\framework\\src\\Illuminate\\Foundation\\Http\\Kernel.php(175): Illuminate\\Pipeline\\Pipeline->then(Object(Closure))
#55 C:\\xampp\\htdocs\\secprog\\SecPro\\FrontEndSec\\vendor\\laravel\\framework\\src\\Illuminate\\Foundation\\Http\\Kernel.php(144): Illuminate\\Foundation\\Http\\Kernel->sendRequestThroughRouter(Object(Illuminate\\Http\\Request))
#56 C:\\xampp\\htdocs\\secprog\\SecPro\\FrontEndSec\\vendor\\laravel\\framework\\src\\Illuminate\\Foundation\\Application.php(1220): Illuminate\\Foundation\\Http\\Kernel->handle(Object(Illuminate\\Http\\Request))
#57 C:\\xampp\\htdocs\\secprog\\SecPro\\FrontEndSec\\public\\index.php(20): Illuminate\\Foundation\\Application->handleRequest(Object(Illuminate\\Http\\Request))
#58 C:\\xampp\\htdocs\\secprog\\SecPro\\FrontEndSec\\vendor\\laravel\\framework\\src\\Illuminate\\Foundation\\resources\\server.php(23): require_once('C:\\\\xampp\\\\htdocs...')
#59 {main}
"} 
[2025-11-18 15:55:52] local.ERROR: Undefined variable $weeklyRecipes (View: C:\xampp\htdocs\secprog\SecPro\FrontEndSec\resources\views\mainPage.blade.php) {"exception":"[object] (Illuminate\\View\\ViewException(code: 0): Undefined variable $weeklyRecipes (View: C:\\xampp\\htdocs\\secprog\\SecPro\\FrontEndSec\\resources\\views\\mainPage.blade.php) at C:\\xampp\\htdocs\\secprog\\SecPro\\FrontEndSec\\storage\\framework\\views\\1f1e764261ce25fd6ab9770d03d6856e.php:142)
[stacktrace]
#0 C:\\xampp\\htdocs\\secprog\\SecPro\\FrontEndSec\\vendor\\laravel\\framework\\src\\Illuminate\\View\\Engines\\PhpEngine.php(59): Illuminate\\View\\Engines\\CompilerEngine->handleViewException(Object(ErrorException), 1)
#1 C:\\xampp\\htdocs\\secprog\\SecPro\\FrontEndSec\\vendor\\laravel\\framework\\src\\Illuminate\\View\\Engines\\CompilerEngine.php(76): Illuminate\\View\\Engines\\PhpEngine->evaluatePath('C:\\\\xampp\\\\htdocs...', Array)
#2 C:\\xampp\\htdocs\\secprog\\SecPro\\FrontEndSec\\vendor\\laravel\\framework\\src\\Illuminate\\View\\View.php(208): Illuminate\\View\\Engines\\CompilerEngine->get('C:\\\\xampp\\\\htdocs...', Array)
#3 C:\\xampp\\htdocs\\secprog\\SecPro\\FrontEndSec\\vendor\\laravel\\framework\\src\\Illuminate\\View\\View.php(191): Illuminate\\View\\View->getContents()
#4 C:\\xampp\\htdocs\\secprog\\SecPro\\FrontEndSec\\vendor\\laravel\\framework\\src\\Illuminate\\View\\View.php(160): Illuminate\\View\\View->renderContents()
#5 C:\\xampp\\htdocs\\secprog\\SecPro\\FrontEndSec\\vendor\\laravel\\framework\\src\\Illuminate\\Http\\Response.php(78): Illuminate\\View\\View->render()
#6 C:\\xampp\\htdocs\\secprog\\SecPro\\FrontEndSec\\vendor\\laravel\\framework\\src\\Illuminate\\Http\\Response.php(34): Illuminate\\Http\\Response->setContent(Object(Illuminate\\View\\View))
#7 C:\\xampp\\htdocs\\secprog\\SecPro\\FrontEndSec\\vendor\\laravel\\framework\\src\\Illuminate\\Routing\\Router.php(939): Illuminate\\Http\\Response->__construct(Object(Illuminate\\View\\View), 200, Array)
#8 C:\\xampp\\htdocs\\secprog\\SecPro\\FrontEndSec\\vendor\\laravel\\framework\\src\\Illuminate\\Routing\\Router.php(906): Illuminate\\Routing\\Router::toResponse(Object(Illuminate\\Http\\Request), Object(Illuminate\\View\\View))
#9 C:\\xampp\\htdocs\\secprog\\SecPro\\FrontEndSec\\vendor\\laravel\\framework\\src\\Illuminate\\Routing\\Router.php(821): Illuminate\\Routing\\Router->prepareResponse(Object(Illuminate\\Http\\Request), Object(Illuminate\\View\\View))
#10 C:\\xampp\\htdocs\\secprog\\SecPro\\FrontEndSec\\vendor\\laravel\\framework\\src\\Illuminate\\Pipeline\\Pipeline.php(180): Illuminate\\Routing\\Router->Illuminate\\Routing\\{closure}(Object(Illuminate\\Http\\Request))
#11 C:\\xampp\\htdocs\\secprog\\SecPro\\FrontEndSec\\vendor\\laravel\\framework\\src\\Illuminate\\Routing\\Middleware\\SubstituteBindings.php(50): Illuminate\\Pipeline\\Pipeline->Illuminate\\Pipeline\\{closure}(Object(Illuminate\\Http\\Request))
#12 C:\\xampp\\htdocs\\secprog\\SecPro\\FrontEndSec\\vendor\\laravel\\framework\\src\\Illuminate\\Pipeline\\Pipeline.php(219): Illuminate\\Routing\\Middleware\\SubstituteBindings->handle(Object(Illuminate\\Http\\Request), Object(Closure))
#13 C:\\xampp\\htdocs\\secprog\\SecPro\\FrontEndSec\\vendor\\laravel\\framework\\src\\Illuminate\\Foundation\\Http\\Middleware\\VerifyCsrfToken.php(87): Illuminate\\Pipeline\\Pipeline->Illuminate\\Pipeline\\{closure}(Object(Illuminate\\Http\\Request))
#14 C:\\xampp\\htdocs\\secprog\\SecPro\\FrontEndSec\\vendor\\laravel\\framework\\src\\Illuminate\\Pipeline\\Pipeline.php(219): Illuminate\\Foundation\\Http\\Middleware\\VerifyCsrfToken->handle(Object(Illuminate\\Http\\Request), Object(Closure))
#15 C:\\xampp\\htdocs\\secprog\\SecPro\\FrontEndSec\\vendor\\laravel\\framework\\src\\Illuminate\\View\\Middleware\\ShareErrorsFromSession.php(48): Illuminate\\Pipeline\\Pipeline->Illuminate\\Pipeline\\{closure}(Object(Illuminate\\Http\\Request))
#16 C:\\xampp\\htdocs\\secprog\\SecPro\\FrontEndSec\\vendor\\laravel\\framework\\src\\Illuminate\\Pipeline\\Pipeline.php(219): Illuminate\\View\\Middleware\\ShareErrorsFromSession->handle(Object(Illuminate\\Http\\Request), Object(Closure))
#17 C:\\xampp\\htdocs\\secprog\\SecPro\\FrontEndSec\\vendor\\laravel\\framework\\src\\Illuminate\\Session\\Middleware\\StartSession.php(120): Illuminate\\Pipeline\\Pipeline->Illuminate\\Pipeline\\{closure}(Object(Illuminate\\Http\\Request))
#18 C:\\xampp\\htdocs\\secprog\\SecPro\\FrontEndSec\\vendor\\laravel\\framework\\src\\Illuminate\\Session\\Middleware\\StartSession.php(63): Illuminate\\Session\\Middleware\\StartSession->handleStatefulRequest(Object(Illuminate\\Http\\Request), Object(Illuminate\\Session\\Store), Object(Closure))
#19 C:\\xampp\\htdocs\\secprog\\SecPro\\FrontEndSec\\vendor\\laravel\\framework\\src\\Illuminate\\Pipeline\\Pipeline.php(219): Illuminate\\Session\\Middleware\\StartSession->handle(Object(Illuminate\\Http\\Request), Object(Closure))
#20 C:\\xampp\\htdocs\\secprog\\SecPro\\FrontEndSec\\vendor\\laravel\\framework\\src\\Illuminate\\Cookie\\Middleware\\AddQueuedCookiesToResponse.php(36): Illuminate\\Pipeline\\Pipeline->Illuminate\\Pipeline\\{closure}(Object(Illuminate\\Http\\Request))
#21 C:\\xampp\\htdocs\\secprog\\SecPro\\FrontEndSec\\vendor\\laravel\\framework\\src\\Illuminate\\Pipeline\\Pipeline.php(219): Illuminate\\Cookie\\Middleware\\AddQueuedCookiesToResponse->handle(Object(Illuminate\\Http\\Request), Object(Closure))
#22 C:\\xampp\\htdocs\\secprog\\SecPro\\FrontEndSec\\vendor\\laravel\\framework\\src\\Illuminate\\Cookie\\Middleware\\EncryptCookies.php(74): Illuminate\\Pipeline\\Pipeline->Illuminate\\Pipeline\\{closure}(Object(Illuminate\\Http\\Request))
#23 C:\\xampp\\htdocs\\secprog\\SecPro\\FrontEndSec\\vendor\\laravel\\framework\\src\\Illuminate\\Pipeline\\Pipeline.php(219): Illuminate\\Cookie\\Middleware\\EncryptCookies->handle(Object(Illuminate\\Http\\Request), Object(Closure))
#24 C:\\xampp\\htdocs\\secprog\\SecPro\\FrontEndSec\\vendor\\laravel\\framework\\src\\Illuminate\\Pipeline\\Pipeline.php(137): Illuminate\\Pipeline\\Pipeline->Illuminate\\Pipeline\\{closure}(Object(Illuminate\\Http\\Request))
#25 C:\\xampp\\htdocs\\secprog\\SecPro\\FrontEndSec\\vendor\\laravel\\framework\\src\\Illuminate\\Routing\\Router.php(821): Illuminate\\Pipeline\\Pipeline->then(Object(Closure))
#26 C:\\xampp\\htdocs\\secprog\\SecPro\\FrontEndSec\\vendor\\laravel\\framework\\src\\Illuminate\\Routing\\Router.php(800): Illuminate\\Routing\\Router->runRouteWithinStack(Object(Illuminate\\Routing\\Route), Object(Illuminate\\Http\\Request))
#27 C:\\xampp\\htdocs\\secprog\\SecPro\\FrontEndSec\\vendor\\laravel\\framework\\src\\Illuminate\\Routing\\Router.php(764): Illuminate\\Routing\\Router->runRoute(Object(Illuminate\\Http\\Request), Object(Illuminate\\Routing\\Route))
#28 C:\\xampp\\htdocs\\secprog\\SecPro\\FrontEndSec\\vendor\\laravel\\framework\\src\\Illuminate\\Routing\\Router.php(753): Illuminate\\Routing\\Router->dispatchToRoute(Object(Illuminate\\Http\\Request))
#29 C:\\xampp\\htdocs\\secprog\\SecPro\\FrontEndSec\\vendor\\laravel\\framework\\src\\Illuminate\\Foundation\\Http\\Kernel.php(200): Illuminate\\Routing\\Router->dispatch(Object(Illuminate\\Http\\Request))
#30 C:\\xampp\\htdocs\\secprog\\SecPro\\FrontEndSec\\vendor\\laravel\\framework\\src\\Illuminate\\Pipeline\\Pipeline.php(180): Illuminate\\Foundation\\Http\\Kernel->Illuminate\\Foundation\\Http\\{closure}(Object(Illuminate\\Http\\Request))
#31 C:\\xampp\\htdocs\\secprog\\SecPro\\FrontEndSec\\vendor\\laravel\\framework\\src\\Illuminate\\Foundation\\Http\\Middleware\\TransformsRequest.php(21): Illuminate\\Pipeline\\Pipeline->Illuminate\\Pipeline\\{closure}(Object(Illuminate\\Http\\Request))
#32 C:\\xampp\\htdocs\\secprog\\SecPro\\FrontEndSec\\vendor\\laravel\\framework\\src\\Illuminate\\Foundation\\Http\\Middleware\\ConvertEmptyStringsToNull.php(31): Illuminate\\Foundation\\Http\\Middleware\\TransformsRequest->handle(Object(Illuminate\\Http\\Request), Object(Closure))
#33 C:\\xampp\\htdocs\\secprog\\SecPro\\FrontEndSec\\vendor\\laravel\\framework\\src\\Illuminate\\Pipeline\\Pipeline.php(219): Illuminate\\Foundation\\Http\\Middleware\\ConvertEmptyStringsToNull->handle(Object(Illuminate\\Http\\Request), Object(Closure))
#34 C:\\xampp\\htdocs\\secprog\\SecPro\\FrontEndSec\\vendor\\laravel\\framework\\src\\Illuminate\\Foundation\\Http\\Middleware\\TransformsRequest.php(21): Illuminate\\Pipeline\\Pipeline->Illuminate\\Pipeline\\{closure}(Object(Illuminate\\Http\\Request))
#35 C:\\xampp\\htdocs\\secprog\\SecPro\\FrontEndSec\\vendor\\laravel\\framework\\src\\Illuminate\\Foundation\\Http\\Middleware\\TrimStrings.php(51): Illuminate\\Foundation\\Http\\Middleware\\TransformsRequest->handle(Object(Illuminate\\Http\\Request), Object(Closure))
#36 C:\\xampp\\htdocs\\secprog\\SecPro\\FrontEndSec\\vendor\\laravel\\framework\\src\\Illuminate\\Pipeline\\Pipeline.php(219): Illuminate\\Foundation\\Http\\Middleware\\TrimStrings->handle(Object(Illuminate\\Http\\Request), Object(Closure))
#37 C:\\xampp\\htdocs\\secprog\\SecPro\\FrontEndSec\\vendor\\laravel\\framework\\src\\Illuminate\\Http\\Middleware\\ValidatePostSize.php(27): Illuminate\\Pipeline\\Pipeline->Illuminate\\Pipeline\\{closure}(Object(Illuminate\\Http\\Request))
#38 C:\\xampp\\htdocs\\secprog\\SecPro\\FrontEndSec\\vendor\\laravel\\framework\\src\\Illuminate\\Pipeline\\Pipeline.php(219): Illuminate\\Http\\Middleware\\ValidatePostSize->handle(Object(Illuminate\\Http\\Request), Object(Closure))
#39 C:\\xampp\\htdocs\\secprog\\SecPro\\FrontEndSec\\vendor\\laravel\\framework\\src\\Illuminate\\Foundation\\Http\\Middleware\\PreventRequestsDuringMaintenance.php(109): Illuminate\\Pipeline\\Pipeline->Illuminate\\Pipeline\\{closure}(Object(Illuminate\\Http\\Request))
#40 C:\\xampp\\htdocs\\secprog\\SecPro\\FrontEndSec\\vendor\\laravel\\framework\\src\\Illuminate\\Pipeline\\Pipeline.php(219): Illuminate\\Foundation\\Http\\Middleware\\PreventRequestsDuringMaintenance->handle(Object(Illuminate\\Http\\Request), Object(Closure))
#41 C:\\xampp\\htdocs\\secprog\\SecPro\\FrontEndSec\\vendor\\laravel\\framework\\src\\Illuminate\\Http\\Middleware\\HandleCors.php(48): Illuminate\\Pipeline\\Pipeline->Illuminate\\Pipeline\\{closure}(Object(Illuminate\\Http\\Request))
#42 C:\\xampp\\htdocs\\secprog\\SecPro\\FrontEndSec\\vendor\\laravel\\framework\\src\\Illuminate\\Pipeline\\Pipeline.php(219): Illuminate\\Http\\Middleware\\HandleCors->handle(Object(Illuminate\\Http\\Request), Object(Closure))
#43 C:\\xampp\\htdocs\\secprog\\SecPro\\FrontEndSec\\vendor\\laravel\\framework\\src\\Illuminate\\Http\\Middleware\\TrustProxies.php(58): Illuminate\\Pipeline\\Pipeline->Illuminate\\Pipeline\\{closure}(Object(Illuminate\\Http\\Request))
#44 C:\\xampp\\htdocs\\secprog\\SecPro\\FrontEndSec\\vendor\\laravel\\framework\\src\\Illuminate\\Pipeline\\Pipeline.php(219): Illuminate\\Http\\Middleware\\TrustProxies->handle(Object(Illuminate\\Http\\Request), Object(Closure))
#45 C:\\xampp\\htdocs\\secprog\\SecPro\\FrontEndSec\\vendor\\laravel\\framework\\src\\Illuminate\\Foundation\\Http\\Middleware\\InvokeDeferredCallbacks.php(22): Illuminate\\Pipeline\\Pipeline->Illuminate\\Pipeline\\{closure}(Object(Illuminate\\Http\\Request))
#46 C:\\xampp\\htdocs\\secprog\\SecPro\\FrontEndSec\\vendor\\laravel\\framework\\src\\Illuminate\\Pipeline\\Pipeline.php(219): Illuminate\\Foundation\\Http\\Middleware\\InvokeDeferredCallbacks->handle(Object(Illuminate\\Http\\Request), Object(Closure))
#47 C:\\xampp\\htdocs\\secprog\\SecPro\\FrontEndSec\\vendor\\laravel\\framework\\src\\Illuminate\\Http\\Middleware\\ValidatePathEncoding.php(26): Illuminate\\Pipeline\\Pipeline->Illuminate\\Pipeline\\{closure}(Object(Illuminate\\Http\\Request))
#48 C:\\xampp\\htdocs\\secprog\\SecPro\\FrontEndSec\\vendor\\laravel\\framework\\src\\Illuminate\\Pipeline\\Pipeline.php(219): Illuminate\\Http\\Middleware\\ValidatePathEncoding->handle(Object(Illuminate\\Http\\Request), Object(Closure))
#49 C:\\xampp\\htdocs\\secprog\\SecPro\\FrontEndSec\\vendor\\laravel\\framework\\src\\Illuminate\\Pipeline\\Pipeline.php(137): Illuminate\\Pipeline\\Pipeline->Illuminate\\Pipeline\\{closure}(Object(Illuminate\\Http\\Request))
#50 C:\\xampp\\htdocs\\secprog\\SecPro\\FrontEndSec\\vendor\\laravel\\framework\\src\\Illuminate\\Foundation\\Http\\Kernel.php(175): Illuminate\\Pipeline\\Pipeline->then(Object(Closure))
#51 C:\\xampp\\htdocs\\secprog\\SecPro\\FrontEndSec\\vendor\\laravel\\framework\\src\\Illuminate\\Foundation\\Http\\Kernel.php(144): Illuminate\\Foundation\\Http\\Kernel->sendRequestThroughRouter(Object(Illuminate\\Http\\Request))
#52 C:\\xampp\\htdocs\\secprog\\SecPro\\FrontEndSec\\vendor\\laravel\\framework\\src\\Illuminate\\Foundation\\Application.php(1220): Illuminate\\Foundation\\Http\\Kernel->handle(Object(Illuminate\\Http\\Request))
#53 C:\\xampp\\htdocs\\secprog\\SecPro\\FrontEndSec\\public\\index.php(20): Illuminate\\Foundation\\Application->handleRequest(Object(Illuminate\\Http\\Request))
#54 C:\\xampp\\htdocs\\secprog\\SecPro\\FrontEndSec\\vendor\\laravel\\framework\\src\\Illuminate\\Foundation\\resources\\server.php(23): require_once('C:\\\\xampp\\\\htdocs...')
#55 {main}

[previous exception] [object] (ErrorException(code: 0): Undefined variable $weeklyRecipes at C:\\xampp\\htdocs\\secprog\\SecPro\\FrontEndSec\\storage\\framework\\views\\1f1e764261ce25fd6ab9770d03d6856e.php:142)
[stacktrace]
#0 C:\\xampp\\htdocs\\secprog\\SecPro\\FrontEndSec\\vendor\\laravel\\framework\\src\\Illuminate\\Foundation\\Bootstrap\\HandleExceptions.php(258): Illuminate\\Foundation\\Bootstrap\\HandleExceptions->handleError(2, 'Undefined varia...', 'C:\\\\xampp\\\\htdocs...', 142)
#1 C:\\xampp\\htdocs\\secprog\\SecPro\\FrontEndSec\\storage\\framework\\views\\1f1e764261ce25fd6ab9770d03d6856e.php(142): Illuminate\\Foundation\\Bootstrap\\HandleExceptions->Illuminate\\Foundation\\Bootstrap\\{closure}(2, 'Undefined varia...', 'C:\\\\xampp\\\\htdocs...', 142)
#2 C:\\xampp\\htdocs\\secprog\\SecPro\\FrontEndSec\\vendor\\laravel\\framework\\src\\Illuminate\\Filesystem\\Filesystem.php(123): require('C:\\\\xampp\\\\htdocs...')
#3 C:\\xampp\\htdocs\\secprog\\SecPro\\FrontEndSec\\vendor\\laravel\\framework\\src\\Illuminate\\Filesystem\\Filesystem.php(124): Illuminate\\Filesystem\\Filesystem::Illuminate\\Filesystem\\{closure}()
#4 C:\\xampp\\htdocs\\secprog\\SecPro\\FrontEndSec\\vendor\\laravel\\framework\\src\\Illuminate\\View\\Engines\\PhpEngine.php(57): Illuminate\\Filesystem\\Filesystem->getRequire('C:\\\\xampp\\\\htdocs...', Array)
#5 C:\\xampp\\htdocs\\secprog\\SecPro\\FrontEndSec\\vendor\\laravel\\framework\\src\\Illuminate\\View\\Engines\\CompilerEngine.php(76): Illuminate\\View\\Engines\\PhpEngine->evaluatePath('C:\\\\xampp\\\\htdocs...', Array)
#6 C:\\xampp\\htdocs\\secprog\\SecPro\\FrontEndSec\\vendor\\laravel\\framework\\src\\Illuminate\\View\\View.php(208): Illuminate\\View\\Engines\\CompilerEngine->get('C:\\\\xampp\\\\htdocs...', Array)
#7 C:\\xampp\\htdocs\\secprog\\SecPro\\FrontEndSec\\vendor\\laravel\\framework\\src\\Illuminate\\View\\View.php(191): Illuminate\\View\\View->getContents()
#8 C:\\xampp\\htdocs\\secprog\\SecPro\\FrontEndSec\\vendor\\laravel\\framework\\src\\Illuminate\\View\\View.php(160): Illuminate\\View\\View->renderContents()
#9 C:\\xampp\\htdocs\\secprog\\SecPro\\FrontEndSec\\vendor\\laravel\\framework\\src\\Illuminate\\Http\\Response.php(78): Illuminate\\View\\View->render()
#10 C:\\xampp\\htdocs\\secprog\\SecPro\\FrontEndSec\\vendor\\laravel\\framework\\src\\Illuminate\\Http\\Response.php(34): Illuminate\\Http\\Response->setContent(Object(Illuminate\\View\\View))
#11 C:\\xampp\\htdocs\\secprog\\SecPro\\FrontEndSec\\vendor\\laravel\\framework\\src\\Illuminate\\Routing\\Router.php(939): Illuminate\\Http\\Response->__construct(Object(Illuminate\\View\\View), 200, Array)
#12 C:\\xampp\\htdocs\\secprog\\SecPro\\FrontEndSec\\vendor\\laravel\\framework\\src\\Illuminate\\Routing\\Router.php(906): Illuminate\\Routing\\Router::toResponse(Object(Illuminate\\Http\\Request), Object(Illuminate\\View\\View))
#13 C:\\xampp\\htdocs\\secprog\\SecPro\\FrontEndSec\\vendor\\laravel\\framework\\src\\Illuminate\\Routing\\Router.php(821): Illuminate\\Routing\\Router->prepareResponse(Object(Illuminate\\Http\\Request), Object(Illuminate\\View\\View))
#14 C:\\xampp\\htdocs\\secprog\\SecPro\\FrontEndSec\\vendor\\laravel\\framework\\src\\Illuminate\\Pipeline\\Pipeline.php(180): Illuminate\\Routing\\Router->Illuminate\\Routing\\{closure}(Object(Illuminate\\Http\\Request))
#15 C:\\xampp\\htdocs\\secprog\\SecPro\\FrontEndSec\\vendor\\laravel\\framework\\src\\Illuminate\\Routing\\Middleware\\SubstituteBindings.php(50): Illuminate\\Pipeline\\Pipeline->Illuminate\\Pipeline\\{closure}(Object(Illuminate\\Http\\Request))
#16 C:\\xampp\\htdocs\\secprog\\SecPro\\FrontEndSec\\vendor\\laravel\\framework\\src\\Illuminate\\Pipeline\\Pipeline.php(219): Illuminate\\Routing\\Middleware\\SubstituteBindings->handle(Object(Illuminate\\Http\\Request), Object(Closure))
#17 C:\\xampp\\htdocs\\secprog\\SecPro\\FrontEndSec\\vendor\\laravel\\framework\\src\\Illuminate\\Foundation\\Http\\Middleware\\VerifyCsrfToken.php(87): Illuminate\\Pipeline\\Pipeline->Illuminate\\Pipeline\\{closure}(Object(Illuminate\\Http\\Request))
#18 C:\\xampp\\htdocs\\secprog\\SecPro\\FrontEndSec\\vendor\\laravel\\framework\\src\\Illuminate\\Pipeline\\Pipeline.php(219): Illuminate\\Foundation\\Http\\Middleware\\VerifyCsrfToken->handle(Object(Illuminate\\Http\\Request), Object(Closure))
#19 C:\\xampp\\htdocs\\secprog\\SecPro\\FrontEndSec\\vendor\\laravel\\framework\\src\\Illuminate\\View\\Middleware\\ShareErrorsFromSession.php(48): Illuminate\\Pipeline\\Pipeline->Illuminate\\Pipeline\\{closure}(Object(Illuminate\\Http\\Request))
#20 C:\\xampp\\htdocs\\secprog\\SecPro\\FrontEndSec\\vendor\\laravel\\framework\\src\\Illuminate\\Pipeline\\Pipeline.php(219): Illuminate\\View\\Middleware\\ShareErrorsFromSession->handle(Object(Illuminate\\Http\\Request), Object(Closure))
#21 C:\\xampp\\htdocs\\secprog\\SecPro\\FrontEndSec\\vendor\\laravel\\framework\\src\\Illuminate\\Session\\Middleware\\StartSession.php(120): Illuminate\\Pipeline\\Pipeline->Illuminate\\Pipeline\\{closure}(Object(Illuminate\\Http\\Request))
#22 C:\\xampp\\htdocs\\secprog\\SecPro\\FrontEndSec\\vendor\\laravel\\framework\\src\\Illuminate\\Session\\Middleware\\StartSession.php(63): Illuminate\\Session\\Middleware\\StartSession->handleStatefulRequest(Object(Illuminate\\Http\\Request), Object(Illuminate\\Session\\Store), Object(Closure))
#23 C:\\xampp\\htdocs\\secprog\\SecPro\\FrontEndSec\\vendor\\laravel\\framework\\src\\Illuminate\\Pipeline\\Pipeline.php(219): Illuminate\\Session\\Middleware\\StartSession->handle(Object(Illuminate\\Http\\Request), Object(Closure))
#24 C:\\xampp\\htdocs\\secprog\\SecPro\\FrontEndSec\\vendor\\laravel\\framework\\src\\Illuminate\\Cookie\\Middleware\\AddQueuedCookiesToResponse.php(36): Illuminate\\Pipeline\\Pipeline->Illuminate\\Pipeline\\{closure}(Object(Illuminate\\Http\\Request))
#25 C:\\xampp\\htdocs\\secprog\\SecPro\\FrontEndSec\\vendor\\laravel\\framework\\src\\Illuminate\\Pipeline\\Pipeline.php(219): Illuminate\\Cookie\\Middleware\\AddQueuedCookiesToResponse->handle(Object(Illuminate\\Http\\Request), Object(Closure))
#26 C:\\xampp\\htdocs\\secprog\\SecPro\\FrontEndSec\\vendor\\laravel\\framework\\src\\Illuminate\\Cookie\\Middleware\\EncryptCookies.php(74): Illuminate\\Pipeline\\Pipeline->Illuminate\\Pipeline\\{closure}(Object(Illuminate\\Http\\Request))
#27 C:\\xampp\\htdocs\\secprog\\SecPro\\FrontEndSec\\vendor\\laravel\\framework\\src\\Illuminate\\Pipeline\\Pipeline.php(219): Illuminate\\Cookie\\Middleware\\EncryptCookies->handle(Object(Illuminate\\Http\\Request), Object(Closure))
#28 C:\\xampp\\htdocs\\secprog\\SecPro\\FrontEndSec\\vendor\\laravel\\framework\\src\\Illuminate\\Pipeline\\Pipeline.php(137): Illuminate\\Pipeline\\Pipeline->Illuminate\\Pipeline\\{closure}(Object(Illuminate\\Http\\Request))
#29 C:\\xampp\\htdocs\\secprog\\SecPro\\FrontEndSec\\vendor\\laravel\\framework\\src\\Illuminate\\Routing\\Router.php(821): Illuminate\\Pipeline\\Pipeline->then(Object(Closure))
#30 C:\\xampp\\htdocs\\secprog\\SecPro\\FrontEndSec\\vendor\\laravel\\framework\\src\\Illuminate\\Routing\\Router.php(800): Illuminate\\Routing\\Router->runRouteWithinStack(Object(Illuminate\\Routing\\Route), Object(Illuminate\\Http\\Request))
#31 C:\\xampp\\htdocs\\secprog\\SecPro\\FrontEndSec\\vendor\\laravel\\framework\\src\\Illuminate\\Routing\\Router.php(764): Illuminate\\Routing\\Router->runRoute(Object(Illuminate\\Http\\Request), Object(Illuminate\\Routing\\Route))
#32 C:\\xampp\\htdocs\\secprog\\SecPro\\FrontEndSec\\vendor\\laravel\\framework\\src\\Illuminate\\Routing\\Router.php(753): Illuminate\\Routing\\Router->dispatchToRoute(Object(Illuminate\\Http\\Request))
#33 C:\\xampp\\htdocs\\secprog\\SecPro\\FrontEndSec\\vendor\\laravel\\framework\\src\\Illuminate\\Foundation\\Http\\Kernel.php(200): Illuminate\\Routing\\Router->dispatch(Object(Illuminate\\Http\\Request))
#34 C:\\xampp\\htdocs\\secprog\\SecPro\\FrontEndSec\\vendor\\laravel\\framework\\src\\Illuminate\\Pipeline\\Pipeline.php(180): Illuminate\\Foundation\\Http\\Kernel->Illuminate\\Foundation\\Http\\{closure}(Object(Illuminate\\Http\\Request))
#35 C:\\xampp\\htdocs\\secprog\\SecPro\\FrontEndSec\\vendor\\laravel\\framework\\src\\Illuminate\\Foundation\\Http\\Middleware\\TransformsRequest.php(21): Illuminate\\Pipeline\\Pipeline->Illuminate\\Pipeline\\{closure}(Object(Illuminate\\Http\\Request))
#36 C:\\xampp\\htdocs\\secprog\\SecPro\\FrontEndSec\\vendor\\laravel\\framework\\src\\Illuminate\\Foundation\\Http\\Middleware\\ConvertEmptyStringsToNull.php(31): Illuminate\\Foundation\\Http\\Middleware\\TransformsRequest->handle(Object(Illuminate\\Http\\Request), Object(Closure))
#37 C:\\xampp\\htdocs\\secprog\\SecPro\\FrontEndSec\\vendor\\laravel\\framework\\src\\Illuminate\\Pipeline\\Pipeline.php(219): Illuminate\\Foundation\\Http\\Middleware\\ConvertEmptyStringsToNull->handle(Object(Illuminate\\Http\\Request), Object(Closure))
#38 C:\\xampp\\htdocs\\secprog\\SecPro\\FrontEndSec\\vendor\\laravel\\framework\\src\\Illuminate\\Foundation\\Http\\Middleware\\TransformsRequest.php(21): Illuminate\\Pipeline\\Pipeline->Illuminate\\Pipeline\\{closure}(Object(Illuminate\\Http\\Request))
#39 C:\\xampp\\htdocs\\secprog\\SecPro\\FrontEndSec\\vendor\\laravel\\framework\\src\\Illuminate\\Foundation\\Http\\Middleware\\TrimStrings.php(51): Illuminate\\Foundation\\Http\\Middleware\\TransformsRequest->handle(Object(Illuminate\\Http\\Request), Object(Closure))
#40 C:\\xampp\\htdocs\\secprog\\SecPro\\FrontEndSec\\vendor\\laravel\\framework\\src\\Illuminate\\Pipeline\\Pipeline.php(219): Illuminate\\Foundation\\Http\\Middleware\\TrimStrings->handle(Object(Illuminate\\Http\\Request), Object(Closure))
#41 C:\\xampp\\htdocs\\secprog\\SecPro\\FrontEndSec\\vendor\\laravel\\framework\\src\\Illuminate\\Http\\Middleware\\ValidatePostSize.php(27): Illuminate\\Pipeline\\Pipeline->Illuminate\\Pipeline\\{closure}(Object(Illuminate\\Http\\Request))
#42 C:\\xampp\\htdocs\\secprog\\SecPro\\FrontEndSec\\vendor\\laravel\\framework\\src\\Illuminate\\Pipeline\\Pipeline.php(219): Illuminate\\Http\\Middleware\\ValidatePostSize->handle(Object(Illuminate\\Http\\Request), Object(Closure))
#43 C:\\xampp\\htdocs\\secprog\\SecPro\\FrontEndSec\\vendor\\laravel\\framework\\src\\Illuminate\\Foundation\\Http\\Middleware\\PreventRequestsDuringMaintenance.php(109): Illuminate\\Pipeline\\Pipeline->Illuminate\\Pipeline\\{closure}(Object(Illuminate\\Http\\Request))
#44 C:\\xampp\\htdocs\\secprog\\SecPro\\FrontEndSec\\vendor\\laravel\\framework\\src\\Illuminate\\Pipeline\\Pipeline.php(219): Illuminate\\Foundation\\Http\\Middleware\\PreventRequestsDuringMaintenance->handle(Object(Illuminate\\Http\\Request), Object(Closure))
#45 C:\\xampp\\htdocs\\secprog\\SecPro\\FrontEndSec\\vendor\\laravel\\framework\\src\\Illuminate\\Http\\Middleware\\HandleCors.php(48): Illuminate\\Pipeline\\Pipeline->Illuminate\\Pipeline\\{closure}(Object(Illuminate\\Http\\Request))
#46 C:\\xampp\\htdocs\\secprog\\SecPro\\FrontEndSec\\vendor\\laravel\\framework\\src\\Illuminate\\Pipeline\\Pipeline.php(219): Illuminate\\Http\\Middleware\\HandleCors->handle(Object(Illuminate\\Http\\Request), Object(Closure))
#47 C:\\xampp\\htdocs\\secprog\\SecPro\\FrontEndSec\\vendor\\laravel\\framework\\src\\Illuminate\\Http\\Middleware\\TrustProxies.php(58): Illuminate\\Pipeline\\Pipeline->Illuminate\\Pipeline\\{closure}(Object(Illuminate\\Http\\Request))
#48 C:\\xampp\\htdocs\\secprog\\SecPro\\FrontEndSec\\vendor\\laravel\\framework\\src\\Illuminate\\Pipeline\\Pipeline.php(219): Illuminate\\Http\\Middleware\\TrustProxies->handle(Object(Illuminate\\Http\\Request), Object(Closure))
#49 C:\\xampp\\htdocs\\secprog\\SecPro\\FrontEndSec\\vendor\\laravel\\framework\\src\\Illuminate\\Foundation\\Http\\Middleware\\InvokeDeferredCallbacks.php(22): Illuminate\\Pipeline\\Pipeline->Illuminate\\Pipeline\\{closure}(Object(Illuminate\\Http\\Request))
#50 C:\\xampp\\htdocs\\secprog\\SecPro\\FrontEndSec\\vendor\\laravel\\framework\\src\\Illuminate\\Pipeline\\Pipeline.php(219): Illuminate\\Foundation\\Http\\Middleware\\InvokeDeferredCallbacks->handle(Object(Illuminate\\Http\\Request), Object(Closure))
#51 C:\\xampp\\htdocs\\secprog\\SecPro\\FrontEndSec\\vendor\\laravel\\framework\\src\\Illuminate\\Http\\Middleware\\ValidatePathEncoding.php(26): Illuminate\\Pipeline\\Pipeline->Illuminate\\Pipeline\\{closure}(Object(Illuminate\\Http\\Request))
#52 C:\\xampp\\htdocs\\secprog\\SecPro\\FrontEndSec\\vendor\\laravel\\framework\\src\\Illuminate\\Pipeline\\Pipeline.php(219): Illuminate\\Http\\Middleware\\ValidatePathEncoding->handle(Object(Illuminate\\Http\\Request), Object(Closure))
#53 C:\\xampp\\htdocs\\secprog\\SecPro\\FrontEndSec\\vendor\\laravel\\framework\\src\\Illuminate\\Pipeline\\Pipeline.php(137): Illuminate\\Pipeline\\Pipeline->Illuminate\\Pipeline\\{closure}(Object(Illuminate\\Http\\Request))
#54 C:\\xampp\\htdocs\\secprog\\SecPro\\FrontEndSec\\vendor\\laravel\\framework\\src\\Illuminate\\Foundation\\Http\\Kernel.php(175): Illuminate\\Pipeline\\Pipeline->then(Object(Closure))
#55 C:\\xampp\\htdocs\\secprog\\SecPro\\FrontEndSec\\vendor\\laravel\\framework\\src\\Illuminate\\Foundation\\Http\\Kernel.php(144): Illuminate\\Foundation\\Http\\Kernel->sendRequestThroughRouter(Object(Illuminate\\Http\\Request))
#56 C:\\xampp\\htdocs\\secprog\\SecPro\\FrontEndSec\\vendor\\laravel\\framework\\src\\Illuminate\\Foundation\\Application.php(1220): Illuminate\\Foundation\\Http\\Kernel->handle(Object(Illuminate\\Http\\Request))
#57 C:\\xampp\\htdocs\\secprog\\SecPro\\FrontEndSec\\public\\index.php(20): Illuminate\\Foundation\\Application->handleRequest(Object(Illuminate\\Http\\Request))
#58 C:\\xampp\\htdocs\\secprog\\SecPro\\FrontEndSec\\vendor\\laravel\\framework\\src\\Illuminate\\Foundation\\resources\\server.php(23): require_once('C:\\\\xampp\\\\htdocs...')
#59 {main}
"} 
[2025-11-18 15:55:59] local.ERROR: Undefined variable $weeklyRecipes (View: C:\xampp\htdocs\secprog\SecPro\FrontEndSec\resources\views\mainPage.blade.php) {"exception":"[object] (Illuminate\\View\\ViewException(code: 0): Undefined variable $weeklyRecipes (View: C:\\xampp\\htdocs\\secprog\\SecPro\\FrontEndSec\\resources\\views\\mainPage.blade.php) at C:\\xampp\\htdocs\\secprog\\SecPro\\FrontEndSec\\storage\\framework\\views\\1f1e764261ce25fd6ab9770d03d6856e.php:141)
[stacktrace]
#0 C:\\xampp\\htdocs\\secprog\\SecPro\\FrontEndSec\\vendor\\laravel\\framework\\src\\Illuminate\\View\\Engines\\PhpEngine.php(59): Illuminate\\View\\Engines\\CompilerEngine->handleViewException(Object(ErrorException), 1)
#1 C:\\xampp\\htdocs\\secprog\\SecPro\\FrontEndSec\\vendor\\laravel\\framework\\src\\Illuminate\\View\\Engines\\CompilerEngine.php(76): Illuminate\\View\\Engines\\PhpEngine->evaluatePath('C:\\\\xampp\\\\htdocs...', Array)
#2 C:\\xampp\\htdocs\\secprog\\SecPro\\FrontEndSec\\vendor\\laravel\\framework\\src\\Illuminate\\View\\View.php(208): Illuminate\\View\\Engines\\CompilerEngine->get('C:\\\\xampp\\\\htdocs...', Array)
#3 C:\\xampp\\htdocs\\secprog\\SecPro\\FrontEndSec\\vendor\\laravel\\framework\\src\\Illuminate\\View\\View.php(191): Illuminate\\View\\View->getContents()
#4 C:\\xampp\\htdocs\\secprog\\SecPro\\FrontEndSec\\vendor\\laravel\\framework\\src\\Illuminate\\View\\View.php(160): Illuminate\\View\\View->renderContents()
#5 C:\\xampp\\htdocs\\secprog\\SecPro\\FrontEndSec\\vendor\\laravel\\framework\\src\\Illuminate\\Http\\Response.php(78): Illuminate\\View\\View->render()
#6 C:\\xampp\\htdocs\\secprog\\SecPro\\FrontEndSec\\vendor\\laravel\\framework\\src\\Illuminate\\Http\\Response.php(34): Illuminate\\Http\\Response->setContent(Object(Illuminate\\View\\View))
#7 C:\\xampp\\htdocs\\secprog\\SecPro\\FrontEndSec\\vendor\\laravel\\framework\\src\\Illuminate\\Routing\\Router.php(939): Illuminate\\Http\\Response->__construct(Object(Illuminate\\View\\View), 200, Array)
#8 C:\\xampp\\htdocs\\secprog\\SecPro\\FrontEndSec\\vendor\\laravel\\framework\\src\\Illuminate\\Routing\\Router.php(906): Illuminate\\Routing\\Router::toResponse(Object(Illuminate\\Http\\Request), Object(Illuminate\\View\\View))
#9 C:\\xampp\\htdocs\\secprog\\SecPro\\FrontEndSec\\vendor\\laravel\\framework\\src\\Illuminate\\Routing\\Router.php(821): Illuminate\\Routing\\Router->prepareResponse(Object(Illuminate\\Http\\Request), Object(Illuminate\\View\\View))
#10 C:\\xampp\\htdocs\\secprog\\SecPro\\FrontEndSec\\vendor\\laravel\\framework\\src\\Illuminate\\Pipeline\\Pipeline.php(180): Illuminate\\Routing\\Router->Illuminate\\Routing\\{closure}(Object(Illuminate\\Http\\Request))
#11 C:\\xampp\\htdocs\\secprog\\SecPro\\FrontEndSec\\vendor\\laravel\\framework\\src\\Illuminate\\Routing\\Middleware\\SubstituteBindings.php(50): Illuminate\\Pipeline\\Pipeline->Illuminate\\Pipeline\\{closure}(Object(Illuminate\\Http\\Request))
#12 C:\\xampp\\htdocs\\secprog\\SecPro\\FrontEndSec\\vendor\\laravel\\framework\\src\\Illuminate\\Pipeline\\Pipeline.php(219): Illuminate\\Routing\\Middleware\\SubstituteBindings->handle(Object(Illuminate\\Http\\Request), Object(Closure))
#13 C:\\xampp\\htdocs\\secprog\\SecPro\\FrontEndSec\\vendor\\laravel\\framework\\src\\Illuminate\\Foundation\\Http\\Middleware\\VerifyCsrfToken.php(87): Illuminate\\Pipeline\\Pipeline->Illuminate\\Pipeline\\{closure}(Object(Illuminate\\Http\\Request))
#14 C:\\xampp\\htdocs\\secprog\\SecPro\\FrontEndSec\\vendor\\laravel\\framework\\src\\Illuminate\\Pipeline\\Pipeline.php(219): Illuminate\\Foundation\\Http\\Middleware\\VerifyCsrfToken->handle(Object(Illuminate\\Http\\Request), Object(Closure))
#15 C:\\xampp\\htdocs\\secprog\\SecPro\\FrontEndSec\\vendor\\laravel\\framework\\src\\Illuminate\\View\\Middleware\\ShareErrorsFromSession.php(48): Illuminate\\Pipeline\\Pipeline->Illuminate\\Pipeline\\{closure}(Object(Illuminate\\Http\\Request))
#16 C:\\xampp\\htdocs\\secprog\\SecPro\\FrontEndSec\\vendor\\laravel\\framework\\src\\Illuminate\\Pipeline\\Pipeline.php(219): Illuminate\\View\\Middleware\\ShareErrorsFromSession->handle(Object(Illuminate\\Http\\Request), Object(Closure))
#17 C:\\xampp\\htdocs\\secprog\\SecPro\\FrontEndSec\\vendor\\laravel\\framework\\src\\Illuminate\\Session\\Middleware\\StartSession.php(120): Illuminate\\Pipeline\\Pipeline->Illuminate\\Pipeline\\{closure}(Object(Illuminate\\Http\\Request))
#18 C:\\xampp\\htdocs\\secprog\\SecPro\\FrontEndSec\\vendor\\laravel\\framework\\src\\Illuminate\\Session\\Middleware\\StartSession.php(63): Illuminate\\Session\\Middleware\\StartSession->handleStatefulRequest(Object(Illuminate\\Http\\Request), Object(Illuminate\\Session\\Store), Object(Closure))
#19 C:\\xampp\\htdocs\\secprog\\SecPro\\FrontEndSec\\vendor\\laravel\\framework\\src\\Illuminate\\Pipeline\\Pipeline.php(219): Illuminate\\Session\\Middleware\\StartSession->handle(Object(Illuminate\\Http\\Request), Object(Closure))
#20 C:\\xampp\\htdocs\\secprog\\SecPro\\FrontEndSec\\vendor\\laravel\\framework\\src\\Illuminate\\Cookie\\Middleware\\AddQueuedCookiesToResponse.php(36): Illuminate\\Pipeline\\Pipeline->Illuminate\\Pipeline\\{closure}(Object(Illuminate\\Http\\Request))
#21 C:\\xampp\\htdocs\\secprog\\SecPro\\FrontEndSec\\vendor\\laravel\\framework\\src\\Illuminate\\Pipeline\\Pipeline.php(219): Illuminate\\Cookie\\Middleware\\AddQueuedCookiesToResponse->handle(Object(Illuminate\\Http\\Request), Object(Closure))
#22 C:\\xampp\\htdocs\\secprog\\SecPro\\FrontEndSec\\vendor\\laravel\\framework\\src\\Illuminate\\Cookie\\Middleware\\EncryptCookies.php(74): Illuminate\\Pipeline\\Pipeline->Illuminate\\Pipeline\\{closure}(Object(Illuminate\\Http\\Request))
#23 C:\\xampp\\htdocs\\secprog\\SecPro\\FrontEndSec\\vendor\\laravel\\framework\\src\\Illuminate\\Pipeline\\Pipeline.php(219): Illuminate\\Cookie\\Middleware\\EncryptCookies->handle(Object(Illuminate\\Http\\Request), Object(Closure))
#24 C:\\xampp\\htdocs\\secprog\\SecPro\\FrontEndSec\\vendor\\laravel\\framework\\src\\Illuminate\\Pipeline\\Pipeline.php(137): Illuminate\\Pipeline\\Pipeline->Illuminate\\Pipeline\\{closure}(Object(Illuminate\\Http\\Request))
#25 C:\\xampp\\htdocs\\secprog\\SecPro\\FrontEndSec\\vendor\\laravel\\framework\\src\\Illuminate\\Routing\\Router.php(821): Illuminate\\Pipeline\\Pipeline->then(Object(Closure))
#26 C:\\xampp\\htdocs\\secprog\\SecPro\\FrontEndSec\\vendor\\laravel\\framework\\src\\Illuminate\\Routing\\Router.php(800): Illuminate\\Routing\\Router->runRouteWithinStack(Object(Illuminate\\Routing\\Route), Object(Illuminate\\Http\\Request))
#27 C:\\xampp\\htdocs\\secprog\\SecPro\\FrontEndSec\\vendor\\laravel\\framework\\src\\Illuminate\\Routing\\Router.php(764): Illuminate\\Routing\\Router->runRoute(Object(Illuminate\\Http\\Request), Object(Illuminate\\Routing\\Route))
#28 C:\\xampp\\htdocs\\secprog\\SecPro\\FrontEndSec\\vendor\\laravel\\framework\\src\\Illuminate\\Routing\\Router.php(753): Illuminate\\Routing\\Router->dispatchToRoute(Object(Illuminate\\Http\\Request))
#29 C:\\xampp\\htdocs\\secprog\\SecPro\\FrontEndSec\\vendor\\laravel\\framework\\src\\Illuminate\\Foundation\\Http\\Kernel.php(200): Illuminate\\Routing\\Router->dispatch(Object(Illuminate\\Http\\Request))
#30 C:\\xampp\\htdocs\\secprog\\SecPro\\FrontEndSec\\vendor\\laravel\\framework\\src\\Illuminate\\Pipeline\\Pipeline.php(180): Illuminate\\Foundation\\Http\\Kernel->Illuminate\\Foundation\\Http\\{closure}(Object(Illuminate\\Http\\Request))
#31 C:\\xampp\\htdocs\\secprog\\SecPro\\FrontEndSec\\vendor\\laravel\\framework\\src\\Illuminate\\Foundation\\Http\\Middleware\\TransformsRequest.php(21): Illuminate\\Pipeline\\Pipeline->Illuminate\\Pipeline\\{closure}(Object(Illuminate\\Http\\Request))
#32 C:\\xampp\\htdocs\\secprog\\SecPro\\FrontEndSec\\vendor\\laravel\\framework\\src\\Illuminate\\Foundation\\Http\\Middleware\\ConvertEmptyStringsToNull.php(31): Illuminate\\Foundation\\Http\\Middleware\\TransformsRequest->handle(Object(Illuminate\\Http\\Request), Object(Closure))
#33 C:\\xampp\\htdocs\\secprog\\SecPro\\FrontEndSec\\vendor\\laravel\\framework\\src\\Illuminate\\Pipeline\\Pipeline.php(219): Illuminate\\Foundation\\Http\\Middleware\\ConvertEmptyStringsToNull->handle(Object(Illuminate\\Http\\Request), Object(Closure))
#34 C:\\xampp\\htdocs\\secprog\\SecPro\\FrontEndSec\\vendor\\laravel\\framework\\src\\Illuminate\\Foundation\\Http\\Middleware\\TransformsRequest.php(21): Illuminate\\Pipeline\\Pipeline->Illuminate\\Pipeline\\{closure}(Object(Illuminate\\Http\\Request))
#35 C:\\xampp\\htdocs\\secprog\\SecPro\\FrontEndSec\\vendor\\laravel\\framework\\src\\Illuminate\\Foundation\\Http\\Middleware\\TrimStrings.php(51): Illuminate\\Foundation\\Http\\Middleware\\TransformsRequest->handle(Object(Illuminate\\Http\\Request), Object(Closure))
#36 C:\\xampp\\htdocs\\secprog\\SecPro\\FrontEndSec\\vendor\\laravel\\framework\\src\\Illuminate\\Pipeline\\Pipeline.php(219): Illuminate\\Foundation\\Http\\Middleware\\TrimStrings->handle(Object(Illuminate\\Http\\Request), Object(Closure))
#37 C:\\xampp\\htdocs\\secprog\\SecPro\\FrontEndSec\\vendor\\laravel\\framework\\src\\Illuminate\\Http\\Middleware\\ValidatePostSize.php(27): Illuminate\\Pipeline\\Pipeline->Illuminate\\Pipeline\\{closure}(Object(Illuminate\\Http\\Request))
#38 C:\\xampp\\htdocs\\secprog\\SecPro\\FrontEndSec\\vendor\\laravel\\framework\\src\\Illuminate\\Pipeline\\Pipeline.php(219): Illuminate\\Http\\Middleware\\ValidatePostSize->handle(Object(Illuminate\\Http\\Request), Object(Closure))
#39 C:\\xampp\\htdocs\\secprog\\SecPro\\FrontEndSec\\vendor\\laravel\\framework\\src\\Illuminate\\Foundation\\Http\\Middleware\\PreventRequestsDuringMaintenance.php(109): Illuminate\\Pipeline\\Pipeline->Illuminate\\Pipeline\\{closure}(Object(Illuminate\\Http\\Request))
#40 C:\\xampp\\htdocs\\secprog\\SecPro\\FrontEndSec\\vendor\\laravel\\framework\\src\\Illuminate\\Pipeline\\Pipeline.php(219): Illuminate\\Foundation\\Http\\Middleware\\PreventRequestsDuringMaintenance->handle(Object(Illuminate\\Http\\Request), Object(Closure))
#41 C:\\xampp\\htdocs\\secprog\\SecPro\\FrontEndSec\\vendor\\laravel\\framework\\src\\Illuminate\\Http\\Middleware\\HandleCors.php(48): Illuminate\\Pipeline\\Pipeline->Illuminate\\Pipeline\\{closure}(Object(Illuminate\\Http\\Request))
#42 C:\\xampp\\htdocs\\secprog\\SecPro\\FrontEndSec\\vendor\\laravel\\framework\\src\\Illuminate\\Pipeline\\Pipeline.php(219): Illuminate\\Http\\Middleware\\HandleCors->handle(Object(Illuminate\\Http\\Request), Object(Closure))
#43 C:\\xampp\\htdocs\\secprog\\SecPro\\FrontEndSec\\vendor\\laravel\\framework\\src\\Illuminate\\Http\\Middleware\\TrustProxies.php(58): Illuminate\\Pipeline\\Pipeline->Illuminate\\Pipeline\\{closure}(Object(Illuminate\\Http\\Request))
#44 C:\\xampp\\htdocs\\secprog\\SecPro\\FrontEndSec\\vendor\\laravel\\framework\\src\\Illuminate\\Pipeline\\Pipeline.php(219): Illuminate\\Http\\Middleware\\TrustProxies->handle(Object(Illuminate\\Http\\Request), Object(Closure))
#45 C:\\xampp\\htdocs\\secprog\\SecPro\\FrontEndSec\\vendor\\laravel\\framework\\src\\Illuminate\\Foundation\\Http\\Middleware\\InvokeDeferredCallbacks.php(22): Illuminate\\Pipeline\\Pipeline->Illuminate\\Pipeline\\{closure}(Object(Illuminate\\Http\\Request))
#46 C:\\xampp\\htdocs\\secprog\\SecPro\\FrontEndSec\\vendor\\laravel\\framework\\src\\Illuminate\\Pipeline\\Pipeline.php(219): Illuminate\\Foundation\\Http\\Middleware\\InvokeDeferredCallbacks->handle(Object(Illuminate\\Http\\Request), Object(Closure))
#47 C:\\xampp\\htdocs\\secprog\\SecPro\\FrontEndSec\\vendor\\laravel\\framework\\src\\Illuminate\\Http\\Middleware\\ValidatePathEncoding.php(26): Illuminate\\Pipeline\\Pipeline->Illuminate\\Pipeline\\{closure}(Object(Illuminate\\Http\\Request))
#48 C:\\xampp\\htdocs\\secprog\\SecPro\\FrontEndSec\\vendor\\laravel\\framework\\src\\Illuminate\\Pipeline\\Pipeline.php(219): Illuminate\\Http\\Middleware\\ValidatePathEncoding->handle(Object(Illuminate\\Http\\Request), Object(Closure))
#49 C:\\xampp\\htdocs\\secprog\\SecPro\\FrontEndSec\\vendor\\laravel\\framework\\src\\Illuminate\\Pipeline\\Pipeline.php(137): Illuminate\\Pipeline\\Pipeline->Illuminate\\Pipeline\\{closure}(Object(Illuminate\\Http\\Request))
#50 C:\\xampp\\htdocs\\secprog\\SecPro\\FrontEndSec\\vendor\\laravel\\framework\\src\\Illuminate\\Foundation\\Http\\Kernel.php(175): Illuminate\\Pipeline\\Pipeline->then(Object(Closure))
#51 C:\\xampp\\htdocs\\secprog\\SecPro\\FrontEndSec\\vendor\\laravel\\framework\\src\\Illuminate\\Foundation\\Http\\Kernel.php(144): Illuminate\\Foundation\\Http\\Kernel->sendRequestThroughRouter(Object(Illuminate\\Http\\Request))
#52 C:\\xampp\\htdocs\\secprog\\SecPro\\FrontEndSec\\vendor\\laravel\\framework\\src\\Illuminate\\Foundation\\Application.php(1220): Illuminate\\Foundation\\Http\\Kernel->handle(Object(Illuminate\\Http\\Request))
#53 C:\\xampp\\htdocs\\secprog\\SecPro\\FrontEndSec\\public\\index.php(20): Illuminate\\Foundation\\Application->handleRequest(Object(Illuminate\\Http\\Request))
#54 C:\\xampp\\htdocs\\secprog\\SecPro\\FrontEndSec\\vendor\\laravel\\framework\\src\\Illuminate\\Foundation\\resources\\server.php(23): require_once('C:\\\\xampp\\\\htdocs...')
#55 {main}

[previous exception] [object] (ErrorException(code: 0): Undefined variable $weeklyRecipes at C:\\xampp\\htdocs\\secprog\\SecPro\\FrontEndSec\\storage\\framework\\views\\1f1e764261ce25fd6ab9770d03d6856e.php:141)
[stacktrace]
#0 C:\\xampp\\htdocs\\secprog\\SecPro\\FrontEndSec\\vendor\\laravel\\framework\\src\\Illuminate\\Foundation\\Bootstrap\\HandleExceptions.php(258): Illuminate\\Foundation\\Bootstrap\\HandleExceptions->handleError(2, 'Undefined varia...', 'C:\\\\xampp\\\\htdocs...', 141)
#1 C:\\xampp\\htdocs\\secprog\\SecPro\\FrontEndSec\\storage\\framework\\views\\1f1e764261ce25fd6ab9770d03d6856e.php(141): Illuminate\\Foundation\\Bootstrap\\HandleExceptions->Illuminate\\Foundation\\Bootstrap\\{closure}(2, 'Undefined varia...', 'C:\\\\xampp\\\\htdocs...', 141)
#2 C:\\xampp\\htdocs\\secprog\\SecPro\\FrontEndSec\\vendor\\laravel\\framework\\src\\Illuminate\\Filesystem\\Filesystem.php(123): require('C:\\\\xampp\\\\htdocs...')
#3 C:\\xampp\\htdocs\\secprog\\SecPro\\FrontEndSec\\vendor\\laravel\\framework\\src\\Illuminate\\Filesystem\\Filesystem.php(124): Illuminate\\Filesystem\\Filesystem::Illuminate\\Filesystem\\{closure}()
#4 C:\\xampp\\htdocs\\secprog\\SecPro\\FrontEndSec\\vendor\\laravel\\framework\\src\\Illuminate\\View\\Engines\\PhpEngine.php(57): Illuminate\\Filesystem\\Filesystem->getRequire('C:\\\\xampp\\\\htdocs...', Array)
#5 C:\\xampp\\htdocs\\secprog\\SecPro\\FrontEndSec\\vendor\\laravel\\framework\\src\\Illuminate\\View\\Engines\\CompilerEngine.php(76): Illuminate\\View\\Engines\\PhpEngine->evaluatePath('C:\\\\xampp\\\\htdocs...', Array)
#6 C:\\xampp\\htdocs\\secprog\\SecPro\\FrontEndSec\\vendor\\laravel\\framework\\src\\Illuminate\\View\\View.php(208): Illuminate\\View\\Engines\\CompilerEngine->get('C:\\\\xampp\\\\htdocs...', Array)
#7 C:\\xampp\\htdocs\\secprog\\SecPro\\FrontEndSec\\vendor\\laravel\\framework\\src\\Illuminate\\View\\View.php(191): Illuminate\\View\\View->getContents()
#8 C:\\xampp\\htdocs\\secprog\\SecPro\\FrontEndSec\\vendor\\laravel\\framework\\src\\Illuminate\\View\\View.php(160): Illuminate\\View\\View->renderContents()
#9 C:\\xampp\\htdocs\\secprog\\SecPro\\FrontEndSec\\vendor\\laravel\\framework\\src\\Illuminate\\Http\\Response.php(78): Illuminate\\View\\View->render()
#10 C:\\xampp\\htdocs\\secprog\\SecPro\\FrontEndSec\\vendor\\laravel\\framework\\src\\Illuminate\\Http\\Response.php(34): Illuminate\\Http\\Response->setContent(Object(Illuminate\\View\\View))
#11 C:\\xampp\\htdocs\\secprog\\SecPro\\FrontEndSec\\vendor\\laravel\\framework\\src\\Illuminate\\Routing\\Router.php(939): Illuminate\\Http\\Response->__construct(Object(Illuminate\\View\\View), 200, Array)
#12 C:\\xampp\\htdocs\\secprog\\SecPro\\FrontEndSec\\vendor\\laravel\\framework\\src\\Illuminate\\Routing\\Router.php(906): Illuminate\\Routing\\Router::toResponse(Object(Illuminate\\Http\\Request), Object(Illuminate\\View\\View))
#13 C:\\xampp\\htdocs\\secprog\\SecPro\\FrontEndSec\\vendor\\laravel\\framework\\src\\Illuminate\\Routing\\Router.php(821): Illuminate\\Routing\\Router->prepareResponse(Object(Illuminate\\Http\\Request), Object(Illuminate\\View\\View))
#14 C:\\xampp\\htdocs\\secprog\\SecPro\\FrontEndSec\\vendor\\laravel\\framework\\src\\Illuminate\\Pipeline\\Pipeline.php(180): Illuminate\\Routing\\Router->Illuminate\\Routing\\{closure}(Object(Illuminate\\Http\\Request))
#15 C:\\xampp\\htdocs\\secprog\\SecPro\\FrontEndSec\\vendor\\laravel\\framework\\src\\Illuminate\\Routing\\Middleware\\SubstituteBindings.php(50): Illuminate\\Pipeline\\Pipeline->Illuminate\\Pipeline\\{closure}(Object(Illuminate\\Http\\Request))
#16 C:\\xampp\\htdocs\\secprog\\SecPro\\FrontEndSec\\vendor\\laravel\\framework\\src\\Illuminate\\Pipeline\\Pipeline.php(219): Illuminate\\Routing\\Middleware\\SubstituteBindings->handle(Object(Illuminate\\Http\\Request), Object(Closure))
#17 C:\\xampp\\htdocs\\secprog\\SecPro\\FrontEndSec\\vendor\\laravel\\framework\\src\\Illuminate\\Foundation\\Http\\Middleware\\VerifyCsrfToken.php(87): Illuminate\\Pipeline\\Pipeline->Illuminate\\Pipeline\\{closure}(Object(Illuminate\\Http\\Request))
#18 C:\\xampp\\htdocs\\secprog\\SecPro\\FrontEndSec\\vendor\\laravel\\framework\\src\\Illuminate\\Pipeline\\Pipeline.php(219): Illuminate\\Foundation\\Http\\Middleware\\VerifyCsrfToken->handle(Object(Illuminate\\Http\\Request), Object(Closure))
#19 C:\\xampp\\htdocs\\secprog\\SecPro\\FrontEndSec\\vendor\\laravel\\framework\\src\\Illuminate\\View\\Middleware\\ShareErrorsFromSession.php(48): Illuminate\\Pipeline\\Pipeline->Illuminate\\Pipeline\\{closure}(Object(Illuminate\\Http\\Request))
#20 C:\\xampp\\htdocs\\secprog\\SecPro\\FrontEndSec\\vendor\\laravel\\framework\\src\\Illuminate\\Pipeline\\Pipeline.php(219): Illuminate\\View\\Middleware\\ShareErrorsFromSession->handle(Object(Illuminate\\Http\\Request), Object(Closure))
#21 C:\\xampp\\htdocs\\secprog\\SecPro\\FrontEndSec\\vendor\\laravel\\framework\\src\\Illuminate\\Session\\Middleware\\StartSession.php(120): Illuminate\\Pipeline\\Pipeline->Illuminate\\Pipeline\\{closure}(Object(Illuminate\\Http\\Request))
#22 C:\\xampp\\htdocs\\secprog\\SecPro\\FrontEndSec\\vendor\\laravel\\framework\\src\\Illuminate\\Session\\Middleware\\StartSession.php(63): Illuminate\\Session\\Middleware\\StartSession->handleStatefulRequest(Object(Illuminate\\Http\\Request), Object(Illuminate\\Session\\Store), Object(Closure))
#23 C:\\xampp\\htdocs\\secprog\\SecPro\\FrontEndSec\\vendor\\laravel\\framework\\src\\Illuminate\\Pipeline\\Pipeline.php(219): Illuminate\\Session\\Middleware\\StartSession->handle(Object(Illuminate\\Http\\Request), Object(Closure))
#24 C:\\xampp\\htdocs\\secprog\\SecPro\\FrontEndSec\\vendor\\laravel\\framework\\src\\Illuminate\\Cookie\\Middleware\\AddQueuedCookiesToResponse.php(36): Illuminate\\Pipeline\\Pipeline->Illuminate\\Pipeline\\{closure}(Object(Illuminate\\Http\\Request))
#25 C:\\xampp\\htdocs\\secprog\\SecPro\\FrontEndSec\\vendor\\laravel\\framework\\src\\Illuminate\\Pipeline\\Pipeline.php(219): Illuminate\\Cookie\\Middleware\\AddQueuedCookiesToResponse->handle(Object(Illuminate\\Http\\Request), Object(Closure))
#26 C:\\xampp\\htdocs\\secprog\\SecPro\\FrontEndSec\\vendor\\laravel\\framework\\src\\Illuminate\\Cookie\\Middleware\\EncryptCookies.php(74): Illuminate\\Pipeline\\Pipeline->Illuminate\\Pipeline\\{closure}(Object(Illuminate\\Http\\Request))
#27 C:\\xampp\\htdocs\\secprog\\SecPro\\FrontEndSec\\vendor\\laravel\\framework\\src\\Illuminate\\Pipeline\\Pipeline.php(219): Illuminate\\Cookie\\Middleware\\EncryptCookies->handle(Object(Illuminate\\Http\\Request), Object(Closure))
#28 C:\\xampp\\htdocs\\secprog\\SecPro\\FrontEndSec\\vendor\\laravel\\framework\\src\\Illuminate\\Pipeline\\Pipeline.php(137): Illuminate\\Pipeline\\Pipeline->Illuminate\\Pipeline\\{closure}(Object(Illuminate\\Http\\Request))
#29 C:\\xampp\\htdocs\\secprog\\SecPro\\FrontEndSec\\vendor\\laravel\\framework\\src\\Illuminate\\Routing\\Router.php(821): Illuminate\\Pipeline\\Pipeline->then(Object(Closure))
#30 C:\\xampp\\htdocs\\secprog\\SecPro\\FrontEndSec\\vendor\\laravel\\framework\\src\\Illuminate\\Routing\\Router.php(800): Illuminate\\Routing\\Router->runRouteWithinStack(Object(Illuminate\\Routing\\Route), Object(Illuminate\\Http\\Request))
#31 C:\\xampp\\htdocs\\secprog\\SecPro\\FrontEndSec\\vendor\\laravel\\framework\\src\\Illuminate\\Routing\\Router.php(764): Illuminate\\Routing\\Router->runRoute(Object(Illuminate\\Http\\Request), Object(Illuminate\\Routing\\Route))
#32 C:\\xampp\\htdocs\\secprog\\SecPro\\FrontEndSec\\vendor\\laravel\\framework\\src\\Illuminate\\Routing\\Router.php(753): Illuminate\\Routing\\Router->dispatchToRoute(Object(Illuminate\\Http\\Request))
#33 C:\\xampp\\htdocs\\secprog\\SecPro\\FrontEndSec\\vendor\\laravel\\framework\\src\\Illuminate\\Foundation\\Http\\Kernel.php(200): Illuminate\\Routing\\Router->dispatch(Object(Illuminate\\Http\\Request))
#34 C:\\xampp\\htdocs\\secprog\\SecPro\\FrontEndSec\\vendor\\laravel\\framework\\src\\Illuminate\\Pipeline\\Pipeline.php(180): Illuminate\\Foundation\\Http\\Kernel->Illuminate\\Foundation\\Http\\{closure}(Object(Illuminate\\Http\\Request))
#35 C:\\xampp\\htdocs\\secprog\\SecPro\\FrontEndSec\\vendor\\laravel\\framework\\src\\Illuminate\\Foundation\\Http\\Middleware\\TransformsRequest.php(21): Illuminate\\Pipeline\\Pipeline->Illuminate\\Pipeline\\{closure}(Object(Illuminate\\Http\\Request))
#36 C:\\xampp\\htdocs\\secprog\\SecPro\\FrontEndSec\\vendor\\laravel\\framework\\src\\Illuminate\\Foundation\\Http\\Middleware\\ConvertEmptyStringsToNull.php(31): Illuminate\\Foundation\\Http\\Middleware\\TransformsRequest->handle(Object(Illuminate\\Http\\Request), Object(Closure))
#37 C:\\xampp\\htdocs\\secprog\\SecPro\\FrontEndSec\\vendor\\laravel\\framework\\src\\Illuminate\\Pipeline\\Pipeline.php(219): Illuminate\\Foundation\\Http\\Middleware\\ConvertEmptyStringsToNull->handle(Object(Illuminate\\Http\\Request), Object(Closure))
#38 C:\\xampp\\htdocs\\secprog\\SecPro\\FrontEndSec\\vendor\\laravel\\framework\\src\\Illuminate\\Foundation\\Http\\Middleware\\TransformsRequest.php(21): Illuminate\\Pipeline\\Pipeline->Illuminate\\Pipeline\\{closure}(Object(Illuminate\\Http\\Request))
#39 C:\\xampp\\htdocs\\secprog\\SecPro\\FrontEndSec\\vendor\\laravel\\framework\\src\\Illuminate\\Foundation\\Http\\Middleware\\TrimStrings.php(51): Illuminate\\Foundation\\Http\\Middleware\\TransformsRequest->handle(Object(Illuminate\\Http\\Request), Object(Closure))
#40 C:\\xampp\\htdocs\\secprog\\SecPro\\FrontEndSec\\vendor\\laravel\\framework\\src\\Illuminate\\Pipeline\\Pipeline.php(219): Illuminate\\Foundation\\Http\\Middleware\\TrimStrings->handle(Object(Illuminate\\Http\\Request), Object(Closure))
#41 C:\\xampp\\htdocs\\secprog\\SecPro\\FrontEndSec\\vendor\\laravel\\framework\\src\\Illuminate\\Http\\Middleware\\ValidatePostSize.php(27): Illuminate\\Pipeline\\Pipeline->Illuminate\\Pipeline\\{closure}(Object(Illuminate\\Http\\Request))
#42 C:\\xampp\\htdocs\\secprog\\SecPro\\FrontEndSec\\vendor\\laravel\\framework\\src\\Illuminate\\Pipeline\\Pipeline.php(219): Illuminate\\Http\\Middleware\\ValidatePostSize->handle(Object(Illuminate\\Http\\Request), Object(Closure))
#43 C:\\xampp\\htdocs\\secprog\\SecPro\\FrontEndSec\\vendor\\laravel\\framework\\src\\Illuminate\\Foundation\\Http\\Middleware\\PreventRequestsDuringMaintenance.php(109): Illuminate\\Pipeline\\Pipeline->Illuminate\\Pipeline\\{closure}(Object(Illuminate\\Http\\Request))
#44 C:\\xampp\\htdocs\\secprog\\SecPro\\FrontEndSec\\vendor\\laravel\\framework\\src\\Illuminate\\Pipeline\\Pipeline.php(219): Illuminate\\Foundation\\Http\\Middleware\\PreventRequestsDuringMaintenance->handle(Object(Illuminate\\Http\\Request), Object(Closure))
#45 C:\\xampp\\htdocs\\secprog\\SecPro\\FrontEndSec\\vendor\\laravel\\framework\\src\\Illuminate\\Http\\Middleware\\HandleCors.php(48): Illuminate\\Pipeline\\Pipeline->Illuminate\\Pipeline\\{closure}(Object(Illuminate\\Http\\Request))
#46 C:\\xampp\\htdocs\\secprog\\SecPro\\FrontEndSec\\vendor\\laravel\\framework\\src\\Illuminate\\Pipeline\\Pipeline.php(219): Illuminate\\Http\\Middleware\\HandleCors->handle(Object(Illuminate\\Http\\Request), Object(Closure))
#47 C:\\xampp\\htdocs\\secprog\\SecPro\\FrontEndSec\\vendor\\laravel\\framework\\src\\Illuminate\\Http\\Middleware\\TrustProxies.php(58): Illuminate\\Pipeline\\Pipeline->Illuminate\\Pipeline\\{closure}(Object(Illuminate\\Http\\Request))
#48 C:\\xampp\\htdocs\\secprog\\SecPro\\FrontEndSec\\vendor\\laravel\\framework\\src\\Illuminate\\Pipeline\\Pipeline.php(219): Illuminate\\Http\\Middleware\\TrustProxies->handle(Object(Illuminate\\Http\\Request), Object(Closure))
#49 C:\\xampp\\htdocs\\secprog\\SecPro\\FrontEndSec\\vendor\\laravel\\framework\\src\\Illuminate\\Foundation\\Http\\Middleware\\InvokeDeferredCallbacks.php(22): Illuminate\\Pipeline\\Pipeline->Illuminate\\Pipeline\\{closure}(Object(Illuminate\\Http\\Request))
#50 C:\\xampp\\htdocs\\secprog\\SecPro\\FrontEndSec\\vendor\\laravel\\framework\\src\\Illuminate\\Pipeline\\Pipeline.php(219): Illuminate\\Foundation\\Http\\Middleware\\InvokeDeferredCallbacks->handle(Object(Illuminate\\Http\\Request), Object(Closure))
#51 C:\\xampp\\htdocs\\secprog\\SecPro\\FrontEndSec\\vendor\\laravel\\framework\\src\\Illuminate\\Http\\Middleware\\ValidatePathEncoding.php(26): Illuminate\\Pipeline\\Pipeline->Illuminate\\Pipeline\\{closure}(Object(Illuminate\\Http\\Request))
#52 C:\\xampp\\htdocs\\secprog\\SecPro\\FrontEndSec\\vendor\\laravel\\framework\\src\\Illuminate\\Pipeline\\Pipeline.php(219): Illuminate\\Http\\Middleware\\ValidatePathEncoding->handle(Object(Illuminate\\Http\\Request), Object(Closure))
#53 C:\\xampp\\htdocs\\secprog\\SecPro\\FrontEndSec\\vendor\\laravel\\framework\\src\\Illuminate\\Pipeline\\Pipeline.php(137): Illuminate\\Pipeline\\Pipeline->Illuminate\\Pipeline\\{closure}(Object(Illuminate\\Http\\Request))
#54 C:\\xampp\\htdocs\\secprog\\SecPro\\FrontEndSec\\vendor\\laravel\\framework\\src\\Illuminate\\Foundation\\Http\\Kernel.php(175): Illuminate\\Pipeline\\Pipeline->then(Object(Closure))
#55 C:\\xampp\\htdocs\\secprog\\SecPro\\FrontEndSec\\vendor\\laravel\\framework\\src\\Illuminate\\Foundation\\Http\\Kernel.php(144): Illuminate\\Foundation\\Http\\Kernel->sendRequestThroughRouter(Object(Illuminate\\Http\\Request))
#56 C:\\xampp\\htdocs\\secprog\\SecPro\\FrontEndSec\\vendor\\laravel\\framework\\src\\Illuminate\\Foundation\\Application.php(1220): Illuminate\\Foundation\\Http\\Kernel->handle(Object(Illuminate\\Http\\Request))
#57 C:\\xampp\\htdocs\\secprog\\SecPro\\FrontEndSec\\public\\index.php(20): Illuminate\\Foundation\\Application->handleRequest(Object(Illuminate\\Http\\Request))
#58 C:\\xampp\\htdocs\\secprog\\SecPro\\FrontEndSec\\vendor\\laravel\\framework\\src\\Illuminate\\Foundation\\resources\\server.php(23): require_once('C:\\\\xampp\\\\htdocs...')
#59 {main}
"} 
[2025-11-18 15:56:01] local.ERROR: syntax error, unexpected end of file (View: C:\xampp\htdocs\secprog\SecPro\FrontEndSec\resources\views\mainPage.blade.php) {"exception":"[object] (Illuminate\\View\\ViewException(code: 0): syntax error, unexpected end of file (View: C:\\xampp\\htdocs\\secprog\\SecPro\\FrontEndSec\\resources\\views\\mainPage.blade.php) at C:\\xampp\\htdocs\\secprog\\SecPro\\FrontEndSec\\storage\\framework\\views\\1f1e764261ce25fd6ab9770d03d6856e.php:150)
[stacktrace]
#0 C:\\xampp\\htdocs\\secprog\\SecPro\\FrontEndSec\\vendor\\laravel\\framework\\src\\Illuminate\\View\\Engines\\PhpEngine.php(59): Illuminate\\View\\Engines\\CompilerEngine->handleViewException(Object(ParseError), 1)
#1 C:\\xampp\\htdocs\\secprog\\SecPro\\FrontEndSec\\vendor\\laravel\\framework\\src\\Illuminate\\View\\Engines\\CompilerEngine.php(76): Illuminate\\View\\Engines\\PhpEngine->evaluatePath('C:\\\\xampp\\\\htdocs...', Array)
#2 C:\\xampp\\htdocs\\secprog\\SecPro\\FrontEndSec\\vendor\\laravel\\framework\\src\\Illuminate\\View\\View.php(208): Illuminate\\View\\Engines\\CompilerEngine->get('C:\\\\xampp\\\\htdocs...', Array)
#3 C:\\xampp\\htdocs\\secprog\\SecPro\\FrontEndSec\\vendor\\laravel\\framework\\src\\Illuminate\\View\\View.php(191): Illuminate\\View\\View->getContents()
#4 C:\\xampp\\htdocs\\secprog\\SecPro\\FrontEndSec\\vendor\\laravel\\framework\\src\\Illuminate\\View\\View.php(160): Illuminate\\View\\View->renderContents()
#5 C:\\xampp\\htdocs\\secprog\\SecPro\\FrontEndSec\\vendor\\laravel\\framework\\src\\Illuminate\\Http\\Response.php(78): Illuminate\\View\\View->render()
#6 C:\\xampp\\htdocs\\secprog\\SecPro\\FrontEndSec\\vendor\\laravel\\framework\\src\\Illuminate\\Http\\Response.php(34): Illuminate\\Http\\Response->setContent(Object(Illuminate\\View\\View))
#7 C:\\xampp\\htdocs\\secprog\\SecPro\\FrontEndSec\\vendor\\laravel\\framework\\src\\Illuminate\\Routing\\Router.php(939): Illuminate\\Http\\Response->__construct(Object(Illuminate\\View\\View), 200, Array)
#8 C:\\xampp\\htdocs\\secprog\\SecPro\\FrontEndSec\\vendor\\laravel\\framework\\src\\Illuminate\\Routing\\Router.php(906): Illuminate\\Routing\\Router::toResponse(Object(Illuminate\\Http\\Request), Object(Illuminate\\View\\View))
#9 C:\\xampp\\htdocs\\secprog\\SecPro\\FrontEndSec\\vendor\\laravel\\framework\\src\\Illuminate\\Routing\\Router.php(821): Illuminate\\Routing\\Router->prepareResponse(Object(Illuminate\\Http\\Request), Object(Illuminate\\View\\View))
#10 C:\\xampp\\htdocs\\secprog\\SecPro\\FrontEndSec\\vendor\\laravel\\framework\\src\\Illuminate\\Pipeline\\Pipeline.php(180): Illuminate\\Routing\\Router->Illuminate\\Routing\\{closure}(Object(Illuminate\\Http\\Request))
#11 C:\\xampp\\htdocs\\secprog\\SecPro\\FrontEndSec\\vendor\\laravel\\framework\\src\\Illuminate\\Routing\\Middleware\\SubstituteBindings.php(50): Illuminate\\Pipeline\\Pipeline->Illuminate\\Pipeline\\{closure}(Object(Illuminate\\Http\\Request))
#12 C:\\xampp\\htdocs\\secprog\\SecPro\\FrontEndSec\\vendor\\laravel\\framework\\src\\Illuminate\\Pipeline\\Pipeline.php(219): Illuminate\\Routing\\Middleware\\SubstituteBindings->handle(Object(Illuminate\\Http\\Request), Object(Closure))
#13 C:\\xampp\\htdocs\\secprog\\SecPro\\FrontEndSec\\vendor\\laravel\\framework\\src\\Illuminate\\Foundation\\Http\\Middleware\\VerifyCsrfToken.php(87): Illuminate\\Pipeline\\Pipeline->Illuminate\\Pipeline\\{closure}(Object(Illuminate\\Http\\Request))
#14 C:\\xampp\\htdocs\\secprog\\SecPro\\FrontEndSec\\vendor\\laravel\\framework\\src\\Illuminate\\Pipeline\\Pipeline.php(219): Illuminate\\Foundation\\Http\\Middleware\\VerifyCsrfToken->handle(Object(Illuminate\\Http\\Request), Object(Closure))
#15 C:\\xampp\\htdocs\\secprog\\SecPro\\FrontEndSec\\vendor\\laravel\\framework\\src\\Illuminate\\View\\Middleware\\ShareErrorsFromSession.php(48): Illuminate\\Pipeline\\Pipeline->Illuminate\\Pipeline\\{closure}(Object(Illuminate\\Http\\Request))
#16 C:\\xampp\\htdocs\\secprog\\SecPro\\FrontEndSec\\vendor\\laravel\\framework\\src\\Illuminate\\Pipeline\\Pipeline.php(219): Illuminate\\View\\Middleware\\ShareErrorsFromSession->handle(Object(Illuminate\\Http\\Request), Object(Closure))
#17 C:\\xampp\\htdocs\\secprog\\SecPro\\FrontEndSec\\vendor\\laravel\\framework\\src\\Illuminate\\Session\\Middleware\\StartSession.php(120): Illuminate\\Pipeline\\Pipeline->Illuminate\\Pipeline\\{closure}(Object(Illuminate\\Http\\Request))
#18 C:\\xampp\\htdocs\\secprog\\SecPro\\FrontEndSec\\vendor\\laravel\\framework\\src\\Illuminate\\Session\\Middleware\\StartSession.php(63): Illuminate\\Session\\Middleware\\StartSession->handleStatefulRequest(Object(Illuminate\\Http\\Request), Object(Illuminate\\Session\\Store), Object(Closure))
#19 C:\\xampp\\htdocs\\secprog\\SecPro\\FrontEndSec\\vendor\\laravel\\framework\\src\\Illuminate\\Pipeline\\Pipeline.php(219): Illuminate\\Session\\Middleware\\StartSession->handle(Object(Illuminate\\Http\\Request), Object(Closure))
#20 C:\\xampp\\htdocs\\secprog\\SecPro\\FrontEndSec\\vendor\\laravel\\framework\\src\\Illuminate\\Cookie\\Middleware\\AddQueuedCookiesToResponse.php(36): Illuminate\\Pipeline\\Pipeline->Illuminate\\Pipeline\\{closure}(Object(Illuminate\\Http\\Request))
#21 C:\\xampp\\htdocs\\secprog\\SecPro\\FrontEndSec\\vendor\\laravel\\framework\\src\\Illuminate\\Pipeline\\Pipeline.php(219): Illuminate\\Cookie\\Middleware\\AddQueuedCookiesToResponse->handle(Object(Illuminate\\Http\\Request), Object(Closure))
#22 C:\\xampp\\htdocs\\secprog\\SecPro\\FrontEndSec\\vendor\\laravel\\framework\\src\\Illuminate\\Cookie\\Middleware\\EncryptCookies.php(74): Illuminate\\Pipeline\\Pipeline->Illuminate\\Pipeline\\{closure}(Object(Illuminate\\Http\\Request))
#23 C:\\xampp\\htdocs\\secprog\\SecPro\\FrontEndSec\\vendor\\laravel\\framework\\src\\Illuminate\\Pipeline\\Pipeline.php(219): Illuminate\\Cookie\\Middleware\\EncryptCookies->handle(Object(Illuminate\\Http\\Request), Object(Closure))
#24 C:\\xampp\\htdocs\\secprog\\SecPro\\FrontEndSec\\vendor\\laravel\\framework\\src\\Illuminate\\Pipeline\\Pipeline.php(137): Illuminate\\Pipeline\\Pipeline->Illuminate\\Pipeline\\{closure}(Object(Illuminate\\Http\\Request))
#25 C:\\xampp\\htdocs\\secprog\\SecPro\\FrontEndSec\\vendor\\laravel\\framework\\src\\Illuminate\\Routing\\Router.php(821): Illuminate\\Pipeline\\Pipeline->then(Object(Closure))
#26 C:\\xampp\\htdocs\\secprog\\SecPro\\FrontEndSec\\vendor\\laravel\\framework\\src\\Illuminate\\Routing\\Router.php(800): Illuminate\\Routing\\Router->runRouteWithinStack(Object(Illuminate\\Routing\\Route), Object(Illuminate\\Http\\Request))
#27 C:\\xampp\\htdocs\\secprog\\SecPro\\FrontEndSec\\vendor\\laravel\\framework\\src\\Illuminate\\Routing\\Router.php(764): Illuminate\\Routing\\Router->runRoute(Object(Illuminate\\Http\\Request), Object(Illuminate\\Routing\\Route))
#28 C:\\xampp\\htdocs\\secprog\\SecPro\\FrontEndSec\\vendor\\laravel\\framework\\src\\Illuminate\\Routing\\Router.php(753): Illuminate\\Routing\\Router->dispatchToRoute(Object(Illuminate\\Http\\Request))
#29 C:\\xampp\\htdocs\\secprog\\SecPro\\FrontEndSec\\vendor\\laravel\\framework\\src\\Illuminate\\Foundation\\Http\\Kernel.php(200): Illuminate\\Routing\\Router->dispatch(Object(Illuminate\\Http\\Request))
#30 C:\\xampp\\htdocs\\secprog\\SecPro\\FrontEndSec\\vendor\\laravel\\framework\\src\\Illuminate\\Pipeline\\Pipeline.php(180): Illuminate\\Foundation\\Http\\Kernel->Illuminate\\Foundation\\Http\\{closure}(Object(Illuminate\\Http\\Request))
#31 C:\\xampp\\htdocs\\secprog\\SecPro\\FrontEndSec\\vendor\\laravel\\framework\\src\\Illuminate\\Foundation\\Http\\Middleware\\TransformsRequest.php(21): Illuminate\\Pipeline\\Pipeline->Illuminate\\Pipeline\\{closure}(Object(Illuminate\\Http\\Request))
#32 C:\\xampp\\htdocs\\secprog\\SecPro\\FrontEndSec\\vendor\\laravel\\framework\\src\\Illuminate\\Foundation\\Http\\Middleware\\ConvertEmptyStringsToNull.php(31): Illuminate\\Foundation\\Http\\Middleware\\TransformsRequest->handle(Object(Illuminate\\Http\\Request), Object(Closure))
#33 C:\\xampp\\htdocs\\secprog\\SecPro\\FrontEndSec\\vendor\\laravel\\framework\\src\\Illuminate\\Pipeline\\Pipeline.php(219): Illuminate\\Foundation\\Http\\Middleware\\ConvertEmptyStringsToNull->handle(Object(Illuminate\\Http\\Request), Object(Closure))
#34 C:\\xampp\\htdocs\\secprog\\SecPro\\FrontEndSec\\vendor\\laravel\\framework\\src\\Illuminate\\Foundation\\Http\\Middleware\\TransformsRequest.php(21): Illuminate\\Pipeline\\Pipeline->Illuminate\\Pipeline\\{closure}(Object(Illuminate\\Http\\Request))
#35 C:\\xampp\\htdocs\\secprog\\SecPro\\FrontEndSec\\vendor\\laravel\\framework\\src\\Illuminate\\Foundation\\Http\\Middleware\\TrimStrings.php(51): Illuminate\\Foundation\\Http\\Middleware\\TransformsRequest->handle(Object(Illuminate\\Http\\Request), Object(Closure))
#36 C:\\xampp\\htdocs\\secprog\\SecPro\\FrontEndSec\\vendor\\laravel\\framework\\src\\Illuminate\\Pipeline\\Pipeline.php(219): Illuminate\\Foundation\\Http\\Middleware\\TrimStrings->handle(Object(Illuminate\\Http\\Request), Object(Closure))
#37 C:\\xampp\\htdocs\\secprog\\SecPro\\FrontEndSec\\vendor\\laravel\\framework\\src\\Illuminate\\Http\\Middleware\\ValidatePostSize.php(27): Illuminate\\Pipeline\\Pipeline->Illuminate\\Pipeline\\{closure}(Object(Illuminate\\Http\\Request))
#38 C:\\xampp\\htdocs\\secprog\\SecPro\\FrontEndSec\\vendor\\laravel\\framework\\src\\Illuminate\\Pipeline\\Pipeline.php(219): Illuminate\\Http\\Middleware\\ValidatePostSize->handle(Object(Illuminate\\Http\\Request), Object(Closure))
#39 C:\\xampp\\htdocs\\secprog\\SecPro\\FrontEndSec\\vendor\\laravel\\framework\\src\\Illuminate\\Foundation\\Http\\Middleware\\PreventRequestsDuringMaintenance.php(109): Illuminate\\Pipeline\\Pipeline->Illuminate\\Pipeline\\{closure}(Object(Illuminate\\Http\\Request))
#40 C:\\xampp\\htdocs\\secprog\\SecPro\\FrontEndSec\\vendor\\laravel\\framework\\src\\Illuminate\\Pipeline\\Pipeline.php(219): Illuminate\\Foundation\\Http\\Middleware\\PreventRequestsDuringMaintenance->handle(Object(Illuminate\\Http\\Request), Object(Closure))
#41 C:\\xampp\\htdocs\\secprog\\SecPro\\FrontEndSec\\vendor\\laravel\\framework\\src\\Illuminate\\Http\\Middleware\\HandleCors.php(48): Illuminate\\Pipeline\\Pipeline->Illuminate\\Pipeline\\{closure}(Object(Illuminate\\Http\\Request))
#42 C:\\xampp\\htdocs\\secprog\\SecPro\\FrontEndSec\\vendor\\laravel\\framework\\src\\Illuminate\\Pipeline\\Pipeline.php(219): Illuminate\\Http\\Middleware\\HandleCors->handle(Object(Illuminate\\Http\\Request), Object(Closure))
#43 C:\\xampp\\htdocs\\secprog\\SecPro\\FrontEndSec\\vendor\\laravel\\framework\\src\\Illuminate\\Http\\Middleware\\TrustProxies.php(58): Illuminate\\Pipeline\\Pipeline->Illuminate\\Pipeline\\{closure}(Object(Illuminate\\Http\\Request))
#44 C:\\xampp\\htdocs\\secprog\\SecPro\\FrontEndSec\\vendor\\laravel\\framework\\src\\Illuminate\\Pipeline\\Pipeline.php(219): Illuminate\\Http\\Middleware\\TrustProxies->handle(Object(Illuminate\\Http\\Request), Object(Closure))
#45 C:\\xampp\\htdocs\\secprog\\SecPro\\FrontEndSec\\vendor\\laravel\\framework\\src\\Illuminate\\Foundation\\Http\\Middleware\\InvokeDeferredCallbacks.php(22): Illuminate\\Pipeline\\Pipeline->Illuminate\\Pipeline\\{closure}(Object(Illuminate\\Http\\Request))
#46 C:\\xampp\\htdocs\\secprog\\SecPro\\FrontEndSec\\vendor\\laravel\\framework\\src\\Illuminate\\Pipeline\\Pipeline.php(219): Illuminate\\Foundation\\Http\\Middleware\\InvokeDeferredCallbacks->handle(Object(Illuminate\\Http\\Request), Object(Closure))
#47 C:\\xampp\\htdocs\\secprog\\SecPro\\FrontEndSec\\vendor\\laravel\\framework\\src\\Illuminate\\Http\\Middleware\\ValidatePathEncoding.php(26): Illuminate\\Pipeline\\Pipeline->Illuminate\\Pipeline\\{closure}(Object(Illuminate\\Http\\Request))
#48 C:\\xampp\\htdocs\\secprog\\SecPro\\FrontEndSec\\vendor\\laravel\\framework\\src\\Illuminate\\Pipeline\\Pipeline.php(219): Illuminate\\Http\\Middleware\\ValidatePathEncoding->handle(Object(Illuminate\\Http\\Request), Object(Closure))
#49 C:\\xampp\\htdocs\\secprog\\SecPro\\FrontEndSec\\vendor\\laravel\\framework\\src\\Illuminate\\Pipeline\\Pipeline.php(137): Illuminate\\Pipeline\\Pipeline->Illuminate\\Pipeline\\{closure}(Object(Illuminate\\Http\\Request))
#50 C:\\xampp\\htdocs\\secprog\\SecPro\\FrontEndSec\\vendor\\laravel\\framework\\src\\Illuminate\\Foundation\\Http\\Kernel.php(175): Illuminate\\Pipeline\\Pipeline->then(Object(Closure))
#51 C:\\xampp\\htdocs\\secprog\\SecPro\\FrontEndSec\\vendor\\laravel\\framework\\src\\Illuminate\\Foundation\\Http\\Kernel.php(144): Illuminate\\Foundation\\Http\\Kernel->sendRequestThroughRouter(Object(Illuminate\\Http\\Request))
#52 C:\\xampp\\htdocs\\secprog\\SecPro\\FrontEndSec\\vendor\\laravel\\framework\\src\\Illuminate\\Foundation\\Application.php(1220): Illuminate\\Foundation\\Http\\Kernel->handle(Object(Illuminate\\Http\\Request))
#53 C:\\xampp\\htdocs\\secprog\\SecPro\\FrontEndSec\\public\\index.php(20): Illuminate\\Foundation\\Application->handleRequest(Object(Illuminate\\Http\\Request))
#54 C:\\xampp\\htdocs\\secprog\\SecPro\\FrontEndSec\\vendor\\laravel\\framework\\src\\Illuminate\\Foundation\\resources\\server.php(23): require_once('C:\\\\xampp\\\\htdocs...')
#55 {main}

[previous exception] [object] (ParseError(code: 0): syntax error, unexpected end of file at C:\\xampp\\htdocs\\secprog\\SecPro\\FrontEndSec\\storage\\framework\\views\\1f1e764261ce25fd6ab9770d03d6856e.php:150)
[stacktrace]
#0 C:\\xampp\\htdocs\\secprog\\SecPro\\FrontEndSec\\vendor\\laravel\\framework\\src\\Illuminate\\Filesystem\\Filesystem.php(124): Illuminate\\Filesystem\\Filesystem::Illuminate\\Filesystem\\{closure}()
#1 C:\\xampp\\htdocs\\secprog\\SecPro\\FrontEndSec\\vendor\\laravel\\framework\\src\\Illuminate\\View\\Engines\\PhpEngine.php(57): Illuminate\\Filesystem\\Filesystem->getRequire('C:\\\\xampp\\\\htdocs...', Array)
#2 C:\\xampp\\htdocs\\secprog\\SecPro\\FrontEndSec\\vendor\\laravel\\framework\\src\\Illuminate\\View\\Engines\\CompilerEngine.php(76): Illuminate\\View\\Engines\\PhpEngine->evaluatePath('C:\\\\xampp\\\\htdocs...', Array)
#3 C:\\xampp\\htdocs\\secprog\\SecPro\\FrontEndSec\\vendor\\laravel\\framework\\src\\Illuminate\\View\\View.php(208): Illuminate\\View\\Engines\\CompilerEngine->get('C:\\\\xampp\\\\htdocs...', Array)
#4 C:\\xampp\\htdocs\\secprog\\SecPro\\FrontEndSec\\vendor\\laravel\\framework\\src\\Illuminate\\View\\View.php(191): Illuminate\\View\\View->getContents()
#5 C:\\xampp\\htdocs\\secprog\\SecPro\\FrontEndSec\\vendor\\laravel\\framework\\src\\Illuminate\\View\\View.php(160): Illuminate\\View\\View->renderContents()
#6 C:\\xampp\\htdocs\\secprog\\SecPro\\FrontEndSec\\vendor\\laravel\\framework\\src\\Illuminate\\Http\\Response.php(78): Illuminate\\View\\View->render()
#7 C:\\xampp\\htdocs\\secprog\\SecPro\\FrontEndSec\\vendor\\laravel\\framework\\src\\Illuminate\\Http\\Response.php(34): Illuminate\\Http\\Response->setContent(Object(Illuminate\\View\\View))
#8 C:\\xampp\\htdocs\\secprog\\SecPro\\FrontEndSec\\vendor\\laravel\\framework\\src\\Illuminate\\Routing\\Router.php(939): Illuminate\\Http\\Response->__construct(Object(Illuminate\\View\\View), 200, Array)
#9 C:\\xampp\\htdocs\\secprog\\SecPro\\FrontEndSec\\vendor\\laravel\\framework\\src\\Illuminate\\Routing\\Router.php(906): Illuminate\\Routing\\Router::toResponse(Object(Illuminate\\Http\\Request), Object(Illuminate\\View\\View))
#10 C:\\xampp\\htdocs\\secprog\\SecPro\\FrontEndSec\\vendor\\laravel\\framework\\src\\Illuminate\\Routing\\Router.php(821): Illuminate\\Routing\\Router->prepareResponse(Object(Illuminate\\Http\\Request), Object(Illuminate\\View\\View))
#11 C:\\xampp\\htdocs\\secprog\\SecPro\\FrontEndSec\\vendor\\laravel\\framework\\src\\Illuminate\\Pipeline\\Pipeline.php(180): Illuminate\\Routing\\Router->Illuminate\\Routing\\{closure}(Object(Illuminate\\Http\\Request))
#12 C:\\xampp\\htdocs\\secprog\\SecPro\\FrontEndSec\\vendor\\laravel\\framework\\src\\Illuminate\\Routing\\Middleware\\SubstituteBindings.php(50): Illuminate\\Pipeline\\Pipeline->Illuminate\\Pipeline\\{closure}(Object(Illuminate\\Http\\Request))
#13 C:\\xampp\\htdocs\\secprog\\SecPro\\FrontEndSec\\vendor\\laravel\\framework\\src\\Illuminate\\Pipeline\\Pipeline.php(219): Illuminate\\Routing\\Middleware\\SubstituteBindings->handle(Object(Illuminate\\Http\\Request), Object(Closure))
#14 C:\\xampp\\htdocs\\secprog\\SecPro\\FrontEndSec\\vendor\\laravel\\framework\\src\\Illuminate\\Foundation\\Http\\Middleware\\VerifyCsrfToken.php(87): Illuminate\\Pipeline\\Pipeline->Illuminate\\Pipeline\\{closure}(Object(Illuminate\\Http\\Request))
#15 C:\\xampp\\htdocs\\secprog\\SecPro\\FrontEndSec\\vendor\\laravel\\framework\\src\\Illuminate\\Pipeline\\Pipeline.php(219): Illuminate\\Foundation\\Http\\Middleware\\VerifyCsrfToken->handle(Object(Illuminate\\Http\\Request), Object(Closure))
#16 C:\\xampp\\htdocs\\secprog\\SecPro\\FrontEndSec\\vendor\\laravel\\framework\\src\\Illuminate\\View\\Middleware\\ShareErrorsFromSession.php(48): Illuminate\\Pipeline\\Pipeline->Illuminate\\Pipeline\\{closure}(Object(Illuminate\\Http\\Request))
#17 C:\\xampp\\htdocs\\secprog\\SecPro\\FrontEndSec\\vendor\\laravel\\framework\\src\\Illuminate\\Pipeline\\Pipeline.php(219): Illuminate\\View\\Middleware\\ShareErrorsFromSession->handle(Object(Illuminate\\Http\\Request), Object(Closure))
#18 C:\\xampp\\htdocs\\secprog\\SecPro\\FrontEndSec\\vendor\\laravel\\framework\\src\\Illuminate\\Session\\Middleware\\StartSession.php(120): Illuminate\\Pipeline\\Pipeline->Illuminate\\Pipeline\\{closure}(Object(Illuminate\\Http\\Request))
#19 C:\\xampp\\htdocs\\secprog\\SecPro\\FrontEndSec\\vendor\\laravel\\framework\\src\\Illuminate\\Session\\Middleware\\StartSession.php(63): Illuminate\\Session\\Middleware\\StartSession->handleStatefulRequest(Object(Illuminate\\Http\\Request), Object(Illuminate\\Session\\Store), Object(Closure))
#20 C:\\xampp\\htdocs\\secprog\\SecPro\\FrontEndSec\\vendor\\laravel\\framework\\src\\Illuminate\\Pipeline\\Pipeline.php(219): Illuminate\\Session\\Middleware\\StartSession->handle(Object(Illuminate\\Http\\Request), Object(Closure))
#21 C:\\xampp\\htdocs\\secprog\\SecPro\\FrontEndSec\\vendor\\laravel\\framework\\src\\Illuminate\\Cookie\\Middleware\\AddQueuedCookiesToResponse.php(36): Illuminate\\Pipeline\\Pipeline->Illuminate\\Pipeline\\{closure}(Object(Illuminate\\Http\\Request))
#22 C:\\xampp\\htdocs\\secprog\\SecPro\\FrontEndSec\\vendor\\laravel\\framework\\src\\Illuminate\\Pipeline\\Pipeline.php(219): Illuminate\\Cookie\\Middleware\\AddQueuedCookiesToResponse->handle(Object(Illuminate\\Http\\Request), Object(Closure))
#23 C:\\xampp\\htdocs\\secprog\\SecPro\\FrontEndSec\\vendor\\laravel\\framework\\src\\Illuminate\\Cookie\\Middleware\\EncryptCookies.php(74): Illuminate\\Pipeline\\Pipeline->Illuminate\\Pipeline\\{closure}(Object(Illuminate\\Http\\Request))
#24 C:\\xampp\\htdocs\\secprog\\SecPro\\FrontEndSec\\vendor\\laravel\\framework\\src\\Illuminate\\Pipeline\\Pipeline.php(219): Illuminate\\Cookie\\Middleware\\EncryptCookies->handle(Object(Illuminate\\Http\\Request), Object(Closure))
#25 C:\\xampp\\htdocs\\secprog\\SecPro\\FrontEndSec\\vendor\\laravel\\framework\\src\\Illuminate\\Pipeline\\Pipeline.php(137): Illuminate\\Pipeline\\Pipeline->Illuminate\\Pipeline\\{closure}(Object(Illuminate\\Http\\Request))
#26 C:\\xampp\\htdocs\\secprog\\SecPro\\FrontEndSec\\vendor\\laravel\\framework\\src\\Illuminate\\Routing\\Router.php(821): Illuminate\\Pipeline\\Pipeline->then(Object(Closure))
#27 C:\\xampp\\htdocs\\secprog\\SecPro\\FrontEndSec\\vendor\\laravel\\framework\\src\\Illuminate\\Routing\\Router.php(800): Illuminate\\Routing\\Router->runRouteWithinStack(Object(Illuminate\\Routing\\Route), Object(Illuminate\\Http\\Request))
#28 C:\\xampp\\htdocs\\secprog\\SecPro\\FrontEndSec\\vendor\\laravel\\framework\\src\\Illuminate\\Routing\\Router.php(764): Illuminate\\Routing\\Router->runRoute(Object(Illuminate\\Http\\Request), Object(Illuminate\\Routing\\Route))
#29 C:\\xampp\\htdocs\\secprog\\SecPro\\FrontEndSec\\vendor\\laravel\\framework\\src\\Illuminate\\Routing\\Router.php(753): Illuminate\\Routing\\Router->dispatchToRoute(Object(Illuminate\\Http\\Request))
#30 C:\\xampp\\htdocs\\secprog\\SecPro\\FrontEndSec\\vendor\\laravel\\framework\\src\\Illuminate\\Foundation\\Http\\Kernel.php(200): Illuminate\\Routing\\Router->dispatch(Object(Illuminate\\Http\\Request))
#31 C:\\xampp\\htdocs\\secprog\\SecPro\\FrontEndSec\\vendor\\laravel\\framework\\src\\Illuminate\\Pipeline\\Pipeline.php(180): Illuminate\\Foundation\\Http\\Kernel->Illuminate\\Foundation\\Http\\{closure}(Object(Illuminate\\Http\\Request))
#32 C:\\xampp\\htdocs\\secprog\\SecPro\\FrontEndSec\\vendor\\laravel\\framework\\src\\Illuminate\\Foundation\\Http\\Middleware\\TransformsRequest.php(21): Illuminate\\Pipeline\\Pipeline->Illuminate\\Pipeline\\{closure}(Object(Illuminate\\Http\\Request))
#33 C:\\xampp\\htdocs\\secprog\\SecPro\\FrontEndSec\\vendor\\laravel\\framework\\src\\Illuminate\\Foundation\\Http\\Middleware\\ConvertEmptyStringsToNull.php(31): Illuminate\\Foundation\\Http\\Middleware\\TransformsRequest->handle(Object(Illuminate\\Http\\Request), Object(Closure))
#34 C:\\xampp\\htdocs\\secprog\\SecPro\\FrontEndSec\\vendor\\laravel\\framework\\src\\Illuminate\\Pipeline\\Pipeline.php(219): Illuminate\\Foundation\\Http\\Middleware\\ConvertEmptyStringsToNull->handle(Object(Illuminate\\Http\\Request), Object(Closure))
#35 C:\\xampp\\htdocs\\secprog\\SecPro\\FrontEndSec\\vendor\\laravel\\framework\\src\\Illuminate\\Foundation\\Http\\Middleware\\TransformsRequest.php(21): Illuminate\\Pipeline\\Pipeline->Illuminate\\Pipeline\\{closure}(Object(Illuminate\\Http\\Request))
#36 C:\\xampp\\htdocs\\secprog\\SecPro\\FrontEndSec\\vendor\\laravel\\framework\\src\\Illuminate\\Foundation\\Http\\Middleware\\TrimStrings.php(51): Illuminate\\Foundation\\Http\\Middleware\\TransformsRequest->handle(Object(Illuminate\\Http\\Request), Object(Closure))
#37 C:\\xampp\\htdocs\\secprog\\SecPro\\FrontEndSec\\vendor\\laravel\\framework\\src\\Illuminate\\Pipeline\\Pipeline.php(219): Illuminate\\Foundation\\Http\\Middleware\\TrimStrings->handle(Object(Illuminate\\Http\\Request), Object(Closure))
#38 C:\\xampp\\htdocs\\secprog\\SecPro\\FrontEndSec\\vendor\\laravel\\framework\\src\\Illuminate\\Http\\Middleware\\ValidatePostSize.php(27): Illuminate\\Pipeline\\Pipeline->Illuminate\\Pipeline\\{closure}(Object(Illuminate\\Http\\Request))
#39 C:\\xampp\\htdocs\\secprog\\SecPro\\FrontEndSec\\vendor\\laravel\\framework\\src\\Illuminate\\Pipeline\\Pipeline.php(219): Illuminate\\Http\\Middleware\\ValidatePostSize->handle(Object(Illuminate\\Http\\Request), Object(Closure))
#40 C:\\xampp\\htdocs\\secprog\\SecPro\\FrontEndSec\\vendor\\laravel\\framework\\src\\Illuminate\\Foundation\\Http\\Middleware\\PreventRequestsDuringMaintenance.php(109): Illuminate\\Pipeline\\Pipeline->Illuminate\\Pipeline\\{closure}(Object(Illuminate\\Http\\Request))
#41 C:\\xampp\\htdocs\\secprog\\SecPro\\FrontEndSec\\vendor\\laravel\\framework\\src\\Illuminate\\Pipeline\\Pipeline.php(219): Illuminate\\Foundation\\Http\\Middleware\\PreventRequestsDuringMaintenance->handle(Object(Illuminate\\Http\\Request), Object(Closure))
#42 C:\\xampp\\htdocs\\secprog\\SecPro\\FrontEndSec\\vendor\\laravel\\framework\\src\\Illuminate\\Http\\Middleware\\HandleCors.php(48): Illuminate\\Pipeline\\Pipeline->Illuminate\\Pipeline\\{closure}(Object(Illuminate\\Http\\Request))
#43 C:\\xampp\\htdocs\\secprog\\SecPro\\FrontEndSec\\vendor\\laravel\\framework\\src\\Illuminate\\Pipeline\\Pipeline.php(219): Illuminate\\Http\\Middleware\\HandleCors->handle(Object(Illuminate\\Http\\Request), Object(Closure))
#44 C:\\xampp\\htdocs\\secprog\\SecPro\\FrontEndSec\\vendor\\laravel\\framework\\src\\Illuminate\\Http\\Middleware\\TrustProxies.php(58): Illuminate\\Pipeline\\Pipeline->Illuminate\\Pipeline\\{closure}(Object(Illuminate\\Http\\Request))
#45 C:\\xampp\\htdocs\\secprog\\SecPro\\FrontEndSec\\vendor\\laravel\\framework\\src\\Illuminate\\Pipeline\\Pipeline.php(219): Illuminate\\Http\\Middleware\\TrustProxies->handle(Object(Illuminate\\Http\\Request), Object(Closure))
#46 C:\\xampp\\htdocs\\secprog\\SecPro\\FrontEndSec\\vendor\\laravel\\framework\\src\\Illuminate\\Foundation\\Http\\Middleware\\InvokeDeferredCallbacks.php(22): Illuminate\\Pipeline\\Pipeline->Illuminate\\Pipeline\\{closure}(Object(Illuminate\\Http\\Request))
#47 C:\\xampp\\htdocs\\secprog\\SecPro\\FrontEndSec\\vendor\\laravel\\framework\\src\\Illuminate\\Pipeline\\Pipeline.php(219): Illuminate\\Foundation\\Http\\Middleware\\InvokeDeferredCallbacks->handle(Object(Illuminate\\Http\\Request), Object(Closure))
#48 C:\\xampp\\htdocs\\secprog\\SecPro\\FrontEndSec\\vendor\\laravel\\framework\\src\\Illuminate\\Http\\Middleware\\ValidatePathEncoding.php(26): Illuminate\\Pipeline\\Pipeline->Illuminate\\Pipeline\\{closure}(Object(Illuminate\\Http\\Request))
#49 C:\\xampp\\htdocs\\secprog\\SecPro\\FrontEndSec\\vendor\\laravel\\framework\\src\\Illuminate\\Pipeline\\Pipeline.php(219): Illuminate\\Http\\Middleware\\ValidatePathEncoding->handle(Object(Illuminate\\Http\\Request), Object(Closure))
#50 C:\\xampp\\htdocs\\secprog\\SecPro\\FrontEndSec\\vendor\\laravel\\framework\\src\\Illuminate\\Pipeline\\Pipeline.php(137): Illuminate\\Pipeline\\Pipeline->Illuminate\\Pipeline\\{closure}(Object(Illuminate\\Http\\Request))
#51 C:\\xampp\\htdocs\\secprog\\SecPro\\FrontEndSec\\vendor\\laravel\\framework\\src\\Illuminate\\Foundation\\Http\\Kernel.php(175): Illuminate\\Pipeline\\Pipeline->then(Object(Closure))
#52 C:\\xampp\\htdocs\\secprog\\SecPro\\FrontEndSec\\vendor\\laravel\\framework\\src\\Illuminate\\Foundation\\Http\\Kernel.php(144): Illuminate\\Foundation\\Http\\Kernel->sendRequestThroughRouter(Object(Illuminate\\Http\\Request))
#53 C:\\xampp\\htdocs\\secprog\\SecPro\\FrontEndSec\\vendor\\laravel\\framework\\src\\Illuminate\\Foundation\\Application.php(1220): Illuminate\\Foundation\\Http\\Kernel->handle(Object(Illuminate\\Http\\Request))
#54 C:\\xampp\\htdocs\\secprog\\SecPro\\FrontEndSec\\public\\index.php(20): Illuminate\\Foundation\\Application->handleRequest(Object(Illuminate\\Http\\Request))
#55 C:\\xampp\\htdocs\\secprog\\SecPro\\FrontEndSec\\vendor\\laravel\\framework\\src\\Illuminate\\Foundation\\resources\\server.php(23): require_once('C:\\\\xampp\\\\htdocs...')
#56 {main}
"} 
[2025-11-18 15:56:02] local.ERROR: Undefined variable $weeklyRecipes (View: C:\xampp\htdocs\secprog\SecPro\FrontEndSec\resources\views\mainPage.blade.php) {"exception":"[object] (Illuminate\\View\\ViewException(code: 0): Undefined variable $weeklyRecipes (View: C:\\xampp\\htdocs\\secprog\\SecPro\\FrontEndSec\\resources\\views\\mainPage.blade.php) at C:\\xampp\\htdocs\\secprog\\SecPro\\FrontEndSec\\storage\\framework\\views\\1f1e764261ce25fd6ab9770d03d6856e.php:141)
[stacktrace]
#0 C:\\xampp\\htdocs\\secprog\\SecPro\\FrontEndSec\\vendor\\laravel\\framework\\src\\Illuminate\\View\\Engines\\PhpEngine.php(59): Illuminate\\View\\Engines\\CompilerEngine->handleViewException(Object(ErrorException), 1)
#1 C:\\xampp\\htdocs\\secprog\\SecPro\\FrontEndSec\\vendor\\laravel\\framework\\src\\Illuminate\\View\\Engines\\CompilerEngine.php(76): Illuminate\\View\\Engines\\PhpEngine->evaluatePath('C:\\\\xampp\\\\htdocs...', Array)
#2 C:\\xampp\\htdocs\\secprog\\SecPro\\FrontEndSec\\vendor\\laravel\\framework\\src\\Illuminate\\View\\View.php(208): Illuminate\\View\\Engines\\CompilerEngine->get('C:\\\\xampp\\\\htdocs...', Array)
#3 C:\\xampp\\htdocs\\secprog\\SecPro\\FrontEndSec\\vendor\\laravel\\framework\\src\\Illuminate\\View\\View.php(191): Illuminate\\View\\View->getContents()
#4 C:\\xampp\\htdocs\\secprog\\SecPro\\FrontEndSec\\vendor\\laravel\\framework\\src\\Illuminate\\View\\View.php(160): Illuminate\\View\\View->renderContents()
#5 C:\\xampp\\htdocs\\secprog\\SecPro\\FrontEndSec\\vendor\\laravel\\framework\\src\\Illuminate\\Http\\Response.php(78): Illuminate\\View\\View->render()
#6 C:\\xampp\\htdocs\\secprog\\SecPro\\FrontEndSec\\vendor\\laravel\\framework\\src\\Illuminate\\Http\\Response.php(34): Illuminate\\Http\\Response->setContent(Object(Illuminate\\View\\View))
#7 C:\\xampp\\htdocs\\secprog\\SecPro\\FrontEndSec\\vendor\\laravel\\framework\\src\\Illuminate\\Routing\\Router.php(939): Illuminate\\Http\\Response->__construct(Object(Illuminate\\View\\View), 200, Array)
#8 C:\\xampp\\htdocs\\secprog\\SecPro\\FrontEndSec\\vendor\\laravel\\framework\\src\\Illuminate\\Routing\\Router.php(906): Illuminate\\Routing\\Router::toResponse(Object(Illuminate\\Http\\Request), Object(Illuminate\\View\\View))
#9 C:\\xampp\\htdocs\\secprog\\SecPro\\FrontEndSec\\vendor\\laravel\\framework\\src\\Illuminate\\Routing\\Router.php(821): Illuminate\\Routing\\Router->prepareResponse(Object(Illuminate\\Http\\Request), Object(Illuminate\\View\\View))
#10 C:\\xampp\\htdocs\\secprog\\SecPro\\FrontEndSec\\vendor\\laravel\\framework\\src\\Illuminate\\Pipeline\\Pipeline.php(180): Illuminate\\Routing\\Router->Illuminate\\Routing\\{closure}(Object(Illuminate\\Http\\Request))
#11 C:\\xampp\\htdocs\\secprog\\SecPro\\FrontEndSec\\vendor\\laravel\\framework\\src\\Illuminate\\Routing\\Middleware\\SubstituteBindings.php(50): Illuminate\\Pipeline\\Pipeline->Illuminate\\Pipeline\\{closure}(Object(Illuminate\\Http\\Request))
#12 C:\\xampp\\htdocs\\secprog\\SecPro\\FrontEndSec\\vendor\\laravel\\framework\\src\\Illuminate\\Pipeline\\Pipeline.php(219): Illuminate\\Routing\\Middleware\\SubstituteBindings->handle(Object(Illuminate\\Http\\Request), Object(Closure))
#13 C:\\xampp\\htdocs\\secprog\\SecPro\\FrontEndSec\\vendor\\laravel\\framework\\src\\Illuminate\\Foundation\\Http\\Middleware\\VerifyCsrfToken.php(87): Illuminate\\Pipeline\\Pipeline->Illuminate\\Pipeline\\{closure}(Object(Illuminate\\Http\\Request))
#14 C:\\xampp\\htdocs\\secprog\\SecPro\\FrontEndSec\\vendor\\laravel\\framework\\src\\Illuminate\\Pipeline\\Pipeline.php(219): Illuminate\\Foundation\\Http\\Middleware\\VerifyCsrfToken->handle(Object(Illuminate\\Http\\Request), Object(Closure))
#15 C:\\xampp\\htdocs\\secprog\\SecPro\\FrontEndSec\\vendor\\laravel\\framework\\src\\Illuminate\\View\\Middleware\\ShareErrorsFromSession.php(48): Illuminate\\Pipeline\\Pipeline->Illuminate\\Pipeline\\{closure}(Object(Illuminate\\Http\\Request))
#16 C:\\xampp\\htdocs\\secprog\\SecPro\\FrontEndSec\\vendor\\laravel\\framework\\src\\Illuminate\\Pipeline\\Pipeline.php(219): Illuminate\\View\\Middleware\\ShareErrorsFromSession->handle(Object(Illuminate\\Http\\Request), Object(Closure))
#17 C:\\xampp\\htdocs\\secprog\\SecPro\\FrontEndSec\\vendor\\laravel\\framework\\src\\Illuminate\\Session\\Middleware\\StartSession.php(120): Illuminate\\Pipeline\\Pipeline->Illuminate\\Pipeline\\{closure}(Object(Illuminate\\Http\\Request))
#18 C:\\xampp\\htdocs\\secprog\\SecPro\\FrontEndSec\\vendor\\laravel\\framework\\src\\Illuminate\\Session\\Middleware\\StartSession.php(63): Illuminate\\Session\\Middleware\\StartSession->handleStatefulRequest(Object(Illuminate\\Http\\Request), Object(Illuminate\\Session\\Store), Object(Closure))
#19 C:\\xampp\\htdocs\\secprog\\SecPro\\FrontEndSec\\vendor\\laravel\\framework\\src\\Illuminate\\Pipeline\\Pipeline.php(219): Illuminate\\Session\\Middleware\\StartSession->handle(Object(Illuminate\\Http\\Request), Object(Closure))
#20 C:\\xampp\\htdocs\\secprog\\SecPro\\FrontEndSec\\vendor\\laravel\\framework\\src\\Illuminate\\Cookie\\Middleware\\AddQueuedCookiesToResponse.php(36): Illuminate\\Pipeline\\Pipeline->Illuminate\\Pipeline\\{closure}(Object(Illuminate\\Http\\Request))
#21 C:\\xampp\\htdocs\\secprog\\SecPro\\FrontEndSec\\vendor\\laravel\\framework\\src\\Illuminate\\Pipeline\\Pipeline.php(219): Illuminate\\Cookie\\Middleware\\AddQueuedCookiesToResponse->handle(Object(Illuminate\\Http\\Request), Object(Closure))
#22 C:\\xampp\\htdocs\\secprog\\SecPro\\FrontEndSec\\vendor\\laravel\\framework\\src\\Illuminate\\Cookie\\Middleware\\EncryptCookies.php(74): Illuminate\\Pipeline\\Pipeline->Illuminate\\Pipeline\\{closure}(Object(Illuminate\\Http\\Request))
#23 C:\\xampp\\htdocs\\secprog\\SecPro\\FrontEndSec\\vendor\\laravel\\framework\\src\\Illuminate\\Pipeline\\Pipeline.php(219): Illuminate\\Cookie\\Middleware\\EncryptCookies->handle(Object(Illuminate\\Http\\Request), Object(Closure))
#24 C:\\xampp\\htdocs\\secprog\\SecPro\\FrontEndSec\\vendor\\laravel\\framework\\src\\Illuminate\\Pipeline\\Pipeline.php(137): Illuminate\\Pipeline\\Pipeline->Illuminate\\Pipeline\\{closure}(Object(Illuminate\\Http\\Request))
#25 C:\\xampp\\htdocs\\secprog\\SecPro\\FrontEndSec\\vendor\\laravel\\framework\\src\\Illuminate\\Routing\\Router.php(821): Illuminate\\Pipeline\\Pipeline->then(Object(Closure))
#26 C:\\xampp\\htdocs\\secprog\\SecPro\\FrontEndSec\\vendor\\laravel\\framework\\src\\Illuminate\\Routing\\Router.php(800): Illuminate\\Routing\\Router->runRouteWithinStack(Object(Illuminate\\Routing\\Route), Object(Illuminate\\Http\\Request))
#27 C:\\xampp\\htdocs\\secprog\\SecPro\\FrontEndSec\\vendor\\laravel\\framework\\src\\Illuminate\\Routing\\Router.php(764): Illuminate\\Routing\\Router->runRoute(Object(Illuminate\\Http\\Request), Object(Illuminate\\Routing\\Route))
#28 C:\\xampp\\htdocs\\secprog\\SecPro\\FrontEndSec\\vendor\\laravel\\framework\\src\\Illuminate\\Routing\\Router.php(753): Illuminate\\Routing\\Router->dispatchToRoute(Object(Illuminate\\Http\\Request))
#29 C:\\xampp\\htdocs\\secprog\\SecPro\\FrontEndSec\\vendor\\laravel\\framework\\src\\Illuminate\\Foundation\\Http\\Kernel.php(200): Illuminate\\Routing\\Router->dispatch(Object(Illuminate\\Http\\Request))
#30 C:\\xampp\\htdocs\\secprog\\SecPro\\FrontEndSec\\vendor\\laravel\\framework\\src\\Illuminate\\Pipeline\\Pipeline.php(180): Illuminate\\Foundation\\Http\\Kernel->Illuminate\\Foundation\\Http\\{closure}(Object(Illuminate\\Http\\Request))
#31 C:\\xampp\\htdocs\\secprog\\SecPro\\FrontEndSec\\vendor\\laravel\\framework\\src\\Illuminate\\Foundation\\Http\\Middleware\\TransformsRequest.php(21): Illuminate\\Pipeline\\Pipeline->Illuminate\\Pipeline\\{closure}(Object(Illuminate\\Http\\Request))
#32 C:\\xampp\\htdocs\\secprog\\SecPro\\FrontEndSec\\vendor\\laravel\\framework\\src\\Illuminate\\Foundation\\Http\\Middleware\\ConvertEmptyStringsToNull.php(31): Illuminate\\Foundation\\Http\\Middleware\\TransformsRequest->handle(Object(Illuminate\\Http\\Request), Object(Closure))
#33 C:\\xampp\\htdocs\\secprog\\SecPro\\FrontEndSec\\vendor\\laravel\\framework\\src\\Illuminate\\Pipeline\\Pipeline.php(219): Illuminate\\Foundation\\Http\\Middleware\\ConvertEmptyStringsToNull->handle(Object(Illuminate\\Http\\Request), Object(Closure))
#34 C:\\xampp\\htdocs\\secprog\\SecPro\\FrontEndSec\\vendor\\laravel\\framework\\src\\Illuminate\\Foundation\\Http\\Middleware\\TransformsRequest.php(21): Illuminate\\Pipeline\\Pipeline->Illuminate\\Pipeline\\{closure}(Object(Illuminate\\Http\\Request))
#35 C:\\xampp\\htdocs\\secprog\\SecPro\\FrontEndSec\\vendor\\laravel\\framework\\src\\Illuminate\\Foundation\\Http\\Middleware\\TrimStrings.php(51): Illuminate\\Foundation\\Http\\Middleware\\TransformsRequest->handle(Object(Illuminate\\Http\\Request), Object(Closure))
#36 C:\\xampp\\htdocs\\secprog\\SecPro\\FrontEndSec\\vendor\\laravel\\framework\\src\\Illuminate\\Pipeline\\Pipeline.php(219): Illuminate\\Foundation\\Http\\Middleware\\TrimStrings->handle(Object(Illuminate\\Http\\Request), Object(Closure))
#37 C:\\xampp\\htdocs\\secprog\\SecPro\\FrontEndSec\\vendor\\laravel\\framework\\src\\Illuminate\\Http\\Middleware\\ValidatePostSize.php(27): Illuminate\\Pipeline\\Pipeline->Illuminate\\Pipeline\\{closure}(Object(Illuminate\\Http\\Request))
#38 C:\\xampp\\htdocs\\secprog\\SecPro\\FrontEndSec\\vendor\\laravel\\framework\\src\\Illuminate\\Pipeline\\Pipeline.php(219): Illuminate\\Http\\Middleware\\ValidatePostSize->handle(Object(Illuminate\\Http\\Request), Object(Closure))
#39 C:\\xampp\\htdocs\\secprog\\SecPro\\FrontEndSec\\vendor\\laravel\\framework\\src\\Illuminate\\Foundation\\Http\\Middleware\\PreventRequestsDuringMaintenance.php(109): Illuminate\\Pipeline\\Pipeline->Illuminate\\Pipeline\\{closure}(Object(Illuminate\\Http\\Request))
#40 C:\\xampp\\htdocs\\secprog\\SecPro\\FrontEndSec\\vendor\\laravel\\framework\\src\\Illuminate\\Pipeline\\Pipeline.php(219): Illuminate\\Foundation\\Http\\Middleware\\PreventRequestsDuringMaintenance->handle(Object(Illuminate\\Http\\Request), Object(Closure))
#41 C:\\xampp\\htdocs\\secprog\\SecPro\\FrontEndSec\\vendor\\laravel\\framework\\src\\Illuminate\\Http\\Middleware\\HandleCors.php(48): Illuminate\\Pipeline\\Pipeline->Illuminate\\Pipeline\\{closure}(Object(Illuminate\\Http\\Request))
#42 C:\\xampp\\htdocs\\secprog\\SecPro\\FrontEndSec\\vendor\\laravel\\framework\\src\\Illuminate\\Pipeline\\Pipeline.php(219): Illuminate\\Http\\Middleware\\HandleCors->handle(Object(Illuminate\\Http\\Request), Object(Closure))
#43 C:\\xampp\\htdocs\\secprog\\SecPro\\FrontEndSec\\vendor\\laravel\\framework\\src\\Illuminate\\Http\\Middleware\\TrustProxies.php(58): Illuminate\\Pipeline\\Pipeline->Illuminate\\Pipeline\\{closure}(Object(Illuminate\\Http\\Request))
#44 C:\\xampp\\htdocs\\secprog\\SecPro\\FrontEndSec\\vendor\\laravel\\framework\\src\\Illuminate\\Pipeline\\Pipeline.php(219): Illuminate\\Http\\Middleware\\TrustProxies->handle(Object(Illuminate\\Http\\Request), Object(Closure))
#45 C:\\xampp\\htdocs\\secprog\\SecPro\\FrontEndSec\\vendor\\laravel\\framework\\src\\Illuminate\\Foundation\\Http\\Middleware\\InvokeDeferredCallbacks.php(22): Illuminate\\Pipeline\\Pipeline->Illuminate\\Pipeline\\{closure}(Object(Illuminate\\Http\\Request))
#46 C:\\xampp\\htdocs\\secprog\\SecPro\\FrontEndSec\\vendor\\laravel\\framework\\src\\Illuminate\\Pipeline\\Pipeline.php(219): Illuminate\\Foundation\\Http\\Middleware\\InvokeDeferredCallbacks->handle(Object(Illuminate\\Http\\Request), Object(Closure))
#47 C:\\xampp\\htdocs\\secprog\\SecPro\\FrontEndSec\\vendor\\laravel\\framework\\src\\Illuminate\\Http\\Middleware\\ValidatePathEncoding.php(26): Illuminate\\Pipeline\\Pipeline->Illuminate\\Pipeline\\{closure}(Object(Illuminate\\Http\\Request))
#48 C:\\xampp\\htdocs\\secprog\\SecPro\\FrontEndSec\\vendor\\laravel\\framework\\src\\Illuminate\\Pipeline\\Pipeline.php(219): Illuminate\\Http\\Middleware\\ValidatePathEncoding->handle(Object(Illuminate\\Http\\Request), Object(Closure))
#49 C:\\xampp\\htdocs\\secprog\\SecPro\\FrontEndSec\\vendor\\laravel\\framework\\src\\Illuminate\\Pipeline\\Pipeline.php(137): Illuminate\\Pipeline\\Pipeline->Illuminate\\Pipeline\\{closure}(Object(Illuminate\\Http\\Request))
#50 C:\\xampp\\htdocs\\secprog\\SecPro\\FrontEndSec\\vendor\\laravel\\framework\\src\\Illuminate\\Foundation\\Http\\Kernel.php(175): Illuminate\\Pipeline\\Pipeline->then(Object(Closure))
#51 C:\\xampp\\htdocs\\secprog\\SecPro\\FrontEndSec\\vendor\\laravel\\framework\\src\\Illuminate\\Foundation\\Http\\Kernel.php(144): Illuminate\\Foundation\\Http\\Kernel->sendRequestThroughRouter(Object(Illuminate\\Http\\Request))
#52 C:\\xampp\\htdocs\\secprog\\SecPro\\FrontEndSec\\vendor\\laravel\\framework\\src\\Illuminate\\Foundation\\Application.php(1220): Illuminate\\Foundation\\Http\\Kernel->handle(Object(Illuminate\\Http\\Request))
#53 C:\\xampp\\htdocs\\secprog\\SecPro\\FrontEndSec\\public\\index.php(20): Illuminate\\Foundation\\Application->handleRequest(Object(Illuminate\\Http\\Request))
#54 C:\\xampp\\htdocs\\secprog\\SecPro\\FrontEndSec\\vendor\\laravel\\framework\\src\\Illuminate\\Foundation\\resources\\server.php(23): require_once('C:\\\\xampp\\\\htdocs...')
#55 {main}

[previous exception] [object] (ErrorException(code: 0): Undefined variable $weeklyRecipes at C:\\xampp\\htdocs\\secprog\\SecPro\\FrontEndSec\\storage\\framework\\views\\1f1e764261ce25fd6ab9770d03d6856e.php:141)
[stacktrace]
#0 C:\\xampp\\htdocs\\secprog\\SecPro\\FrontEndSec\\vendor\\laravel\\framework\\src\\Illuminate\\Foundation\\Bootstrap\\HandleExceptions.php(258): Illuminate\\Foundation\\Bootstrap\\HandleExceptions->handleError(2, 'Undefined varia...', 'C:\\\\xampp\\\\htdocs...', 141)
#1 C:\\xampp\\htdocs\\secprog\\SecPro\\FrontEndSec\\storage\\framework\\views\\1f1e764261ce25fd6ab9770d03d6856e.php(141): Illuminate\\Foundation\\Bootstrap\\HandleExceptions->Illuminate\\Foundation\\Bootstrap\\{closure}(2, 'Undefined varia...', 'C:\\\\xampp\\\\htdocs...', 141)
#2 C:\\xampp\\htdocs\\secprog\\SecPro\\FrontEndSec\\vendor\\laravel\\framework\\src\\Illuminate\\Filesystem\\Filesystem.php(123): require('C:\\\\xampp\\\\htdocs...')
#3 C:\\xampp\\htdocs\\secprog\\SecPro\\FrontEndSec\\vendor\\laravel\\framework\\src\\Illuminate\\Filesystem\\Filesystem.php(124): Illuminate\\Filesystem\\Filesystem::Illuminate\\Filesystem\\{closure}()
#4 C:\\xampp\\htdocs\\secprog\\SecPro\\FrontEndSec\\vendor\\laravel\\framework\\src\\Illuminate\\View\\Engines\\PhpEngine.php(57): Illuminate\\Filesystem\\Filesystem->getRequire('C:\\\\xampp\\\\htdocs...', Array)
#5 C:\\xampp\\htdocs\\secprog\\SecPro\\FrontEndSec\\vendor\\laravel\\framework\\src\\Illuminate\\View\\Engines\\CompilerEngine.php(76): Illuminate\\View\\Engines\\PhpEngine->evaluatePath('C:\\\\xampp\\\\htdocs...', Array)
#6 C:\\xampp\\htdocs\\secprog\\SecPro\\FrontEndSec\\vendor\\laravel\\framework\\src\\Illuminate\\View\\View.php(208): Illuminate\\View\\Engines\\CompilerEngine->get('C:\\\\xampp\\\\htdocs...', Array)
#7 C:\\xampp\\htdocs\\secprog\\SecPro\\FrontEndSec\\vendor\\laravel\\framework\\src\\Illuminate\\View\\View.php(191): Illuminate\\View\\View->getContents()
#8 C:\\xampp\\htdocs\\secprog\\SecPro\\FrontEndSec\\vendor\\laravel\\framework\\src\\Illuminate\\View\\View.php(160): Illuminate\\View\\View->renderContents()
#9 C:\\xampp\\htdocs\\secprog\\SecPro\\FrontEndSec\\vendor\\laravel\\framework\\src\\Illuminate\\Http\\Response.php(78): Illuminate\\View\\View->render()
#10 C:\\xampp\\htdocs\\secprog\\SecPro\\FrontEndSec\\vendor\\laravel\\framework\\src\\Illuminate\\Http\\Response.php(34): Illuminate\\Http\\Response->setContent(Object(Illuminate\\View\\View))
#11 C:\\xampp\\htdocs\\secprog\\SecPro\\FrontEndSec\\vendor\\laravel\\framework\\src\\Illuminate\\Routing\\Router.php(939): Illuminate\\Http\\Response->__construct(Object(Illuminate\\View\\View), 200, Array)
#12 C:\\xampp\\htdocs\\secprog\\SecPro\\FrontEndSec\\vendor\\laravel\\framework\\src\\Illuminate\\Routing\\Router.php(906): Illuminate\\Routing\\Router::toResponse(Object(Illuminate\\Http\\Request), Object(Illuminate\\View\\View))
#13 C:\\xampp\\htdocs\\secprog\\SecPro\\FrontEndSec\\vendor\\laravel\\framework\\src\\Illuminate\\Routing\\Router.php(821): Illuminate\\Routing\\Router->prepareResponse(Object(Illuminate\\Http\\Request), Object(Illuminate\\View\\View))
#14 C:\\xampp\\htdocs\\secprog\\SecPro\\FrontEndSec\\vendor\\laravel\\framework\\src\\Illuminate\\Pipeline\\Pipeline.php(180): Illuminate\\Routing\\Router->Illuminate\\Routing\\{closure}(Object(Illuminate\\Http\\Request))
#15 C:\\xampp\\htdocs\\secprog\\SecPro\\FrontEndSec\\vendor\\laravel\\framework\\src\\Illuminate\\Routing\\Middleware\\SubstituteBindings.php(50): Illuminate\\Pipeline\\Pipeline->Illuminate\\Pipeline\\{closure}(Object(Illuminate\\Http\\Request))
#16 C:\\xampp\\htdocs\\secprog\\SecPro\\FrontEndSec\\vendor\\laravel\\framework\\src\\Illuminate\\Pipeline\\Pipeline.php(219): Illuminate\\Routing\\Middleware\\SubstituteBindings->handle(Object(Illuminate\\Http\\Request), Object(Closure))
#17 C:\\xampp\\htdocs\\secprog\\SecPro\\FrontEndSec\\vendor\\laravel\\framework\\src\\Illuminate\\Foundation\\Http\\Middleware\\VerifyCsrfToken.php(87): Illuminate\\Pipeline\\Pipeline->Illuminate\\Pipeline\\{closure}(Object(Illuminate\\Http\\Request))
#18 C:\\xampp\\htdocs\\secprog\\SecPro\\FrontEndSec\\vendor\\laravel\\framework\\src\\Illuminate\\Pipeline\\Pipeline.php(219): Illuminate\\Foundation\\Http\\Middleware\\VerifyCsrfToken->handle(Object(Illuminate\\Http\\Request), Object(Closure))
#19 C:\\xampp\\htdocs\\secprog\\SecPro\\FrontEndSec\\vendor\\laravel\\framework\\src\\Illuminate\\View\\Middleware\\ShareErrorsFromSession.php(48): Illuminate\\Pipeline\\Pipeline->Illuminate\\Pipeline\\{closure}(Object(Illuminate\\Http\\Request))
#20 C:\\xampp\\htdocs\\secprog\\SecPro\\FrontEndSec\\vendor\\laravel\\framework\\src\\Illuminate\\Pipeline\\Pipeline.php(219): Illuminate\\View\\Middleware\\ShareErrorsFromSession->handle(Object(Illuminate\\Http\\Request), Object(Closure))
#21 C:\\xampp\\htdocs\\secprog\\SecPro\\FrontEndSec\\vendor\\laravel\\framework\\src\\Illuminate\\Session\\Middleware\\StartSession.php(120): Illuminate\\Pipeline\\Pipeline->Illuminate\\Pipeline\\{closure}(Object(Illuminate\\Http\\Request))
#22 C:\\xampp\\htdocs\\secprog\\SecPro\\FrontEndSec\\vendor\\laravel\\framework\\src\\Illuminate\\Session\\Middleware\\StartSession.php(63): Illuminate\\Session\\Middleware\\StartSession->handleStatefulRequest(Object(Illuminate\\Http\\Request), Object(Illuminate\\Session\\Store), Object(Closure))
#23 C:\\xampp\\htdocs\\secprog\\SecPro\\FrontEndSec\\vendor\\laravel\\framework\\src\\Illuminate\\Pipeline\\Pipeline.php(219): Illuminate\\Session\\Middleware\\StartSession->handle(Object(Illuminate\\Http\\Request), Object(Closure))
#24 C:\\xampp\\htdocs\\secprog\\SecPro\\FrontEndSec\\vendor\\laravel\\framework\\src\\Illuminate\\Cookie\\Middleware\\AddQueuedCookiesToResponse.php(36): Illuminate\\Pipeline\\Pipeline->Illuminate\\Pipeline\\{closure}(Object(Illuminate\\Http\\Request))
#25 C:\\xampp\\htdocs\\secprog\\SecPro\\FrontEndSec\\vendor\\laravel\\framework\\src\\Illuminate\\Pipeline\\Pipeline.php(219): Illuminate\\Cookie\\Middleware\\AddQueuedCookiesToResponse->handle(Object(Illuminate\\Http\\Request), Object(Closure))
#26 C:\\xampp\\htdocs\\secprog\\SecPro\\FrontEndSec\\vendor\\laravel\\framework\\src\\Illuminate\\Cookie\\Middleware\\EncryptCookies.php(74): Illuminate\\Pipeline\\Pipeline->Illuminate\\Pipeline\\{closure}(Object(Illuminate\\Http\\Request))
#27 C:\\xampp\\htdocs\\secprog\\SecPro\\FrontEndSec\\vendor\\laravel\\framework\\src\\Illuminate\\Pipeline\\Pipeline.php(219): Illuminate\\Cookie\\Middleware\\EncryptCookies->handle(Object(Illuminate\\Http\\Request), Object(Closure))
#28 C:\\xampp\\htdocs\\secprog\\SecPro\\FrontEndSec\\vendor\\laravel\\framework\\src\\Illuminate\\Pipeline\\Pipeline.php(137): Illuminate\\Pipeline\\Pipeline->Illuminate\\Pipeline\\{closure}(Object(Illuminate\\Http\\Request))
#29 C:\\xampp\\htdocs\\secprog\\SecPro\\FrontEndSec\\vendor\\laravel\\framework\\src\\Illuminate\\Routing\\Router.php(821): Illuminate\\Pipeline\\Pipeline->then(Object(Closure))
#30 C:\\xampp\\htdocs\\secprog\\SecPro\\FrontEndSec\\vendor\\laravel\\framework\\src\\Illuminate\\Routing\\Router.php(800): Illuminate\\Routing\\Router->runRouteWithinStack(Object(Illuminate\\Routing\\Route), Object(Illuminate\\Http\\Request))
#31 C:\\xampp\\htdocs\\secprog\\SecPro\\FrontEndSec\\vendor\\laravel\\framework\\src\\Illuminate\\Routing\\Router.php(764): Illuminate\\Routing\\Router->runRoute(Object(Illuminate\\Http\\Request), Object(Illuminate\\Routing\\Route))
#32 C:\\xampp\\htdocs\\secprog\\SecPro\\FrontEndSec\\vendor\\laravel\\framework\\src\\Illuminate\\Routing\\Router.php(753): Illuminate\\Routing\\Router->dispatchToRoute(Object(Illuminate\\Http\\Request))
#33 C:\\xampp\\htdocs\\secprog\\SecPro\\FrontEndSec\\vendor\\laravel\\framework\\src\\Illuminate\\Foundation\\Http\\Kernel.php(200): Illuminate\\Routing\\Router->dispatch(Object(Illuminate\\Http\\Request))
#34 C:\\xampp\\htdocs\\secprog\\SecPro\\FrontEndSec\\vendor\\laravel\\framework\\src\\Illuminate\\Pipeline\\Pipeline.php(180): Illuminate\\Foundation\\Http\\Kernel->Illuminate\\Foundation\\Http\\{closure}(Object(Illuminate\\Http\\Request))
#35 C:\\xampp\\htdocs\\secprog\\SecPro\\FrontEndSec\\vendor\\laravel\\framework\\src\\Illuminate\\Foundation\\Http\\Middleware\\TransformsRequest.php(21): Illuminate\\Pipeline\\Pipeline->Illuminate\\Pipeline\\{closure}(Object(Illuminate\\Http\\Request))
#36 C:\\xampp\\htdocs\\secprog\\SecPro\\FrontEndSec\\vendor\\laravel\\framework\\src\\Illuminate\\Foundation\\Http\\Middleware\\ConvertEmptyStringsToNull.php(31): Illuminate\\Foundation\\Http\\Middleware\\TransformsRequest->handle(Object(Illuminate\\Http\\Request), Object(Closure))
#37 C:\\xampp\\htdocs\\secprog\\SecPro\\FrontEndSec\\vendor\\laravel\\framework\\src\\Illuminate\\Pipeline\\Pipeline.php(219): Illuminate\\Foundation\\Http\\Middleware\\ConvertEmptyStringsToNull->handle(Object(Illuminate\\Http\\Request), Object(Closure))
#38 C:\\xampp\\htdocs\\secprog\\SecPro\\FrontEndSec\\vendor\\laravel\\framework\\src\\Illuminate\\Foundation\\Http\\Middleware\\TransformsRequest.php(21): Illuminate\\Pipeline\\Pipeline->Illuminate\\Pipeline\\{closure}(Object(Illuminate\\Http\\Request))
#39 C:\\xampp\\htdocs\\secprog\\SecPro\\FrontEndSec\\vendor\\laravel\\framework\\src\\Illuminate\\Foundation\\Http\\Middleware\\TrimStrings.php(51): Illuminate\\Foundation\\Http\\Middleware\\TransformsRequest->handle(Object(Illuminate\\Http\\Request), Object(Closure))
#40 C:\\xampp\\htdocs\\secprog\\SecPro\\FrontEndSec\\vendor\\laravel\\framework\\src\\Illuminate\\Pipeline\\Pipeline.php(219): Illuminate\\Foundation\\Http\\Middleware\\TrimStrings->handle(Object(Illuminate\\Http\\Request), Object(Closure))
#41 C:\\xampp\\htdocs\\secprog\\SecPro\\FrontEndSec\\vendor\\laravel\\framework\\src\\Illuminate\\Http\\Middleware\\ValidatePostSize.php(27): Illuminate\\Pipeline\\Pipeline->Illuminate\\Pipeline\\{closure}(Object(Illuminate\\Http\\Request))
#42 C:\\xampp\\htdocs\\secprog\\SecPro\\FrontEndSec\\vendor\\laravel\\framework\\src\\Illuminate\\Pipeline\\Pipeline.php(219): Illuminate\\Http\\Middleware\\ValidatePostSize->handle(Object(Illuminate\\Http\\Request), Object(Closure))
#43 C:\\xampp\\htdocs\\secprog\\SecPro\\FrontEndSec\\vendor\\laravel\\framework\\src\\Illuminate\\Foundation\\Http\\Middleware\\PreventRequestsDuringMaintenance.php(109): Illuminate\\Pipeline\\Pipeline->Illuminate\\Pipeline\\{closure}(Object(Illuminate\\Http\\Request))
#44 C:\\xampp\\htdocs\\secprog\\SecPro\\FrontEndSec\\vendor\\laravel\\framework\\src\\Illuminate\\Pipeline\\Pipeline.php(219): Illuminate\\Foundation\\Http\\Middleware\\PreventRequestsDuringMaintenance->handle(Object(Illuminate\\Http\\Request), Object(Closure))
#45 C:\\xampp\\htdocs\\secprog\\SecPro\\FrontEndSec\\vendor\\laravel\\framework\\src\\Illuminate\\Http\\Middleware\\HandleCors.php(48): Illuminate\\Pipeline\\Pipeline->Illuminate\\Pipeline\\{closure}(Object(Illuminate\\Http\\Request))
#46 C:\\xampp\\htdocs\\secprog\\SecPro\\FrontEndSec\\vendor\\laravel\\framework\\src\\Illuminate\\Pipeline\\Pipeline.php(219): Illuminate\\Http\\Middleware\\HandleCors->handle(Object(Illuminate\\Http\\Request), Object(Closure))
#47 C:\\xampp\\htdocs\\secprog\\SecPro\\FrontEndSec\\vendor\\laravel\\framework\\src\\Illuminate\\Http\\Middleware\\TrustProxies.php(58): Illuminate\\Pipeline\\Pipeline->Illuminate\\Pipeline\\{closure}(Object(Illuminate\\Http\\Request))
#48 C:\\xampp\\htdocs\\secprog\\SecPro\\FrontEndSec\\vendor\\laravel\\framework\\src\\Illuminate\\Pipeline\\Pipeline.php(219): Illuminate\\Http\\Middleware\\TrustProxies->handle(Object(Illuminate\\Http\\Request), Object(Closure))
#49 C:\\xampp\\htdocs\\secprog\\SecPro\\FrontEndSec\\vendor\\laravel\\framework\\src\\Illuminate\\Foundation\\Http\\Middleware\\InvokeDeferredCallbacks.php(22): Illuminate\\Pipeline\\Pipeline->Illuminate\\Pipeline\\{closure}(Object(Illuminate\\Http\\Request))
#50 C:\\xampp\\htdocs\\secprog\\SecPro\\FrontEndSec\\vendor\\laravel\\framework\\src\\Illuminate\\Pipeline\\Pipeline.php(219): Illuminate\\Foundation\\Http\\Middleware\\InvokeDeferredCallbacks->handle(Object(Illuminate\\Http\\Request), Object(Closure))
#51 C:\\xampp\\htdocs\\secprog\\SecPro\\FrontEndSec\\vendor\\laravel\\framework\\src\\Illuminate\\Http\\Middleware\\ValidatePathEncoding.php(26): Illuminate\\Pipeline\\Pipeline->Illuminate\\Pipeline\\{closure}(Object(Illuminate\\Http\\Request))
#52 C:\\xampp\\htdocs\\secprog\\SecPro\\FrontEndSec\\vendor\\laravel\\framework\\src\\Illuminate\\Pipeline\\Pipeline.php(219): Illuminate\\Http\\Middleware\\ValidatePathEncoding->handle(Object(Illuminate\\Http\\Request), Object(Closure))
#53 C:\\xampp\\htdocs\\secprog\\SecPro\\FrontEndSec\\vendor\\laravel\\framework\\src\\Illuminate\\Pipeline\\Pipeline.php(137): Illuminate\\Pipeline\\Pipeline->Illuminate\\Pipeline\\{closure}(Object(Illuminate\\Http\\Request))
#54 C:\\xampp\\htdocs\\secprog\\SecPro\\FrontEndSec\\vendor\\laravel\\framework\\src\\Illuminate\\Foundation\\Http\\Kernel.php(175): Illuminate\\Pipeline\\Pipeline->then(Object(Closure))
#55 C:\\xampp\\htdocs\\secprog\\SecPro\\FrontEndSec\\vendor\\laravel\\framework\\src\\Illuminate\\Foundation\\Http\\Kernel.php(144): Illuminate\\Foundation\\Http\\Kernel->sendRequestThroughRouter(Object(Illuminate\\Http\\Request))
#56 C:\\xampp\\htdocs\\secprog\\SecPro\\FrontEndSec\\vendor\\laravel\\framework\\src\\Illuminate\\Foundation\\Application.php(1220): Illuminate\\Foundation\\Http\\Kernel->handle(Object(Illuminate\\Http\\Request))
#57 C:\\xampp\\htdocs\\secprog\\SecPro\\FrontEndSec\\public\\index.php(20): Illuminate\\Foundation\\Application->handleRequest(Object(Illuminate\\Http\\Request))
#58 C:\\xampp\\htdocs\\secprog\\SecPro\\FrontEndSec\\vendor\\laravel\\framework\\src\\Illuminate\\Foundation\\resources\\server.php(23): require_once('C:\\\\xampp\\\\htdocs...')
#59 {main}
"} 
[2025-11-18 15:56:08] local.ERROR: Undefined variable $weeklyRecipes (View: C:\xampp\htdocs\secprog\SecPro\FrontEndSec\resources\views\mainPage.blade.php) {"exception":"[object] (Illuminate\\View\\ViewException(code: 0): Undefined variable $weeklyRecipes (View: C:\\xampp\\htdocs\\secprog\\SecPro\\FrontEndSec\\resources\\views\\mainPage.blade.php) at C:\\xampp\\htdocs\\secprog\\SecPro\\FrontEndSec\\storage\\framework\\views\\1f1e764261ce25fd6ab9770d03d6856e.php:140)
[stacktrace]
#0 C:\\xampp\\htdocs\\secprog\\SecPro\\FrontEndSec\\vendor\\laravel\\framework\\src\\Illuminate\\View\\Engines\\PhpEngine.php(59): Illuminate\\View\\Engines\\CompilerEngine->handleViewException(Object(ErrorException), 1)
#1 C:\\xampp\\htdocs\\secprog\\SecPro\\FrontEndSec\\vendor\\laravel\\framework\\src\\Illuminate\\View\\Engines\\CompilerEngine.php(76): Illuminate\\View\\Engines\\PhpEngine->evaluatePath('C:\\\\xampp\\\\htdocs...', Array)
#2 C:\\xampp\\htdocs\\secprog\\SecPro\\FrontEndSec\\vendor\\laravel\\framework\\src\\Illuminate\\View\\View.php(208): Illuminate\\View\\Engines\\CompilerEngine->get('C:\\\\xampp\\\\htdocs...', Array)
#3 C:\\xampp\\htdocs\\secprog\\SecPro\\FrontEndSec\\vendor\\laravel\\framework\\src\\Illuminate\\View\\View.php(191): Illuminate\\View\\View->getContents()
#4 C:\\xampp\\htdocs\\secprog\\SecPro\\FrontEndSec\\vendor\\laravel\\framework\\src\\Illuminate\\View\\View.php(160): Illuminate\\View\\View->renderContents()
#5 C:\\xampp\\htdocs\\secprog\\SecPro\\FrontEndSec\\vendor\\laravel\\framework\\src\\Illuminate\\Http\\Response.php(78): Illuminate\\View\\View->render()
#6 C:\\xampp\\htdocs\\secprog\\SecPro\\FrontEndSec\\vendor\\laravel\\framework\\src\\Illuminate\\Http\\Response.php(34): Illuminate\\Http\\Response->setContent(Object(Illuminate\\View\\View))
#7 C:\\xampp\\htdocs\\secprog\\SecPro\\FrontEndSec\\vendor\\laravel\\framework\\src\\Illuminate\\Routing\\Router.php(939): Illuminate\\Http\\Response->__construct(Object(Illuminate\\View\\View), 200, Array)
#8 C:\\xampp\\htdocs\\secprog\\SecPro\\FrontEndSec\\vendor\\laravel\\framework\\src\\Illuminate\\Routing\\Router.php(906): Illuminate\\Routing\\Router::toResponse(Object(Illuminate\\Http\\Request), Object(Illuminate\\View\\View))
#9 C:\\xampp\\htdocs\\secprog\\SecPro\\FrontEndSec\\vendor\\laravel\\framework\\src\\Illuminate\\Routing\\Router.php(821): Illuminate\\Routing\\Router->prepareResponse(Object(Illuminate\\Http\\Request), Object(Illuminate\\View\\View))
#10 C:\\xampp\\htdocs\\secprog\\SecPro\\FrontEndSec\\vendor\\laravel\\framework\\src\\Illuminate\\Pipeline\\Pipeline.php(180): Illuminate\\Routing\\Router->Illuminate\\Routing\\{closure}(Object(Illuminate\\Http\\Request))
#11 C:\\xampp\\htdocs\\secprog\\SecPro\\FrontEndSec\\vendor\\laravel\\framework\\src\\Illuminate\\Routing\\Middleware\\SubstituteBindings.php(50): Illuminate\\Pipeline\\Pipeline->Illuminate\\Pipeline\\{closure}(Object(Illuminate\\Http\\Request))
#12 C:\\xampp\\htdocs\\secprog\\SecPro\\FrontEndSec\\vendor\\laravel\\framework\\src\\Illuminate\\Pipeline\\Pipeline.php(219): Illuminate\\Routing\\Middleware\\SubstituteBindings->handle(Object(Illuminate\\Http\\Request), Object(Closure))
#13 C:\\xampp\\htdocs\\secprog\\SecPro\\FrontEndSec\\vendor\\laravel\\framework\\src\\Illuminate\\Foundation\\Http\\Middleware\\VerifyCsrfToken.php(87): Illuminate\\Pipeline\\Pipeline->Illuminate\\Pipeline\\{closure}(Object(Illuminate\\Http\\Request))
#14 C:\\xampp\\htdocs\\secprog\\SecPro\\FrontEndSec\\vendor\\laravel\\framework\\src\\Illuminate\\Pipeline\\Pipeline.php(219): Illuminate\\Foundation\\Http\\Middleware\\VerifyCsrfToken->handle(Object(Illuminate\\Http\\Request), Object(Closure))
#15 C:\\xampp\\htdocs\\secprog\\SecPro\\FrontEndSec\\vendor\\laravel\\framework\\src\\Illuminate\\View\\Middleware\\ShareErrorsFromSession.php(48): Illuminate\\Pipeline\\Pipeline->Illuminate\\Pipeline\\{closure}(Object(Illuminate\\Http\\Request))
#16 C:\\xampp\\htdocs\\secprog\\SecPro\\FrontEndSec\\vendor\\laravel\\framework\\src\\Illuminate\\Pipeline\\Pipeline.php(219): Illuminate\\View\\Middleware\\ShareErrorsFromSession->handle(Object(Illuminate\\Http\\Request), Object(Closure))
#17 C:\\xampp\\htdocs\\secprog\\SecPro\\FrontEndSec\\vendor\\laravel\\framework\\src\\Illuminate\\Session\\Middleware\\StartSession.php(120): Illuminate\\Pipeline\\Pipeline->Illuminate\\Pipeline\\{closure}(Object(Illuminate\\Http\\Request))
#18 C:\\xampp\\htdocs\\secprog\\SecPro\\FrontEndSec\\vendor\\laravel\\framework\\src\\Illuminate\\Session\\Middleware\\StartSession.php(63): Illuminate\\Session\\Middleware\\StartSession->handleStatefulRequest(Object(Illuminate\\Http\\Request), Object(Illuminate\\Session\\Store), Object(Closure))
#19 C:\\xampp\\htdocs\\secprog\\SecPro\\FrontEndSec\\vendor\\laravel\\framework\\src\\Illuminate\\Pipeline\\Pipeline.php(219): Illuminate\\Session\\Middleware\\StartSession->handle(Object(Illuminate\\Http\\Request), Object(Closure))
#20 C:\\xampp\\htdocs\\secprog\\SecPro\\FrontEndSec\\vendor\\laravel\\framework\\src\\Illuminate\\Cookie\\Middleware\\AddQueuedCookiesToResponse.php(36): Illuminate\\Pipeline\\Pipeline->Illuminate\\Pipeline\\{closure}(Object(Illuminate\\Http\\Request))
#21 C:\\xampp\\htdocs\\secprog\\SecPro\\FrontEndSec\\vendor\\laravel\\framework\\src\\Illuminate\\Pipeline\\Pipeline.php(219): Illuminate\\Cookie\\Middleware\\AddQueuedCookiesToResponse->handle(Object(Illuminate\\Http\\Request), Object(Closure))
#22 C:\\xampp\\htdocs\\secprog\\SecPro\\FrontEndSec\\vendor\\laravel\\framework\\src\\Illuminate\\Cookie\\Middleware\\EncryptCookies.php(74): Illuminate\\Pipeline\\Pipeline->Illuminate\\Pipeline\\{closure}(Object(Illuminate\\Http\\Request))
#23 C:\\xampp\\htdocs\\secprog\\SecPro\\FrontEndSec\\vendor\\laravel\\framework\\src\\Illuminate\\Pipeline\\Pipeline.php(219): Illuminate\\Cookie\\Middleware\\EncryptCookies->handle(Object(Illuminate\\Http\\Request), Object(Closure))
#24 C:\\xampp\\htdocs\\secprog\\SecPro\\FrontEndSec\\vendor\\laravel\\framework\\src\\Illuminate\\Pipeline\\Pipeline.php(137): Illuminate\\Pipeline\\Pipeline->Illuminate\\Pipeline\\{closure}(Object(Illuminate\\Http\\Request))
#25 C:\\xampp\\htdocs\\secprog\\SecPro\\FrontEndSec\\vendor\\laravel\\framework\\src\\Illuminate\\Routing\\Router.php(821): Illuminate\\Pipeline\\Pipeline->then(Object(Closure))
#26 C:\\xampp\\htdocs\\secprog\\SecPro\\FrontEndSec\\vendor\\laravel\\framework\\src\\Illuminate\\Routing\\Router.php(800): Illuminate\\Routing\\Router->runRouteWithinStack(Object(Illuminate\\Routing\\Route), Object(Illuminate\\Http\\Request))
#27 C:\\xampp\\htdocs\\secprog\\SecPro\\FrontEndSec\\vendor\\laravel\\framework\\src\\Illuminate\\Routing\\Router.php(764): Illuminate\\Routing\\Router->runRoute(Object(Illuminate\\Http\\Request), Object(Illuminate\\Routing\\Route))
#28 C:\\xampp\\htdocs\\secprog\\SecPro\\FrontEndSec\\vendor\\laravel\\framework\\src\\Illuminate\\Routing\\Router.php(753): Illuminate\\Routing\\Router->dispatchToRoute(Object(Illuminate\\Http\\Request))
#29 C:\\xampp\\htdocs\\secprog\\SecPro\\FrontEndSec\\vendor\\laravel\\framework\\src\\Illuminate\\Foundation\\Http\\Kernel.php(200): Illuminate\\Routing\\Router->dispatch(Object(Illuminate\\Http\\Request))
#30 C:\\xampp\\htdocs\\secprog\\SecPro\\FrontEndSec\\vendor\\laravel\\framework\\src\\Illuminate\\Pipeline\\Pipeline.php(180): Illuminate\\Foundation\\Http\\Kernel->Illuminate\\Foundation\\Http\\{closure}(Object(Illuminate\\Http\\Request))
#31 C:\\xampp\\htdocs\\secprog\\SecPro\\FrontEndSec\\vendor\\laravel\\framework\\src\\Illuminate\\Foundation\\Http\\Middleware\\TransformsRequest.php(21): Illuminate\\Pipeline\\Pipeline->Illuminate\\Pipeline\\{closure}(Object(Illuminate\\Http\\Request))
#32 C:\\xampp\\htdocs\\secprog\\SecPro\\FrontEndSec\\vendor\\laravel\\framework\\src\\Illuminate\\Foundation\\Http\\Middleware\\ConvertEmptyStringsToNull.php(31): Illuminate\\Foundation\\Http\\Middleware\\TransformsRequest->handle(Object(Illuminate\\Http\\Request), Object(Closure))
#33 C:\\xampp\\htdocs\\secprog\\SecPro\\FrontEndSec\\vendor\\laravel\\framework\\src\\Illuminate\\Pipeline\\Pipeline.php(219): Illuminate\\Foundation\\Http\\Middleware\\ConvertEmptyStringsToNull->handle(Object(Illuminate\\Http\\Request), Object(Closure))
#34 C:\\xampp\\htdocs\\secprog\\SecPro\\FrontEndSec\\vendor\\laravel\\framework\\src\\Illuminate\\Foundation\\Http\\Middleware\\TransformsRequest.php(21): Illuminate\\Pipeline\\Pipeline->Illuminate\\Pipeline\\{closure}(Object(Illuminate\\Http\\Request))
#35 C:\\xampp\\htdocs\\secprog\\SecPro\\FrontEndSec\\vendor\\laravel\\framework\\src\\Illuminate\\Foundation\\Http\\Middleware\\TrimStrings.php(51): Illuminate\\Foundation\\Http\\Middleware\\TransformsRequest->handle(Object(Illuminate\\Http\\Request), Object(Closure))
#36 C:\\xampp\\htdocs\\secprog\\SecPro\\FrontEndSec\\vendor\\laravel\\framework\\src\\Illuminate\\Pipeline\\Pipeline.php(219): Illuminate\\Foundation\\Http\\Middleware\\TrimStrings->handle(Object(Illuminate\\Http\\Request), Object(Closure))
#37 C:\\xampp\\htdocs\\secprog\\SecPro\\FrontEndSec\\vendor\\laravel\\framework\\src\\Illuminate\\Http\\Middleware\\ValidatePostSize.php(27): Illuminate\\Pipeline\\Pipeline->Illuminate\\Pipeline\\{closure}(Object(Illuminate\\Http\\Request))
#38 C:\\xampp\\htdocs\\secprog\\SecPro\\FrontEndSec\\vendor\\laravel\\framework\\src\\Illuminate\\Pipeline\\Pipeline.php(219): Illuminate\\Http\\Middleware\\ValidatePostSize->handle(Object(Illuminate\\Http\\Request), Object(Closure))
#39 C:\\xampp\\htdocs\\secprog\\SecPro\\FrontEndSec\\vendor\\laravel\\framework\\src\\Illuminate\\Foundation\\Http\\Middleware\\PreventRequestsDuringMaintenance.php(109): Illuminate\\Pipeline\\Pipeline->Illuminate\\Pipeline\\{closure}(Object(Illuminate\\Http\\Request))
#40 C:\\xampp\\htdocs\\secprog\\SecPro\\FrontEndSec\\vendor\\laravel\\framework\\src\\Illuminate\\Pipeline\\Pipeline.php(219): Illuminate\\Foundation\\Http\\Middleware\\PreventRequestsDuringMaintenance->handle(Object(Illuminate\\Http\\Request), Object(Closure))
#41 C:\\xampp\\htdocs\\secprog\\SecPro\\FrontEndSec\\vendor\\laravel\\framework\\src\\Illuminate\\Http\\Middleware\\HandleCors.php(48): Illuminate\\Pipeline\\Pipeline->Illuminate\\Pipeline\\{closure}(Object(Illuminate\\Http\\Request))
#42 C:\\xampp\\htdocs\\secprog\\SecPro\\FrontEndSec\\vendor\\laravel\\framework\\src\\Illuminate\\Pipeline\\Pipeline.php(219): Illuminate\\Http\\Middleware\\HandleCors->handle(Object(Illuminate\\Http\\Request), Object(Closure))
#43 C:\\xampp\\htdocs\\secprog\\SecPro\\FrontEndSec\\vendor\\laravel\\framework\\src\\Illuminate\\Http\\Middleware\\TrustProxies.php(58): Illuminate\\Pipeline\\Pipeline->Illuminate\\Pipeline\\{closure}(Object(Illuminate\\Http\\Request))
#44 C:\\xampp\\htdocs\\secprog\\SecPro\\FrontEndSec\\vendor\\laravel\\framework\\src\\Illuminate\\Pipeline\\Pipeline.php(219): Illuminate\\Http\\Middleware\\TrustProxies->handle(Object(Illuminate\\Http\\Request), Object(Closure))
#45 C:\\xampp\\htdocs\\secprog\\SecPro\\FrontEndSec\\vendor\\laravel\\framework\\src\\Illuminate\\Foundation\\Http\\Middleware\\InvokeDeferredCallbacks.php(22): Illuminate\\Pipeline\\Pipeline->Illuminate\\Pipeline\\{closure}(Object(Illuminate\\Http\\Request))
#46 C:\\xampp\\htdocs\\secprog\\SecPro\\FrontEndSec\\vendor\\laravel\\framework\\src\\Illuminate\\Pipeline\\Pipeline.php(219): Illuminate\\Foundation\\Http\\Middleware\\InvokeDeferredCallbacks->handle(Object(Illuminate\\Http\\Request), Object(Closure))
#47 C:\\xampp\\htdocs\\secprog\\SecPro\\FrontEndSec\\vendor\\laravel\\framework\\src\\Illuminate\\Http\\Middleware\\ValidatePathEncoding.php(26): Illuminate\\Pipeline\\Pipeline->Illuminate\\Pipeline\\{closure}(Object(Illuminate\\Http\\Request))
#48 C:\\xampp\\htdocs\\secprog\\SecPro\\FrontEndSec\\vendor\\laravel\\framework\\src\\Illuminate\\Pipeline\\Pipeline.php(219): Illuminate\\Http\\Middleware\\ValidatePathEncoding->handle(Object(Illuminate\\Http\\Request), Object(Closure))
#49 C:\\xampp\\htdocs\\secprog\\SecPro\\FrontEndSec\\vendor\\laravel\\framework\\src\\Illuminate\\Pipeline\\Pipeline.php(137): Illuminate\\Pipeline\\Pipeline->Illuminate\\Pipeline\\{closure}(Object(Illuminate\\Http\\Request))
#50 C:\\xampp\\htdocs\\secprog\\SecPro\\FrontEndSec\\vendor\\laravel\\framework\\src\\Illuminate\\Foundation\\Http\\Kernel.php(175): Illuminate\\Pipeline\\Pipeline->then(Object(Closure))
#51 C:\\xampp\\htdocs\\secprog\\SecPro\\FrontEndSec\\vendor\\laravel\\framework\\src\\Illuminate\\Foundation\\Http\\Kernel.php(144): Illuminate\\Foundation\\Http\\Kernel->sendRequestThroughRouter(Object(Illuminate\\Http\\Request))
#52 C:\\xampp\\htdocs\\secprog\\SecPro\\FrontEndSec\\vendor\\laravel\\framework\\src\\Illuminate\\Foundation\\Application.php(1220): Illuminate\\Foundation\\Http\\Kernel->handle(Object(Illuminate\\Http\\Request))
#53 C:\\xampp\\htdocs\\secprog\\SecPro\\FrontEndSec\\public\\index.php(20): Illuminate\\Foundation\\Application->handleRequest(Object(Illuminate\\Http\\Request))
#54 C:\\xampp\\htdocs\\secprog\\SecPro\\FrontEndSec\\vendor\\laravel\\framework\\src\\Illuminate\\Foundation\\resources\\server.php(23): require_once('C:\\\\xampp\\\\htdocs...')
#55 {main}

[previous exception] [object] (ErrorException(code: 0): Undefined variable $weeklyRecipes at C:\\xampp\\htdocs\\secprog\\SecPro\\FrontEndSec\\storage\\framework\\views\\1f1e764261ce25fd6ab9770d03d6856e.php:140)
[stacktrace]
#0 C:\\xampp\\htdocs\\secprog\\SecPro\\FrontEndSec\\vendor\\laravel\\framework\\src\\Illuminate\\Foundation\\Bootstrap\\HandleExceptions.php(258): Illuminate\\Foundation\\Bootstrap\\HandleExceptions->handleError(2, 'Undefined varia...', 'C:\\\\xampp\\\\htdocs...', 140)
#1 C:\\xampp\\htdocs\\secprog\\SecPro\\FrontEndSec\\storage\\framework\\views\\1f1e764261ce25fd6ab9770d03d6856e.php(140): Illuminate\\Foundation\\Bootstrap\\HandleExceptions->Illuminate\\Foundation\\Bootstrap\\{closure}(2, 'Undefined varia...', 'C:\\\\xampp\\\\htdocs...', 140)
#2 C:\\xampp\\htdocs\\secprog\\SecPro\\FrontEndSec\\vendor\\laravel\\framework\\src\\Illuminate\\Filesystem\\Filesystem.php(123): require('C:\\\\xampp\\\\htdocs...')
#3 C:\\xampp\\htdocs\\secprog\\SecPro\\FrontEndSec\\vendor\\laravel\\framework\\src\\Illuminate\\Filesystem\\Filesystem.php(124): Illuminate\\Filesystem\\Filesystem::Illuminate\\Filesystem\\{closure}()
#4 C:\\xampp\\htdocs\\secprog\\SecPro\\FrontEndSec\\vendor\\laravel\\framework\\src\\Illuminate\\View\\Engines\\PhpEngine.php(57): Illuminate\\Filesystem\\Filesystem->getRequire('C:\\\\xampp\\\\htdocs...', Array)
#5 C:\\xampp\\htdocs\\secprog\\SecPro\\FrontEndSec\\vendor\\laravel\\framework\\src\\Illuminate\\View\\Engines\\CompilerEngine.php(76): Illuminate\\View\\Engines\\PhpEngine->evaluatePath('C:\\\\xampp\\\\htdocs...', Array)
#6 C:\\xampp\\htdocs\\secprog\\SecPro\\FrontEndSec\\vendor\\laravel\\framework\\src\\Illuminate\\View\\View.php(208): Illuminate\\View\\Engines\\CompilerEngine->get('C:\\\\xampp\\\\htdocs...', Array)
#7 C:\\xampp\\htdocs\\secprog\\SecPro\\FrontEndSec\\vendor\\laravel\\framework\\src\\Illuminate\\View\\View.php(191): Illuminate\\View\\View->getContents()
#8 C:\\xampp\\htdocs\\secprog\\SecPro\\FrontEndSec\\vendor\\laravel\\framework\\src\\Illuminate\\View\\View.php(160): Illuminate\\View\\View->renderContents()
#9 C:\\xampp\\htdocs\\secprog\\SecPro\\FrontEndSec\\vendor\\laravel\\framework\\src\\Illuminate\\Http\\Response.php(78): Illuminate\\View\\View->render()
#10 C:\\xampp\\htdocs\\secprog\\SecPro\\FrontEndSec\\vendor\\laravel\\framework\\src\\Illuminate\\Http\\Response.php(34): Illuminate\\Http\\Response->setContent(Object(Illuminate\\View\\View))
#11 C:\\xampp\\htdocs\\secprog\\SecPro\\FrontEndSec\\vendor\\laravel\\framework\\src\\Illuminate\\Routing\\Router.php(939): Illuminate\\Http\\Response->__construct(Object(Illuminate\\View\\View), 200, Array)
#12 C:\\xampp\\htdocs\\secprog\\SecPro\\FrontEndSec\\vendor\\laravel\\framework\\src\\Illuminate\\Routing\\Router.php(906): Illuminate\\Routing\\Router::toResponse(Object(Illuminate\\Http\\Request), Object(Illuminate\\View\\View))
#13 C:\\xampp\\htdocs\\secprog\\SecPro\\FrontEndSec\\vendor\\laravel\\framework\\src\\Illuminate\\Routing\\Router.php(821): Illuminate\\Routing\\Router->prepareResponse(Object(Illuminate\\Http\\Request), Object(Illuminate\\View\\View))
#14 C:\\xampp\\htdocs\\secprog\\SecPro\\FrontEndSec\\vendor\\laravel\\framework\\src\\Illuminate\\Pipeline\\Pipeline.php(180): Illuminate\\Routing\\Router->Illuminate\\Routing\\{closure}(Object(Illuminate\\Http\\Request))
#15 C:\\xampp\\htdocs\\secprog\\SecPro\\FrontEndSec\\vendor\\laravel\\framework\\src\\Illuminate\\Routing\\Middleware\\SubstituteBindings.php(50): Illuminate\\Pipeline\\Pipeline->Illuminate\\Pipeline\\{closure}(Object(Illuminate\\Http\\Request))
#16 C:\\xampp\\htdocs\\secprog\\SecPro\\FrontEndSec\\vendor\\laravel\\framework\\src\\Illuminate\\Pipeline\\Pipeline.php(219): Illuminate\\Routing\\Middleware\\SubstituteBindings->handle(Object(Illuminate\\Http\\Request), Object(Closure))
#17 C:\\xampp\\htdocs\\secprog\\SecPro\\FrontEndSec\\vendor\\laravel\\framework\\src\\Illuminate\\Foundation\\Http\\Middleware\\VerifyCsrfToken.php(87): Illuminate\\Pipeline\\Pipeline->Illuminate\\Pipeline\\{closure}(Object(Illuminate\\Http\\Request))
#18 C:\\xampp\\htdocs\\secprog\\SecPro\\FrontEndSec\\vendor\\laravel\\framework\\src\\Illuminate\\Pipeline\\Pipeline.php(219): Illuminate\\Foundation\\Http\\Middleware\\VerifyCsrfToken->handle(Object(Illuminate\\Http\\Request), Object(Closure))
#19 C:\\xampp\\htdocs\\secprog\\SecPro\\FrontEndSec\\vendor\\laravel\\framework\\src\\Illuminate\\View\\Middleware\\ShareErrorsFromSession.php(48): Illuminate\\Pipeline\\Pipeline->Illuminate\\Pipeline\\{closure}(Object(Illuminate\\Http\\Request))
#20 C:\\xampp\\htdocs\\secprog\\SecPro\\FrontEndSec\\vendor\\laravel\\framework\\src\\Illuminate\\Pipeline\\Pipeline.php(219): Illuminate\\View\\Middleware\\ShareErrorsFromSession->handle(Object(Illuminate\\Http\\Request), Object(Closure))
#21 C:\\xampp\\htdocs\\secprog\\SecPro\\FrontEndSec\\vendor\\laravel\\framework\\src\\Illuminate\\Session\\Middleware\\StartSession.php(120): Illuminate\\Pipeline\\Pipeline->Illuminate\\Pipeline\\{closure}(Object(Illuminate\\Http\\Request))
#22 C:\\xampp\\htdocs\\secprog\\SecPro\\FrontEndSec\\vendor\\laravel\\framework\\src\\Illuminate\\Session\\Middleware\\StartSession.php(63): Illuminate\\Session\\Middleware\\StartSession->handleStatefulRequest(Object(Illuminate\\Http\\Request), Object(Illuminate\\Session\\Store), Object(Closure))
#23 C:\\xampp\\htdocs\\secprog\\SecPro\\FrontEndSec\\vendor\\laravel\\framework\\src\\Illuminate\\Pipeline\\Pipeline.php(219): Illuminate\\Session\\Middleware\\StartSession->handle(Object(Illuminate\\Http\\Request), Object(Closure))
#24 C:\\xampp\\htdocs\\secprog\\SecPro\\FrontEndSec\\vendor\\laravel\\framework\\src\\Illuminate\\Cookie\\Middleware\\AddQueuedCookiesToResponse.php(36): Illuminate\\Pipeline\\Pipeline->Illuminate\\Pipeline\\{closure}(Object(Illuminate\\Http\\Request))
#25 C:\\xampp\\htdocs\\secprog\\SecPro\\FrontEndSec\\vendor\\laravel\\framework\\src\\Illuminate\\Pipeline\\Pipeline.php(219): Illuminate\\Cookie\\Middleware\\AddQueuedCookiesToResponse->handle(Object(Illuminate\\Http\\Request), Object(Closure))
#26 C:\\xampp\\htdocs\\secprog\\SecPro\\FrontEndSec\\vendor\\laravel\\framework\\src\\Illuminate\\Cookie\\Middleware\\EncryptCookies.php(74): Illuminate\\Pipeline\\Pipeline->Illuminate\\Pipeline\\{closure}(Object(Illuminate\\Http\\Request))
#27 C:\\xampp\\htdocs\\secprog\\SecPro\\FrontEndSec\\vendor\\laravel\\framework\\src\\Illuminate\\Pipeline\\Pipeline.php(219): Illuminate\\Cookie\\Middleware\\EncryptCookies->handle(Object(Illuminate\\Http\\Request), Object(Closure))
#28 C:\\xampp\\htdocs\\secprog\\SecPro\\FrontEndSec\\vendor\\laravel\\framework\\src\\Illuminate\\Pipeline\\Pipeline.php(137): Illuminate\\Pipeline\\Pipeline->Illuminate\\Pipeline\\{closure}(Object(Illuminate\\Http\\Request))
#29 C:\\xampp\\htdocs\\secprog\\SecPro\\FrontEndSec\\vendor\\laravel\\framework\\src\\Illuminate\\Routing\\Router.php(821): Illuminate\\Pipeline\\Pipeline->then(Object(Closure))
#30 C:\\xampp\\htdocs\\secprog\\SecPro\\FrontEndSec\\vendor\\laravel\\framework\\src\\Illuminate\\Routing\\Router.php(800): Illuminate\\Routing\\Router->runRouteWithinStack(Object(Illuminate\\Routing\\Route), Object(Illuminate\\Http\\Request))
#31 C:\\xampp\\htdocs\\secprog\\SecPro\\FrontEndSec\\vendor\\laravel\\framework\\src\\Illuminate\\Routing\\Router.php(764): Illuminate\\Routing\\Router->runRoute(Object(Illuminate\\Http\\Request), Object(Illuminate\\Routing\\Route))
#32 C:\\xampp\\htdocs\\secprog\\SecPro\\FrontEndSec\\vendor\\laravel\\framework\\src\\Illuminate\\Routing\\Router.php(753): Illuminate\\Routing\\Router->dispatchToRoute(Object(Illuminate\\Http\\Request))
#33 C:\\xampp\\htdocs\\secprog\\SecPro\\FrontEndSec\\vendor\\laravel\\framework\\src\\Illuminate\\Foundation\\Http\\Kernel.php(200): Illuminate\\Routing\\Router->dispatch(Object(Illuminate\\Http\\Request))
#34 C:\\xampp\\htdocs\\secprog\\SecPro\\FrontEndSec\\vendor\\laravel\\framework\\src\\Illuminate\\Pipeline\\Pipeline.php(180): Illuminate\\Foundation\\Http\\Kernel->Illuminate\\Foundation\\Http\\{closure}(Object(Illuminate\\Http\\Request))
#35 C:\\xampp\\htdocs\\secprog\\SecPro\\FrontEndSec\\vendor\\laravel\\framework\\src\\Illuminate\\Foundation\\Http\\Middleware\\TransformsRequest.php(21): Illuminate\\Pipeline\\Pipeline->Illuminate\\Pipeline\\{closure}(Object(Illuminate\\Http\\Request))
#36 C:\\xampp\\htdocs\\secprog\\SecPro\\FrontEndSec\\vendor\\laravel\\framework\\src\\Illuminate\\Foundation\\Http\\Middleware\\ConvertEmptyStringsToNull.php(31): Illuminate\\Foundation\\Http\\Middleware\\TransformsRequest->handle(Object(Illuminate\\Http\\Request), Object(Closure))
#37 C:\\xampp\\htdocs\\secprog\\SecPro\\FrontEndSec\\vendor\\laravel\\framework\\src\\Illuminate\\Pipeline\\Pipeline.php(219): Illuminate\\Foundation\\Http\\Middleware\\ConvertEmptyStringsToNull->handle(Object(Illuminate\\Http\\Request), Object(Closure))
#38 C:\\xampp\\htdocs\\secprog\\SecPro\\FrontEndSec\\vendor\\laravel\\framework\\src\\Illuminate\\Foundation\\Http\\Middleware\\TransformsRequest.php(21): Illuminate\\Pipeline\\Pipeline->Illuminate\\Pipeline\\{closure}(Object(Illuminate\\Http\\Request))
#39 C:\\xampp\\htdocs\\secprog\\SecPro\\FrontEndSec\\vendor\\laravel\\framework\\src\\Illuminate\\Foundation\\Http\\Middleware\\TrimStrings.php(51): Illuminate\\Foundation\\Http\\Middleware\\TransformsRequest->handle(Object(Illuminate\\Http\\Request), Object(Closure))
#40 C:\\xampp\\htdocs\\secprog\\SecPro\\FrontEndSec\\vendor\\laravel\\framework\\src\\Illuminate\\Pipeline\\Pipeline.php(219): Illuminate\\Foundation\\Http\\Middleware\\TrimStrings->handle(Object(Illuminate\\Http\\Request), Object(Closure))
#41 C:\\xampp\\htdocs\\secprog\\SecPro\\FrontEndSec\\vendor\\laravel\\framework\\src\\Illuminate\\Http\\Middleware\\ValidatePostSize.php(27): Illuminate\\Pipeline\\Pipeline->Illuminate\\Pipeline\\{closure}(Object(Illuminate\\Http\\Request))
#42 C:\\xampp\\htdocs\\secprog\\SecPro\\FrontEndSec\\vendor\\laravel\\framework\\src\\Illuminate\\Pipeline\\Pipeline.php(219): Illuminate\\Http\\Middleware\\ValidatePostSize->handle(Object(Illuminate\\Http\\Request), Object(Closure))
#43 C:\\xampp\\htdocs\\secprog\\SecPro\\FrontEndSec\\vendor\\laravel\\framework\\src\\Illuminate\\Foundation\\Http\\Middleware\\PreventRequestsDuringMaintenance.php(109): Illuminate\\Pipeline\\Pipeline->Illuminate\\Pipeline\\{closure}(Object(Illuminate\\Http\\Request))
#44 C:\\xampp\\htdocs\\secprog\\SecPro\\FrontEndSec\\vendor\\laravel\\framework\\src\\Illuminate\\Pipeline\\Pipeline.php(219): Illuminate\\Foundation\\Http\\Middleware\\PreventRequestsDuringMaintenance->handle(Object(Illuminate\\Http\\Request), Object(Closure))
#45 C:\\xampp\\htdocs\\secprog\\SecPro\\FrontEndSec\\vendor\\laravel\\framework\\src\\Illuminate\\Http\\Middleware\\HandleCors.php(48): Illuminate\\Pipeline\\Pipeline->Illuminate\\Pipeline\\{closure}(Object(Illuminate\\Http\\Request))
#46 C:\\xampp\\htdocs\\secprog\\SecPro\\FrontEndSec\\vendor\\laravel\\framework\\src\\Illuminate\\Pipeline\\Pipeline.php(219): Illuminate\\Http\\Middleware\\HandleCors->handle(Object(Illuminate\\Http\\Request), Object(Closure))
#47 C:\\xampp\\htdocs\\secprog\\SecPro\\FrontEndSec\\vendor\\laravel\\framework\\src\\Illuminate\\Http\\Middleware\\TrustProxies.php(58): Illuminate\\Pipeline\\Pipeline->Illuminate\\Pipeline\\{closure}(Object(Illuminate\\Http\\Request))
#48 C:\\xampp\\htdocs\\secprog\\SecPro\\FrontEndSec\\vendor\\laravel\\framework\\src\\Illuminate\\Pipeline\\Pipeline.php(219): Illuminate\\Http\\Middleware\\TrustProxies->handle(Object(Illuminate\\Http\\Request), Object(Closure))
#49 C:\\xampp\\htdocs\\secprog\\SecPro\\FrontEndSec\\vendor\\laravel\\framework\\src\\Illuminate\\Foundation\\Http\\Middleware\\InvokeDeferredCallbacks.php(22): Illuminate\\Pipeline\\Pipeline->Illuminate\\Pipeline\\{closure}(Object(Illuminate\\Http\\Request))
#50 C:\\xampp\\htdocs\\secprog\\SecPro\\FrontEndSec\\vendor\\laravel\\framework\\src\\Illuminate\\Pipeline\\Pipeline.php(219): Illuminate\\Foundation\\Http\\Middleware\\InvokeDeferredCallbacks->handle(Object(Illuminate\\Http\\Request), Object(Closure))
#51 C:\\xampp\\htdocs\\secprog\\SecPro\\FrontEndSec\\vendor\\laravel\\framework\\src\\Illuminate\\Http\\Middleware\\ValidatePathEncoding.php(26): Illuminate\\Pipeline\\Pipeline->Illuminate\\Pipeline\\{closure}(Object(Illuminate\\Http\\Request))
#52 C:\\xampp\\htdocs\\secprog\\SecPro\\FrontEndSec\\vendor\\laravel\\framework\\src\\Illuminate\\Pipeline\\Pipeline.php(219): Illuminate\\Http\\Middleware\\ValidatePathEncoding->handle(Object(Illuminate\\Http\\Request), Object(Closure))
#53 C:\\xampp\\htdocs\\secprog\\SecPro\\FrontEndSec\\vendor\\laravel\\framework\\src\\Illuminate\\Pipeline\\Pipeline.php(137): Illuminate\\Pipeline\\Pipeline->Illuminate\\Pipeline\\{closure}(Object(Illuminate\\Http\\Request))
#54 C:\\xampp\\htdocs\\secprog\\SecPro\\FrontEndSec\\vendor\\laravel\\framework\\src\\Illuminate\\Foundation\\Http\\Kernel.php(175): Illuminate\\Pipeline\\Pipeline->then(Object(Closure))
#55 C:\\xampp\\htdocs\\secprog\\SecPro\\FrontEndSec\\vendor\\laravel\\framework\\src\\Illuminate\\Foundation\\Http\\Kernel.php(144): Illuminate\\Foundation\\Http\\Kernel->sendRequestThroughRouter(Object(Illuminate\\Http\\Request))
#56 C:\\xampp\\htdocs\\secprog\\SecPro\\FrontEndSec\\vendor\\laravel\\framework\\src\\Illuminate\\Foundation\\Application.php(1220): Illuminate\\Foundation\\Http\\Kernel->handle(Object(Illuminate\\Http\\Request))
#57 C:\\xampp\\htdocs\\secprog\\SecPro\\FrontEndSec\\public\\index.php(20): Illuminate\\Foundation\\Application->handleRequest(Object(Illuminate\\Http\\Request))
#58 C:\\xampp\\htdocs\\secprog\\SecPro\\FrontEndSec\\vendor\\laravel\\framework\\src\\Illuminate\\Foundation\\resources\\server.php(23): require_once('C:\\\\xampp\\\\htdocs...')
#59 {main}
"} 
[2025-11-18 15:58:15] local.ERROR: Undefined variable $weeklyRecipes (View: C:\xampp\htdocs\secprog\SecPro\FrontEndSec\resources\views\mainPage.blade.php) {"exception":"[object] (Illuminate\\View\\ViewException(code: 0): Undefined variable $weeklyRecipes (View: C:\\xampp\\htdocs\\secprog\\SecPro\\FrontEndSec\\resources\\views\\mainPage.blade.php) at C:\\xampp\\htdocs\\secprog\\SecPro\\FrontEndSec\\storage\\framework\\views\\1f1e764261ce25fd6ab9770d03d6856e.php:140)
[stacktrace]
#0 C:\\xampp\\htdocs\\secprog\\SecPro\\FrontEndSec\\vendor\\laravel\\framework\\src\\Illuminate\\View\\Engines\\PhpEngine.php(59): Illuminate\\View\\Engines\\CompilerEngine->handleViewException(Object(ErrorException), 1)
#1 C:\\xampp\\htdocs\\secprog\\SecPro\\FrontEndSec\\vendor\\laravel\\framework\\src\\Illuminate\\View\\Engines\\CompilerEngine.php(76): Illuminate\\View\\Engines\\PhpEngine->evaluatePath('C:\\\\xampp\\\\htdocs...', Array)
#2 C:\\xampp\\htdocs\\secprog\\SecPro\\FrontEndSec\\vendor\\laravel\\framework\\src\\Illuminate\\View\\View.php(208): Illuminate\\View\\Engines\\CompilerEngine->get('C:\\\\xampp\\\\htdocs...', Array)
#3 C:\\xampp\\htdocs\\secprog\\SecPro\\FrontEndSec\\vendor\\laravel\\framework\\src\\Illuminate\\View\\View.php(191): Illuminate\\View\\View->getContents()
#4 C:\\xampp\\htdocs\\secprog\\SecPro\\FrontEndSec\\vendor\\laravel\\framework\\src\\Illuminate\\View\\View.php(160): Illuminate\\View\\View->renderContents()
#5 C:\\xampp\\htdocs\\secprog\\SecPro\\FrontEndSec\\vendor\\laravel\\framework\\src\\Illuminate\\Http\\Response.php(78): Illuminate\\View\\View->render()
#6 C:\\xampp\\htdocs\\secprog\\SecPro\\FrontEndSec\\vendor\\laravel\\framework\\src\\Illuminate\\Http\\Response.php(34): Illuminate\\Http\\Response->setContent(Object(Illuminate\\View\\View))
#7 C:\\xampp\\htdocs\\secprog\\SecPro\\FrontEndSec\\vendor\\laravel\\framework\\src\\Illuminate\\Routing\\Router.php(939): Illuminate\\Http\\Response->__construct(Object(Illuminate\\View\\View), 200, Array)
#8 C:\\xampp\\htdocs\\secprog\\SecPro\\FrontEndSec\\vendor\\laravel\\framework\\src\\Illuminate\\Routing\\Router.php(906): Illuminate\\Routing\\Router::toResponse(Object(Illuminate\\Http\\Request), Object(Illuminate\\View\\View))
#9 C:\\xampp\\htdocs\\secprog\\SecPro\\FrontEndSec\\vendor\\laravel\\framework\\src\\Illuminate\\Routing\\Router.php(821): Illuminate\\Routing\\Router->prepareResponse(Object(Illuminate\\Http\\Request), Object(Illuminate\\View\\View))
#10 C:\\xampp\\htdocs\\secprog\\SecPro\\FrontEndSec\\vendor\\laravel\\framework\\src\\Illuminate\\Pipeline\\Pipeline.php(180): Illuminate\\Routing\\Router->Illuminate\\Routing\\{closure}(Object(Illuminate\\Http\\Request))
#11 C:\\xampp\\htdocs\\secprog\\SecPro\\FrontEndSec\\vendor\\laravel\\framework\\src\\Illuminate\\Routing\\Middleware\\SubstituteBindings.php(50): Illuminate\\Pipeline\\Pipeline->Illuminate\\Pipeline\\{closure}(Object(Illuminate\\Http\\Request))
#12 C:\\xampp\\htdocs\\secprog\\SecPro\\FrontEndSec\\vendor\\laravel\\framework\\src\\Illuminate\\Pipeline\\Pipeline.php(219): Illuminate\\Routing\\Middleware\\SubstituteBindings->handle(Object(Illuminate\\Http\\Request), Object(Closure))
#13 C:\\xampp\\htdocs\\secprog\\SecPro\\FrontEndSec\\vendor\\laravel\\framework\\src\\Illuminate\\Foundation\\Http\\Middleware\\VerifyCsrfToken.php(87): Illuminate\\Pipeline\\Pipeline->Illuminate\\Pipeline\\{closure}(Object(Illuminate\\Http\\Request))
#14 C:\\xampp\\htdocs\\secprog\\SecPro\\FrontEndSec\\vendor\\laravel\\framework\\src\\Illuminate\\Pipeline\\Pipeline.php(219): Illuminate\\Foundation\\Http\\Middleware\\VerifyCsrfToken->handle(Object(Illuminate\\Http\\Request), Object(Closure))
#15 C:\\xampp\\htdocs\\secprog\\SecPro\\FrontEndSec\\vendor\\laravel\\framework\\src\\Illuminate\\View\\Middleware\\ShareErrorsFromSession.php(48): Illuminate\\Pipeline\\Pipeline->Illuminate\\Pipeline\\{closure}(Object(Illuminate\\Http\\Request))
#16 C:\\xampp\\htdocs\\secprog\\SecPro\\FrontEndSec\\vendor\\laravel\\framework\\src\\Illuminate\\Pipeline\\Pipeline.php(219): Illuminate\\View\\Middleware\\ShareErrorsFromSession->handle(Object(Illuminate\\Http\\Request), Object(Closure))
#17 C:\\xampp\\htdocs\\secprog\\SecPro\\FrontEndSec\\vendor\\laravel\\framework\\src\\Illuminate\\Session\\Middleware\\StartSession.php(120): Illuminate\\Pipeline\\Pipeline->Illuminate\\Pipeline\\{closure}(Object(Illuminate\\Http\\Request))
#18 C:\\xampp\\htdocs\\secprog\\SecPro\\FrontEndSec\\vendor\\laravel\\framework\\src\\Illuminate\\Session\\Middleware\\StartSession.php(63): Illuminate\\Session\\Middleware\\StartSession->handleStatefulRequest(Object(Illuminate\\Http\\Request), Object(Illuminate\\Session\\Store), Object(Closure))
#19 C:\\xampp\\htdocs\\secprog\\SecPro\\FrontEndSec\\vendor\\laravel\\framework\\src\\Illuminate\\Pipeline\\Pipeline.php(219): Illuminate\\Session\\Middleware\\StartSession->handle(Object(Illuminate\\Http\\Request), Object(Closure))
#20 C:\\xampp\\htdocs\\secprog\\SecPro\\FrontEndSec\\vendor\\laravel\\framework\\src\\Illuminate\\Cookie\\Middleware\\AddQueuedCookiesToResponse.php(36): Illuminate\\Pipeline\\Pipeline->Illuminate\\Pipeline\\{closure}(Object(Illuminate\\Http\\Request))
#21 C:\\xampp\\htdocs\\secprog\\SecPro\\FrontEndSec\\vendor\\laravel\\framework\\src\\Illuminate\\Pipeline\\Pipeline.php(219): Illuminate\\Cookie\\Middleware\\AddQueuedCookiesToResponse->handle(Object(Illuminate\\Http\\Request), Object(Closure))
#22 C:\\xampp\\htdocs\\secprog\\SecPro\\FrontEndSec\\vendor\\laravel\\framework\\src\\Illuminate\\Cookie\\Middleware\\EncryptCookies.php(74): Illuminate\\Pipeline\\Pipeline->Illuminate\\Pipeline\\{closure}(Object(Illuminate\\Http\\Request))
#23 C:\\xampp\\htdocs\\secprog\\SecPro\\FrontEndSec\\vendor\\laravel\\framework\\src\\Illuminate\\Pipeline\\Pipeline.php(219): Illuminate\\Cookie\\Middleware\\EncryptCookies->handle(Object(Illuminate\\Http\\Request), Object(Closure))
#24 C:\\xampp\\htdocs\\secprog\\SecPro\\FrontEndSec\\vendor\\laravel\\framework\\src\\Illuminate\\Pipeline\\Pipeline.php(137): Illuminate\\Pipeline\\Pipeline->Illuminate\\Pipeline\\{closure}(Object(Illuminate\\Http\\Request))
#25 C:\\xampp\\htdocs\\secprog\\SecPro\\FrontEndSec\\vendor\\laravel\\framework\\src\\Illuminate\\Routing\\Router.php(821): Illuminate\\Pipeline\\Pipeline->then(Object(Closure))
#26 C:\\xampp\\htdocs\\secprog\\SecPro\\FrontEndSec\\vendor\\laravel\\framework\\src\\Illuminate\\Routing\\Router.php(800): Illuminate\\Routing\\Router->runRouteWithinStack(Object(Illuminate\\Routing\\Route), Object(Illuminate\\Http\\Request))
#27 C:\\xampp\\htdocs\\secprog\\SecPro\\FrontEndSec\\vendor\\laravel\\framework\\src\\Illuminate\\Routing\\Router.php(764): Illuminate\\Routing\\Router->runRoute(Object(Illuminate\\Http\\Request), Object(Illuminate\\Routing\\Route))
#28 C:\\xampp\\htdocs\\secprog\\SecPro\\FrontEndSec\\vendor\\laravel\\framework\\src\\Illuminate\\Routing\\Router.php(753): Illuminate\\Routing\\Router->dispatchToRoute(Object(Illuminate\\Http\\Request))
#29 C:\\xampp\\htdocs\\secprog\\SecPro\\FrontEndSec\\vendor\\laravel\\framework\\src\\Illuminate\\Foundation\\Http\\Kernel.php(200): Illuminate\\Routing\\Router->dispatch(Object(Illuminate\\Http\\Request))
#30 C:\\xampp\\htdocs\\secprog\\SecPro\\FrontEndSec\\vendor\\laravel\\framework\\src\\Illuminate\\Pipeline\\Pipeline.php(180): Illuminate\\Foundation\\Http\\Kernel->Illuminate\\Foundation\\Http\\{closure}(Object(Illuminate\\Http\\Request))
#31 C:\\xampp\\htdocs\\secprog\\SecPro\\FrontEndSec\\vendor\\laravel\\framework\\src\\Illuminate\\Foundation\\Http\\Middleware\\TransformsRequest.php(21): Illuminate\\Pipeline\\Pipeline->Illuminate\\Pipeline\\{closure}(Object(Illuminate\\Http\\Request))
#32 C:\\xampp\\htdocs\\secprog\\SecPro\\FrontEndSec\\vendor\\laravel\\framework\\src\\Illuminate\\Foundation\\Http\\Middleware\\ConvertEmptyStringsToNull.php(31): Illuminate\\Foundation\\Http\\Middleware\\TransformsRequest->handle(Object(Illuminate\\Http\\Request), Object(Closure))
#33 C:\\xampp\\htdocs\\secprog\\SecPro\\FrontEndSec\\vendor\\laravel\\framework\\src\\Illuminate\\Pipeline\\Pipeline.php(219): Illuminate\\Foundation\\Http\\Middleware\\ConvertEmptyStringsToNull->handle(Object(Illuminate\\Http\\Request), Object(Closure))
#34 C:\\xampp\\htdocs\\secprog\\SecPro\\FrontEndSec\\vendor\\laravel\\framework\\src\\Illuminate\\Foundation\\Http\\Middleware\\TransformsRequest.php(21): Illuminate\\Pipeline\\Pipeline->Illuminate\\Pipeline\\{closure}(Object(Illuminate\\Http\\Request))
#35 C:\\xampp\\htdocs\\secprog\\SecPro\\FrontEndSec\\vendor\\laravel\\framework\\src\\Illuminate\\Foundation\\Http\\Middleware\\TrimStrings.php(51): Illuminate\\Foundation\\Http\\Middleware\\TransformsRequest->handle(Object(Illuminate\\Http\\Request), Object(Closure))
#36 C:\\xampp\\htdocs\\secprog\\SecPro\\FrontEndSec\\vendor\\laravel\\framework\\src\\Illuminate\\Pipeline\\Pipeline.php(219): Illuminate\\Foundation\\Http\\Middleware\\TrimStrings->handle(Object(Illuminate\\Http\\Request), Object(Closure))
#37 C:\\xampp\\htdocs\\secprog\\SecPro\\FrontEndSec\\vendor\\laravel\\framework\\src\\Illuminate\\Http\\Middleware\\ValidatePostSize.php(27): Illuminate\\Pipeline\\Pipeline->Illuminate\\Pipeline\\{closure}(Object(Illuminate\\Http\\Request))
#38 C:\\xampp\\htdocs\\secprog\\SecPro\\FrontEndSec\\vendor\\laravel\\framework\\src\\Illuminate\\Pipeline\\Pipeline.php(219): Illuminate\\Http\\Middleware\\ValidatePostSize->handle(Object(Illuminate\\Http\\Request), Object(Closure))
#39 C:\\xampp\\htdocs\\secprog\\SecPro\\FrontEndSec\\vendor\\laravel\\framework\\src\\Illuminate\\Foundation\\Http\\Middleware\\PreventRequestsDuringMaintenance.php(109): Illuminate\\Pipeline\\Pipeline->Illuminate\\Pipeline\\{closure}(Object(Illuminate\\Http\\Request))
#40 C:\\xampp\\htdocs\\secprog\\SecPro\\FrontEndSec\\vendor\\laravel\\framework\\src\\Illuminate\\Pipeline\\Pipeline.php(219): Illuminate\\Foundation\\Http\\Middleware\\PreventRequestsDuringMaintenance->handle(Object(Illuminate\\Http\\Request), Object(Closure))
#41 C:\\xampp\\htdocs\\secprog\\SecPro\\FrontEndSec\\vendor\\laravel\\framework\\src\\Illuminate\\Http\\Middleware\\HandleCors.php(48): Illuminate\\Pipeline\\Pipeline->Illuminate\\Pipeline\\{closure}(Object(Illuminate\\Http\\Request))
#42 C:\\xampp\\htdocs\\secprog\\SecPro\\FrontEndSec\\vendor\\laravel\\framework\\src\\Illuminate\\Pipeline\\Pipeline.php(219): Illuminate\\Http\\Middleware\\HandleCors->handle(Object(Illuminate\\Http\\Request), Object(Closure))
#43 C:\\xampp\\htdocs\\secprog\\SecPro\\FrontEndSec\\vendor\\laravel\\framework\\src\\Illuminate\\Http\\Middleware\\TrustProxies.php(58): Illuminate\\Pipeline\\Pipeline->Illuminate\\Pipeline\\{closure}(Object(Illuminate\\Http\\Request))
#44 C:\\xampp\\htdocs\\secprog\\SecPro\\FrontEndSec\\vendor\\laravel\\framework\\src\\Illuminate\\Pipeline\\Pipeline.php(219): Illuminate\\Http\\Middleware\\TrustProxies->handle(Object(Illuminate\\Http\\Request), Object(Closure))
#45 C:\\xampp\\htdocs\\secprog\\SecPro\\FrontEndSec\\vendor\\laravel\\framework\\src\\Illuminate\\Foundation\\Http\\Middleware\\InvokeDeferredCallbacks.php(22): Illuminate\\Pipeline\\Pipeline->Illuminate\\Pipeline\\{closure}(Object(Illuminate\\Http\\Request))
#46 C:\\xampp\\htdocs\\secprog\\SecPro\\FrontEndSec\\vendor\\laravel\\framework\\src\\Illuminate\\Pipeline\\Pipeline.php(219): Illuminate\\Foundation\\Http\\Middleware\\InvokeDeferredCallbacks->handle(Object(Illuminate\\Http\\Request), Object(Closure))
#47 C:\\xampp\\htdocs\\secprog\\SecPro\\FrontEndSec\\vendor\\laravel\\framework\\src\\Illuminate\\Http\\Middleware\\ValidatePathEncoding.php(26): Illuminate\\Pipeline\\Pipeline->Illuminate\\Pipeline\\{closure}(Object(Illuminate\\Http\\Request))
#48 C:\\xampp\\htdocs\\secprog\\SecPro\\FrontEndSec\\vendor\\laravel\\framework\\src\\Illuminate\\Pipeline\\Pipeline.php(219): Illuminate\\Http\\Middleware\\ValidatePathEncoding->handle(Object(Illuminate\\Http\\Request), Object(Closure))
#49 C:\\xampp\\htdocs\\secprog\\SecPro\\FrontEndSec\\vendor\\laravel\\framework\\src\\Illuminate\\Pipeline\\Pipeline.php(137): Illuminate\\Pipeline\\Pipeline->Illuminate\\Pipeline\\{closure}(Object(Illuminate\\Http\\Request))
#50 C:\\xampp\\htdocs\\secprog\\SecPro\\FrontEndSec\\vendor\\laravel\\framework\\src\\Illuminate\\Foundation\\Http\\Kernel.php(175): Illuminate\\Pipeline\\Pipeline->then(Object(Closure))
#51 C:\\xampp\\htdocs\\secprog\\SecPro\\FrontEndSec\\vendor\\laravel\\framework\\src\\Illuminate\\Foundation\\Http\\Kernel.php(144): Illuminate\\Foundation\\Http\\Kernel->sendRequestThroughRouter(Object(Illuminate\\Http\\Request))
#52 C:\\xampp\\htdocs\\secprog\\SecPro\\FrontEndSec\\vendor\\laravel\\framework\\src\\Illuminate\\Foundation\\Application.php(1220): Illuminate\\Foundation\\Http\\Kernel->handle(Object(Illuminate\\Http\\Request))
#53 C:\\xampp\\htdocs\\secprog\\SecPro\\FrontEndSec\\public\\index.php(20): Illuminate\\Foundation\\Application->handleRequest(Object(Illuminate\\Http\\Request))
#54 C:\\xampp\\htdocs\\secprog\\SecPro\\FrontEndSec\\vendor\\laravel\\framework\\src\\Illuminate\\Foundation\\resources\\server.php(23): require_once('C:\\\\xampp\\\\htdocs...')
#55 {main}

[previous exception] [object] (ErrorException(code: 0): Undefined variable $weeklyRecipes at C:\\xampp\\htdocs\\secprog\\SecPro\\FrontEndSec\\storage\\framework\\views\\1f1e764261ce25fd6ab9770d03d6856e.php:140)
[stacktrace]
#0 C:\\xampp\\htdocs\\secprog\\SecPro\\FrontEndSec\\vendor\\laravel\\framework\\src\\Illuminate\\Foundation\\Bootstrap\\HandleExceptions.php(258): Illuminate\\Foundation\\Bootstrap\\HandleExceptions->handleError(2, 'Undefined varia...', 'C:\\\\xampp\\\\htdocs...', 140)
#1 C:\\xampp\\htdocs\\secprog\\SecPro\\FrontEndSec\\storage\\framework\\views\\1f1e764261ce25fd6ab9770d03d6856e.php(140): Illuminate\\Foundation\\Bootstrap\\HandleExceptions->Illuminate\\Foundation\\Bootstrap\\{closure}(2, 'Undefined varia...', 'C:\\\\xampp\\\\htdocs...', 140)
#2 C:\\xampp\\htdocs\\secprog\\SecPro\\FrontEndSec\\vendor\\laravel\\framework\\src\\Illuminate\\Filesystem\\Filesystem.php(123): require('C:\\\\xampp\\\\htdocs...')
#3 C:\\xampp\\htdocs\\secprog\\SecPro\\FrontEndSec\\vendor\\laravel\\framework\\src\\Illuminate\\Filesystem\\Filesystem.php(124): Illuminate\\Filesystem\\Filesystem::Illuminate\\Filesystem\\{closure}()
#4 C:\\xampp\\htdocs\\secprog\\SecPro\\FrontEndSec\\vendor\\laravel\\framework\\src\\Illuminate\\View\\Engines\\PhpEngine.php(57): Illuminate\\Filesystem\\Filesystem->getRequire('C:\\\\xampp\\\\htdocs...', Array)
#5 C:\\xampp\\htdocs\\secprog\\SecPro\\FrontEndSec\\vendor\\laravel\\framework\\src\\Illuminate\\View\\Engines\\CompilerEngine.php(76): Illuminate\\View\\Engines\\PhpEngine->evaluatePath('C:\\\\xampp\\\\htdocs...', Array)
#6 C:\\xampp\\htdocs\\secprog\\SecPro\\FrontEndSec\\vendor\\laravel\\framework\\src\\Illuminate\\View\\View.php(208): Illuminate\\View\\Engines\\CompilerEngine->get('C:\\\\xampp\\\\htdocs...', Array)
#7 C:\\xampp\\htdocs\\secprog\\SecPro\\FrontEndSec\\vendor\\laravel\\framework\\src\\Illuminate\\View\\View.php(191): Illuminate\\View\\View->getContents()
#8 C:\\xampp\\htdocs\\secprog\\SecPro\\FrontEndSec\\vendor\\laravel\\framework\\src\\Illuminate\\View\\View.php(160): Illuminate\\View\\View->renderContents()
#9 C:\\xampp\\htdocs\\secprog\\SecPro\\FrontEndSec\\vendor\\laravel\\framework\\src\\Illuminate\\Http\\Response.php(78): Illuminate\\View\\View->render()
#10 C:\\xampp\\htdocs\\secprog\\SecPro\\FrontEndSec\\vendor\\laravel\\framework\\src\\Illuminate\\Http\\Response.php(34): Illuminate\\Http\\Response->setContent(Object(Illuminate\\View\\View))
#11 C:\\xampp\\htdocs\\secprog\\SecPro\\FrontEndSec\\vendor\\laravel\\framework\\src\\Illuminate\\Routing\\Router.php(939): Illuminate\\Http\\Response->__construct(Object(Illuminate\\View\\View), 200, Array)
#12 C:\\xampp\\htdocs\\secprog\\SecPro\\FrontEndSec\\vendor\\laravel\\framework\\src\\Illuminate\\Routing\\Router.php(906): Illuminate\\Routing\\Router::toResponse(Object(Illuminate\\Http\\Request), Object(Illuminate\\View\\View))
#13 C:\\xampp\\htdocs\\secprog\\SecPro\\FrontEndSec\\vendor\\laravel\\framework\\src\\Illuminate\\Routing\\Router.php(821): Illuminate\\Routing\\Router->prepareResponse(Object(Illuminate\\Http\\Request), Object(Illuminate\\View\\View))
#14 C:\\xampp\\htdocs\\secprog\\SecPro\\FrontEndSec\\vendor\\laravel\\framework\\src\\Illuminate\\Pipeline\\Pipeline.php(180): Illuminate\\Routing\\Router->Illuminate\\Routing\\{closure}(Object(Illuminate\\Http\\Request))
#15 C:\\xampp\\htdocs\\secprog\\SecPro\\FrontEndSec\\vendor\\laravel\\framework\\src\\Illuminate\\Routing\\Middleware\\SubstituteBindings.php(50): Illuminate\\Pipeline\\Pipeline->Illuminate\\Pipeline\\{closure}(Object(Illuminate\\Http\\Request))
#16 C:\\xampp\\htdocs\\secprog\\SecPro\\FrontEndSec\\vendor\\laravel\\framework\\src\\Illuminate\\Pipeline\\Pipeline.php(219): Illuminate\\Routing\\Middleware\\SubstituteBindings->handle(Object(Illuminate\\Http\\Request), Object(Closure))
#17 C:\\xampp\\htdocs\\secprog\\SecPro\\FrontEndSec\\vendor\\laravel\\framework\\src\\Illuminate\\Foundation\\Http\\Middleware\\VerifyCsrfToken.php(87): Illuminate\\Pipeline\\Pipeline->Illuminate\\Pipeline\\{closure}(Object(Illuminate\\Http\\Request))
#18 C:\\xampp\\htdocs\\secprog\\SecPro\\FrontEndSec\\vendor\\laravel\\framework\\src\\Illuminate\\Pipeline\\Pipeline.php(219): Illuminate\\Foundation\\Http\\Middleware\\VerifyCsrfToken->handle(Object(Illuminate\\Http\\Request), Object(Closure))
#19 C:\\xampp\\htdocs\\secprog\\SecPro\\FrontEndSec\\vendor\\laravel\\framework\\src\\Illuminate\\View\\Middleware\\ShareErrorsFromSession.php(48): Illuminate\\Pipeline\\Pipeline->Illuminate\\Pipeline\\{closure}(Object(Illuminate\\Http\\Request))
#20 C:\\xampp\\htdocs\\secprog\\SecPro\\FrontEndSec\\vendor\\laravel\\framework\\src\\Illuminate\\Pipeline\\Pipeline.php(219): Illuminate\\View\\Middleware\\ShareErrorsFromSession->handle(Object(Illuminate\\Http\\Request), Object(Closure))
#21 C:\\xampp\\htdocs\\secprog\\SecPro\\FrontEndSec\\vendor\\laravel\\framework\\src\\Illuminate\\Session\\Middleware\\StartSession.php(120): Illuminate\\Pipeline\\Pipeline->Illuminate\\Pipeline\\{closure}(Object(Illuminate\\Http\\Request))
#22 C:\\xampp\\htdocs\\secprog\\SecPro\\FrontEndSec\\vendor\\laravel\\framework\\src\\Illuminate\\Session\\Middleware\\StartSession.php(63): Illuminate\\Session\\Middleware\\StartSession->handleStatefulRequest(Object(Illuminate\\Http\\Request), Object(Illuminate\\Session\\Store), Object(Closure))
#23 C:\\xampp\\htdocs\\secprog\\SecPro\\FrontEndSec\\vendor\\laravel\\framework\\src\\Illuminate\\Pipeline\\Pipeline.php(219): Illuminate\\Session\\Middleware\\StartSession->handle(Object(Illuminate\\Http\\Request), Object(Closure))
#24 C:\\xampp\\htdocs\\secprog\\SecPro\\FrontEndSec\\vendor\\laravel\\framework\\src\\Illuminate\\Cookie\\Middleware\\AddQueuedCookiesToResponse.php(36): Illuminate\\Pipeline\\Pipeline->Illuminate\\Pipeline\\{closure}(Object(Illuminate\\Http\\Request))
#25 C:\\xampp\\htdocs\\secprog\\SecPro\\FrontEndSec\\vendor\\laravel\\framework\\src\\Illuminate\\Pipeline\\Pipeline.php(219): Illuminate\\Cookie\\Middleware\\AddQueuedCookiesToResponse->handle(Object(Illuminate\\Http\\Request), Object(Closure))
#26 C:\\xampp\\htdocs\\secprog\\SecPro\\FrontEndSec\\vendor\\laravel\\framework\\src\\Illuminate\\Cookie\\Middleware\\EncryptCookies.php(74): Illuminate\\Pipeline\\Pipeline->Illuminate\\Pipeline\\{closure}(Object(Illuminate\\Http\\Request))
#27 C:\\xampp\\htdocs\\secprog\\SecPro\\FrontEndSec\\vendor\\laravel\\framework\\src\\Illuminate\\Pipeline\\Pipeline.php(219): Illuminate\\Cookie\\Middleware\\EncryptCookies->handle(Object(Illuminate\\Http\\Request), Object(Closure))
#28 C:\\xampp\\htdocs\\secprog\\SecPro\\FrontEndSec\\vendor\\laravel\\framework\\src\\Illuminate\\Pipeline\\Pipeline.php(137): Illuminate\\Pipeline\\Pipeline->Illuminate\\Pipeline\\{closure}(Object(Illuminate\\Http\\Request))
#29 C:\\xampp\\htdocs\\secprog\\SecPro\\FrontEndSec\\vendor\\laravel\\framework\\src\\Illuminate\\Routing\\Router.php(821): Illuminate\\Pipeline\\Pipeline->then(Object(Closure))
#30 C:\\xampp\\htdocs\\secprog\\SecPro\\FrontEndSec\\vendor\\laravel\\framework\\src\\Illuminate\\Routing\\Router.php(800): Illuminate\\Routing\\Router->runRouteWithinStack(Object(Illuminate\\Routing\\Route), Object(Illuminate\\Http\\Request))
#31 C:\\xampp\\htdocs\\secprog\\SecPro\\FrontEndSec\\vendor\\laravel\\framework\\src\\Illuminate\\Routing\\Router.php(764): Illuminate\\Routing\\Router->runRoute(Object(Illuminate\\Http\\Request), Object(Illuminate\\Routing\\Route))
#32 C:\\xampp\\htdocs\\secprog\\SecPro\\FrontEndSec\\vendor\\laravel\\framework\\src\\Illuminate\\Routing\\Router.php(753): Illuminate\\Routing\\Router->dispatchToRoute(Object(Illuminate\\Http\\Request))
#33 C:\\xampp\\htdocs\\secprog\\SecPro\\FrontEndSec\\vendor\\laravel\\framework\\src\\Illuminate\\Foundation\\Http\\Kernel.php(200): Illuminate\\Routing\\Router->dispatch(Object(Illuminate\\Http\\Request))
#34 C:\\xampp\\htdocs\\secprog\\SecPro\\FrontEndSec\\vendor\\laravel\\framework\\src\\Illuminate\\Pipeline\\Pipeline.php(180): Illuminate\\Foundation\\Http\\Kernel->Illuminate\\Foundation\\Http\\{closure}(Object(Illuminate\\Http\\Request))
#35 C:\\xampp\\htdocs\\secprog\\SecPro\\FrontEndSec\\vendor\\laravel\\framework\\src\\Illuminate\\Foundation\\Http\\Middleware\\TransformsRequest.php(21): Illuminate\\Pipeline\\Pipeline->Illuminate\\Pipeline\\{closure}(Object(Illuminate\\Http\\Request))
#36 C:\\xampp\\htdocs\\secprog\\SecPro\\FrontEndSec\\vendor\\laravel\\framework\\src\\Illuminate\\Foundation\\Http\\Middleware\\ConvertEmptyStringsToNull.php(31): Illuminate\\Foundation\\Http\\Middleware\\TransformsRequest->handle(Object(Illuminate\\Http\\Request), Object(Closure))
#37 C:\\xampp\\htdocs\\secprog\\SecPro\\FrontEndSec\\vendor\\laravel\\framework\\src\\Illuminate\\Pipeline\\Pipeline.php(219): Illuminate\\Foundation\\Http\\Middleware\\ConvertEmptyStringsToNull->handle(Object(Illuminate\\Http\\Request), Object(Closure))
#38 C:\\xampp\\htdocs\\secprog\\SecPro\\FrontEndSec\\vendor\\laravel\\framework\\src\\Illuminate\\Foundation\\Http\\Middleware\\TransformsRequest.php(21): Illuminate\\Pipeline\\Pipeline->Illuminate\\Pipeline\\{closure}(Object(Illuminate\\Http\\Request))
#39 C:\\xampp\\htdocs\\secprog\\SecPro\\FrontEndSec\\vendor\\laravel\\framework\\src\\Illuminate\\Foundation\\Http\\Middleware\\TrimStrings.php(51): Illuminate\\Foundation\\Http\\Middleware\\TransformsRequest->handle(Object(Illuminate\\Http\\Request), Object(Closure))
#40 C:\\xampp\\htdocs\\secprog\\SecPro\\FrontEndSec\\vendor\\laravel\\framework\\src\\Illuminate\\Pipeline\\Pipeline.php(219): Illuminate\\Foundation\\Http\\Middleware\\TrimStrings->handle(Object(Illuminate\\Http\\Request), Object(Closure))
#41 C:\\xampp\\htdocs\\secprog\\SecPro\\FrontEndSec\\vendor\\laravel\\framework\\src\\Illuminate\\Http\\Middleware\\ValidatePostSize.php(27): Illuminate\\Pipeline\\Pipeline->Illuminate\\Pipeline\\{closure}(Object(Illuminate\\Http\\Request))
#42 C:\\xampp\\htdocs\\secprog\\SecPro\\FrontEndSec\\vendor\\laravel\\framework\\src\\Illuminate\\Pipeline\\Pipeline.php(219): Illuminate\\Http\\Middleware\\ValidatePostSize->handle(Object(Illuminate\\Http\\Request), Object(Closure))
#43 C:\\xampp\\htdocs\\secprog\\SecPro\\FrontEndSec\\vendor\\laravel\\framework\\src\\Illuminate\\Foundation\\Http\\Middleware\\PreventRequestsDuringMaintenance.php(109): Illuminate\\Pipeline\\Pipeline->Illuminate\\Pipeline\\{closure}(Object(Illuminate\\Http\\Request))
#44 C:\\xampp\\htdocs\\secprog\\SecPro\\FrontEndSec\\vendor\\laravel\\framework\\src\\Illuminate\\Pipeline\\Pipeline.php(219): Illuminate\\Foundation\\Http\\Middleware\\PreventRequestsDuringMaintenance->handle(Object(Illuminate\\Http\\Request), Object(Closure))
#45 C:\\xampp\\htdocs\\secprog\\SecPro\\FrontEndSec\\vendor\\laravel\\framework\\src\\Illuminate\\Http\\Middleware\\HandleCors.php(48): Illuminate\\Pipeline\\Pipeline->Illuminate\\Pipeline\\{closure}(Object(Illuminate\\Http\\Request))
#46 C:\\xampp\\htdocs\\secprog\\SecPro\\FrontEndSec\\vendor\\laravel\\framework\\src\\Illuminate\\Pipeline\\Pipeline.php(219): Illuminate\\Http\\Middleware\\HandleCors->handle(Object(Illuminate\\Http\\Request), Object(Closure))
#47 C:\\xampp\\htdocs\\secprog\\SecPro\\FrontEndSec\\vendor\\laravel\\framework\\src\\Illuminate\\Http\\Middleware\\TrustProxies.php(58): Illuminate\\Pipeline\\Pipeline->Illuminate\\Pipeline\\{closure}(Object(Illuminate\\Http\\Request))
#48 C:\\xampp\\htdocs\\secprog\\SecPro\\FrontEndSec\\vendor\\laravel\\framework\\src\\Illuminate\\Pipeline\\Pipeline.php(219): Illuminate\\Http\\Middleware\\TrustProxies->handle(Object(Illuminate\\Http\\Request), Object(Closure))
#49 C:\\xampp\\htdocs\\secprog\\SecPro\\FrontEndSec\\vendor\\laravel\\framework\\src\\Illuminate\\Foundation\\Http\\Middleware\\InvokeDeferredCallbacks.php(22): Illuminate\\Pipeline\\Pipeline->Illuminate\\Pipeline\\{closure}(Object(Illuminate\\Http\\Request))
#50 C:\\xampp\\htdocs\\secprog\\SecPro\\FrontEndSec\\vendor\\laravel\\framework\\src\\Illuminate\\Pipeline\\Pipeline.php(219): Illuminate\\Foundation\\Http\\Middleware\\InvokeDeferredCallbacks->handle(Object(Illuminate\\Http\\Request), Object(Closure))
#51 C:\\xampp\\htdocs\\secprog\\SecPro\\FrontEndSec\\vendor\\laravel\\framework\\src\\Illuminate\\Http\\Middleware\\ValidatePathEncoding.php(26): Illuminate\\Pipeline\\Pipeline->Illuminate\\Pipeline\\{closure}(Object(Illuminate\\Http\\Request))
#52 C:\\xampp\\htdocs\\secprog\\SecPro\\FrontEndSec\\vendor\\laravel\\framework\\src\\Illuminate\\Pipeline\\Pipeline.php(219): Illuminate\\Http\\Middleware\\ValidatePathEncoding->handle(Object(Illuminate\\Http\\Request), Object(Closure))
#53 C:\\xampp\\htdocs\\secprog\\SecPro\\FrontEndSec\\vendor\\laravel\\framework\\src\\Illuminate\\Pipeline\\Pipeline.php(137): Illuminate\\Pipeline\\Pipeline->Illuminate\\Pipeline\\{closure}(Object(Illuminate\\Http\\Request))
#54 C:\\xampp\\htdocs\\secprog\\SecPro\\FrontEndSec\\vendor\\laravel\\framework\\src\\Illuminate\\Foundation\\Http\\Kernel.php(175): Illuminate\\Pipeline\\Pipeline->then(Object(Closure))
#55 C:\\xampp\\htdocs\\secprog\\SecPro\\FrontEndSec\\vendor\\laravel\\framework\\src\\Illuminate\\Foundation\\Http\\Kernel.php(144): Illuminate\\Foundation\\Http\\Kernel->sendRequestThroughRouter(Object(Illuminate\\Http\\Request))
#56 C:\\xampp\\htdocs\\secprog\\SecPro\\FrontEndSec\\vendor\\laravel\\framework\\src\\Illuminate\\Foundation\\Application.php(1220): Illuminate\\Foundation\\Http\\Kernel->handle(Object(Illuminate\\Http\\Request))
#57 C:\\xampp\\htdocs\\secprog\\SecPro\\FrontEndSec\\public\\index.php(20): Illuminate\\Foundation\\Application->handleRequest(Object(Illuminate\\Http\\Request))
#58 C:\\xampp\\htdocs\\secprog\\SecPro\\FrontEndSec\\vendor\\laravel\\framework\\src\\Illuminate\\Foundation\\resources\\server.php(23): require_once('C:\\\\xampp\\\\htdocs...')
#59 {main}
"} 
[2025-11-18 16:09:25] local.ERROR: Undefined variable $weeklyRecipes (View: C:\xampp\htdocs\secprog\SecPro\FrontEndSec\resources\views\mainPage.blade.php) {"exception":"[object] (Illuminate\\View\\ViewException(code: 0): Undefined variable $weeklyRecipes (View: C:\\xampp\\htdocs\\secprog\\SecPro\\FrontEndSec\\resources\\views\\mainPage.blade.php) at C:\\xampp\\htdocs\\secprog\\SecPro\\FrontEndSec\\storage\\framework\\views\\1f1e764261ce25fd6ab9770d03d6856e.php:140)
[stacktrace]
#0 C:\\xampp\\htdocs\\secprog\\SecPro\\FrontEndSec\\vendor\\laravel\\framework\\src\\Illuminate\\View\\Engines\\PhpEngine.php(59): Illuminate\\View\\Engines\\CompilerEngine->handleViewException(Object(ErrorException), 1)
#1 C:\\xampp\\htdocs\\secprog\\SecPro\\FrontEndSec\\vendor\\laravel\\framework\\src\\Illuminate\\View\\Engines\\CompilerEngine.php(76): Illuminate\\View\\Engines\\PhpEngine->evaluatePath('C:\\\\xampp\\\\htdocs...', Array)
#2 C:\\xampp\\htdocs\\secprog\\SecPro\\FrontEndSec\\vendor\\laravel\\framework\\src\\Illuminate\\View\\View.php(208): Illuminate\\View\\Engines\\CompilerEngine->get('C:\\\\xampp\\\\htdocs...', Array)
#3 C:\\xampp\\htdocs\\secprog\\SecPro\\FrontEndSec\\vendor\\laravel\\framework\\src\\Illuminate\\View\\View.php(191): Illuminate\\View\\View->getContents()
#4 C:\\xampp\\htdocs\\secprog\\SecPro\\FrontEndSec\\vendor\\laravel\\framework\\src\\Illuminate\\View\\View.php(160): Illuminate\\View\\View->renderContents()
#5 C:\\xampp\\htdocs\\secprog\\SecPro\\FrontEndSec\\vendor\\laravel\\framework\\src\\Illuminate\\Http\\Response.php(78): Illuminate\\View\\View->render()
#6 C:\\xampp\\htdocs\\secprog\\SecPro\\FrontEndSec\\vendor\\laravel\\framework\\src\\Illuminate\\Http\\Response.php(34): Illuminate\\Http\\Response->setContent(Object(Illuminate\\View\\View))
#7 C:\\xampp\\htdocs\\secprog\\SecPro\\FrontEndSec\\vendor\\laravel\\framework\\src\\Illuminate\\Routing\\Router.php(939): Illuminate\\Http\\Response->__construct(Object(Illuminate\\View\\View), 200, Array)
#8 C:\\xampp\\htdocs\\secprog\\SecPro\\FrontEndSec\\vendor\\laravel\\framework\\src\\Illuminate\\Routing\\Router.php(906): Illuminate\\Routing\\Router::toResponse(Object(Illuminate\\Http\\Request), Object(Illuminate\\View\\View))
#9 C:\\xampp\\htdocs\\secprog\\SecPro\\FrontEndSec\\vendor\\laravel\\framework\\src\\Illuminate\\Routing\\Router.php(821): Illuminate\\Routing\\Router->prepareResponse(Object(Illuminate\\Http\\Request), Object(Illuminate\\View\\View))
#10 C:\\xampp\\htdocs\\secprog\\SecPro\\FrontEndSec\\vendor\\laravel\\framework\\src\\Illuminate\\Pipeline\\Pipeline.php(180): Illuminate\\Routing\\Router->Illuminate\\Routing\\{closure}(Object(Illuminate\\Http\\Request))
#11 C:\\xampp\\htdocs\\secprog\\SecPro\\FrontEndSec\\vendor\\laravel\\framework\\src\\Illuminate\\Routing\\Middleware\\SubstituteBindings.php(50): Illuminate\\Pipeline\\Pipeline->Illuminate\\Pipeline\\{closure}(Object(Illuminate\\Http\\Request))
#12 C:\\xampp\\htdocs\\secprog\\SecPro\\FrontEndSec\\vendor\\laravel\\framework\\src\\Illuminate\\Pipeline\\Pipeline.php(219): Illuminate\\Routing\\Middleware\\SubstituteBindings->handle(Object(Illuminate\\Http\\Request), Object(Closure))
#13 C:\\xampp\\htdocs\\secprog\\SecPro\\FrontEndSec\\vendor\\laravel\\framework\\src\\Illuminate\\Foundation\\Http\\Middleware\\VerifyCsrfToken.php(87): Illuminate\\Pipeline\\Pipeline->Illuminate\\Pipeline\\{closure}(Object(Illuminate\\Http\\Request))
#14 C:\\xampp\\htdocs\\secprog\\SecPro\\FrontEndSec\\vendor\\laravel\\framework\\src\\Illuminate\\Pipeline\\Pipeline.php(219): Illuminate\\Foundation\\Http\\Middleware\\VerifyCsrfToken->handle(Object(Illuminate\\Http\\Request), Object(Closure))
#15 C:\\xampp\\htdocs\\secprog\\SecPro\\FrontEndSec\\vendor\\laravel\\framework\\src\\Illuminate\\View\\Middleware\\ShareErrorsFromSession.php(48): Illuminate\\Pipeline\\Pipeline->Illuminate\\Pipeline\\{closure}(Object(Illuminate\\Http\\Request))
#16 C:\\xampp\\htdocs\\secprog\\SecPro\\FrontEndSec\\vendor\\laravel\\framework\\src\\Illuminate\\Pipeline\\Pipeline.php(219): Illuminate\\View\\Middleware\\ShareErrorsFromSession->handle(Object(Illuminate\\Http\\Request), Object(Closure))
#17 C:\\xampp\\htdocs\\secprog\\SecPro\\FrontEndSec\\vendor\\laravel\\framework\\src\\Illuminate\\Session\\Middleware\\StartSession.php(120): Illuminate\\Pipeline\\Pipeline->Illuminate\\Pipeline\\{closure}(Object(Illuminate\\Http\\Request))
#18 C:\\xampp\\htdocs\\secprog\\SecPro\\FrontEndSec\\vendor\\laravel\\framework\\src\\Illuminate\\Session\\Middleware\\StartSession.php(63): Illuminate\\Session\\Middleware\\StartSession->handleStatefulRequest(Object(Illuminate\\Http\\Request), Object(Illuminate\\Session\\Store), Object(Closure))
#19 C:\\xampp\\htdocs\\secprog\\SecPro\\FrontEndSec\\vendor\\laravel\\framework\\src\\Illuminate\\Pipeline\\Pipeline.php(219): Illuminate\\Session\\Middleware\\StartSession->handle(Object(Illuminate\\Http\\Request), Object(Closure))
#20 C:\\xampp\\htdocs\\secprog\\SecPro\\FrontEndSec\\vendor\\laravel\\framework\\src\\Illuminate\\Cookie\\Middleware\\AddQueuedCookiesToResponse.php(36): Illuminate\\Pipeline\\Pipeline->Illuminate\\Pipeline\\{closure}(Object(Illuminate\\Http\\Request))
#21 C:\\xampp\\htdocs\\secprog\\SecPro\\FrontEndSec\\vendor\\laravel\\framework\\src\\Illuminate\\Pipeline\\Pipeline.php(219): Illuminate\\Cookie\\Middleware\\AddQueuedCookiesToResponse->handle(Object(Illuminate\\Http\\Request), Object(Closure))
#22 C:\\xampp\\htdocs\\secprog\\SecPro\\FrontEndSec\\vendor\\laravel\\framework\\src\\Illuminate\\Cookie\\Middleware\\EncryptCookies.php(74): Illuminate\\Pipeline\\Pipeline->Illuminate\\Pipeline\\{closure}(Object(Illuminate\\Http\\Request))
#23 C:\\xampp\\htdocs\\secprog\\SecPro\\FrontEndSec\\vendor\\laravel\\framework\\src\\Illuminate\\Pipeline\\Pipeline.php(219): Illuminate\\Cookie\\Middleware\\EncryptCookies->handle(Object(Illuminate\\Http\\Request), Object(Closure))
#24 C:\\xampp\\htdocs\\secprog\\SecPro\\FrontEndSec\\vendor\\laravel\\framework\\src\\Illuminate\\Pipeline\\Pipeline.php(137): Illuminate\\Pipeline\\Pipeline->Illuminate\\Pipeline\\{closure}(Object(Illuminate\\Http\\Request))
#25 C:\\xampp\\htdocs\\secprog\\SecPro\\FrontEndSec\\vendor\\laravel\\framework\\src\\Illuminate\\Routing\\Router.php(821): Illuminate\\Pipeline\\Pipeline->then(Object(Closure))
#26 C:\\xampp\\htdocs\\secprog\\SecPro\\FrontEndSec\\vendor\\laravel\\framework\\src\\Illuminate\\Routing\\Router.php(800): Illuminate\\Routing\\Router->runRouteWithinStack(Object(Illuminate\\Routing\\Route), Object(Illuminate\\Http\\Request))
#27 C:\\xampp\\htdocs\\secprog\\SecPro\\FrontEndSec\\vendor\\laravel\\framework\\src\\Illuminate\\Routing\\Router.php(764): Illuminate\\Routing\\Router->runRoute(Object(Illuminate\\Http\\Request), Object(Illuminate\\Routing\\Route))
#28 C:\\xampp\\htdocs\\secprog\\SecPro\\FrontEndSec\\vendor\\laravel\\framework\\src\\Illuminate\\Routing\\Router.php(753): Illuminate\\Routing\\Router->dispatchToRoute(Object(Illuminate\\Http\\Request))
#29 C:\\xampp\\htdocs\\secprog\\SecPro\\FrontEndSec\\vendor\\laravel\\framework\\src\\Illuminate\\Foundation\\Http\\Kernel.php(200): Illuminate\\Routing\\Router->dispatch(Object(Illuminate\\Http\\Request))
#30 C:\\xampp\\htdocs\\secprog\\SecPro\\FrontEndSec\\vendor\\laravel\\framework\\src\\Illuminate\\Pipeline\\Pipeline.php(180): Illuminate\\Foundation\\Http\\Kernel->Illuminate\\Foundation\\Http\\{closure}(Object(Illuminate\\Http\\Request))
#31 C:\\xampp\\htdocs\\secprog\\SecPro\\FrontEndSec\\vendor\\laravel\\framework\\src\\Illuminate\\Foundation\\Http\\Middleware\\TransformsRequest.php(21): Illuminate\\Pipeline\\Pipeline->Illuminate\\Pipeline\\{closure}(Object(Illuminate\\Http\\Request))
#32 C:\\xampp\\htdocs\\secprog\\SecPro\\FrontEndSec\\vendor\\laravel\\framework\\src\\Illuminate\\Foundation\\Http\\Middleware\\ConvertEmptyStringsToNull.php(31): Illuminate\\Foundation\\Http\\Middleware\\TransformsRequest->handle(Object(Illuminate\\Http\\Request), Object(Closure))
#33 C:\\xampp\\htdocs\\secprog\\SecPro\\FrontEndSec\\vendor\\laravel\\framework\\src\\Illuminate\\Pipeline\\Pipeline.php(219): Illuminate\\Foundation\\Http\\Middleware\\ConvertEmptyStringsToNull->handle(Object(Illuminate\\Http\\Request), Object(Closure))
#34 C:\\xampp\\htdocs\\secprog\\SecPro\\FrontEndSec\\vendor\\laravel\\framework\\src\\Illuminate\\Foundation\\Http\\Middleware\\TransformsRequest.php(21): Illuminate\\Pipeline\\Pipeline->Illuminate\\Pipeline\\{closure}(Object(Illuminate\\Http\\Request))
#35 C:\\xampp\\htdocs\\secprog\\SecPro\\FrontEndSec\\vendor\\laravel\\framework\\src\\Illuminate\\Foundation\\Http\\Middleware\\TrimStrings.php(51): Illuminate\\Foundation\\Http\\Middleware\\TransformsRequest->handle(Object(Illuminate\\Http\\Request), Object(Closure))
#36 C:\\xampp\\htdocs\\secprog\\SecPro\\FrontEndSec\\vendor\\laravel\\framework\\src\\Illuminate\\Pipeline\\Pipeline.php(219): Illuminate\\Foundation\\Http\\Middleware\\TrimStrings->handle(Object(Illuminate\\Http\\Request), Object(Closure))
#37 C:\\xampp\\htdocs\\secprog\\SecPro\\FrontEndSec\\vendor\\laravel\\framework\\src\\Illuminate\\Http\\Middleware\\ValidatePostSize.php(27): Illuminate\\Pipeline\\Pipeline->Illuminate\\Pipeline\\{closure}(Object(Illuminate\\Http\\Request))
#38 C:\\xampp\\htdocs\\secprog\\SecPro\\FrontEndSec\\vendor\\laravel\\framework\\src\\Illuminate\\Pipeline\\Pipeline.php(219): Illuminate\\Http\\Middleware\\ValidatePostSize->handle(Object(Illuminate\\Http\\Request), Object(Closure))
#39 C:\\xampp\\htdocs\\secprog\\SecPro\\FrontEndSec\\vendor\\laravel\\framework\\src\\Illuminate\\Foundation\\Http\\Middleware\\PreventRequestsDuringMaintenance.php(109): Illuminate\\Pipeline\\Pipeline->Illuminate\\Pipeline\\{closure}(Object(Illuminate\\Http\\Request))
#40 C:\\xampp\\htdocs\\secprog\\SecPro\\FrontEndSec\\vendor\\laravel\\framework\\src\\Illuminate\\Pipeline\\Pipeline.php(219): Illuminate\\Foundation\\Http\\Middleware\\PreventRequestsDuringMaintenance->handle(Object(Illuminate\\Http\\Request), Object(Closure))
#41 C:\\xampp\\htdocs\\secprog\\SecPro\\FrontEndSec\\vendor\\laravel\\framework\\src\\Illuminate\\Http\\Middleware\\HandleCors.php(48): Illuminate\\Pipeline\\Pipeline->Illuminate\\Pipeline\\{closure}(Object(Illuminate\\Http\\Request))
#42 C:\\xampp\\htdocs\\secprog\\SecPro\\FrontEndSec\\vendor\\laravel\\framework\\src\\Illuminate\\Pipeline\\Pipeline.php(219): Illuminate\\Http\\Middleware\\HandleCors->handle(Object(Illuminate\\Http\\Request), Object(Closure))
#43 C:\\xampp\\htdocs\\secprog\\SecPro\\FrontEndSec\\vendor\\laravel\\framework\\src\\Illuminate\\Http\\Middleware\\TrustProxies.php(58): Illuminate\\Pipeline\\Pipeline->Illuminate\\Pipeline\\{closure}(Object(Illuminate\\Http\\Request))
#44 C:\\xampp\\htdocs\\secprog\\SecPro\\FrontEndSec\\vendor\\laravel\\framework\\src\\Illuminate\\Pipeline\\Pipeline.php(219): Illuminate\\Http\\Middleware\\TrustProxies->handle(Object(Illuminate\\Http\\Request), Object(Closure))
#45 C:\\xampp\\htdocs\\secprog\\SecPro\\FrontEndSec\\vendor\\laravel\\framework\\src\\Illuminate\\Foundation\\Http\\Middleware\\InvokeDeferredCallbacks.php(22): Illuminate\\Pipeline\\Pipeline->Illuminate\\Pipeline\\{closure}(Object(Illuminate\\Http\\Request))
#46 C:\\xampp\\htdocs\\secprog\\SecPro\\FrontEndSec\\vendor\\laravel\\framework\\src\\Illuminate\\Pipeline\\Pipeline.php(219): Illuminate\\Foundation\\Http\\Middleware\\InvokeDeferredCallbacks->handle(Object(Illuminate\\Http\\Request), Object(Closure))
#47 C:\\xampp\\htdocs\\secprog\\SecPro\\FrontEndSec\\vendor\\laravel\\framework\\src\\Illuminate\\Http\\Middleware\\ValidatePathEncoding.php(26): Illuminate\\Pipeline\\Pipeline->Illuminate\\Pipeline\\{closure}(Object(Illuminate\\Http\\Request))
#48 C:\\xampp\\htdocs\\secprog\\SecPro\\FrontEndSec\\vendor\\laravel\\framework\\src\\Illuminate\\Pipeline\\Pipeline.php(219): Illuminate\\Http\\Middleware\\ValidatePathEncoding->handle(Object(Illuminate\\Http\\Request), Object(Closure))
#49 C:\\xampp\\htdocs\\secprog\\SecPro\\FrontEndSec\\vendor\\laravel\\framework\\src\\Illuminate\\Pipeline\\Pipeline.php(137): Illuminate\\Pipeline\\Pipeline->Illuminate\\Pipeline\\{closure}(Object(Illuminate\\Http\\Request))
#50 C:\\xampp\\htdocs\\secprog\\SecPro\\FrontEndSec\\vendor\\laravel\\framework\\src\\Illuminate\\Foundation\\Http\\Kernel.php(175): Illuminate\\Pipeline\\Pipeline->then(Object(Closure))
#51 C:\\xampp\\htdocs\\secprog\\SecPro\\FrontEndSec\\vendor\\laravel\\framework\\src\\Illuminate\\Foundation\\Http\\Kernel.php(144): Illuminate\\Foundation\\Http\\Kernel->sendRequestThroughRouter(Object(Illuminate\\Http\\Request))
#52 C:\\xampp\\htdocs\\secprog\\SecPro\\FrontEndSec\\vendor\\laravel\\framework\\src\\Illuminate\\Foundation\\Application.php(1220): Illuminate\\Foundation\\Http\\Kernel->handle(Object(Illuminate\\Http\\Request))
#53 C:\\xampp\\htdocs\\secprog\\SecPro\\FrontEndSec\\public\\index.php(20): Illuminate\\Foundation\\Application->handleRequest(Object(Illuminate\\Http\\Request))
#54 C:\\xampp\\htdocs\\secprog\\SecPro\\FrontEndSec\\vendor\\laravel\\framework\\src\\Illuminate\\Foundation\\resources\\server.php(23): require_once('C:\\\\xampp\\\\htdocs...')
#55 {main}

[previous exception] [object] (ErrorException(code: 0): Undefined variable $weeklyRecipes at C:\\xampp\\htdocs\\secprog\\SecPro\\FrontEndSec\\storage\\framework\\views\\1f1e764261ce25fd6ab9770d03d6856e.php:140)
[stacktrace]
#0 C:\\xampp\\htdocs\\secprog\\SecPro\\FrontEndSec\\vendor\\laravel\\framework\\src\\Illuminate\\Foundation\\Bootstrap\\HandleExceptions.php(258): Illuminate\\Foundation\\Bootstrap\\HandleExceptions->handleError(2, 'Undefined varia...', 'C:\\\\xampp\\\\htdocs...', 140)
#1 C:\\xampp\\htdocs\\secprog\\SecPro\\FrontEndSec\\storage\\framework\\views\\1f1e764261ce25fd6ab9770d03d6856e.php(140): Illuminate\\Foundation\\Bootstrap\\HandleExceptions->Illuminate\\Foundation\\Bootstrap\\{closure}(2, 'Undefined varia...', 'C:\\\\xampp\\\\htdocs...', 140)
#2 C:\\xampp\\htdocs\\secprog\\SecPro\\FrontEndSec\\vendor\\laravel\\framework\\src\\Illuminate\\Filesystem\\Filesystem.php(123): require('C:\\\\xampp\\\\htdocs...')
#3 C:\\xampp\\htdocs\\secprog\\SecPro\\FrontEndSec\\vendor\\laravel\\framework\\src\\Illuminate\\Filesystem\\Filesystem.php(124): Illuminate\\Filesystem\\Filesystem::Illuminate\\Filesystem\\{closure}()
#4 C:\\xampp\\htdocs\\secprog\\SecPro\\FrontEndSec\\vendor\\laravel\\framework\\src\\Illuminate\\View\\Engines\\PhpEngine.php(57): Illuminate\\Filesystem\\Filesystem->getRequire('C:\\\\xampp\\\\htdocs...', Array)
#5 C:\\xampp\\htdocs\\secprog\\SecPro\\FrontEndSec\\vendor\\laravel\\framework\\src\\Illuminate\\View\\Engines\\CompilerEngine.php(76): Illuminate\\View\\Engines\\PhpEngine->evaluatePath('C:\\\\xampp\\\\htdocs...', Array)
#6 C:\\xampp\\htdocs\\secprog\\SecPro\\FrontEndSec\\vendor\\laravel\\framework\\src\\Illuminate\\View\\View.php(208): Illuminate\\View\\Engines\\CompilerEngine->get('C:\\\\xampp\\\\htdocs...', Array)
#7 C:\\xampp\\htdocs\\secprog\\SecPro\\FrontEndSec\\vendor\\laravel\\framework\\src\\Illuminate\\View\\View.php(191): Illuminate\\View\\View->getContents()
#8 C:\\xampp\\htdocs\\secprog\\SecPro\\FrontEndSec\\vendor\\laravel\\framework\\src\\Illuminate\\View\\View.php(160): Illuminate\\View\\View->renderContents()
#9 C:\\xampp\\htdocs\\secprog\\SecPro\\FrontEndSec\\vendor\\laravel\\framework\\src\\Illuminate\\Http\\Response.php(78): Illuminate\\View\\View->render()
#10 C:\\xampp\\htdocs\\secprog\\SecPro\\FrontEndSec\\vendor\\laravel\\framework\\src\\Illuminate\\Http\\Response.php(34): Illuminate\\Http\\Response->setContent(Object(Illuminate\\View\\View))
#11 C:\\xampp\\htdocs\\secprog\\SecPro\\FrontEndSec\\vendor\\laravel\\framework\\src\\Illuminate\\Routing\\Router.php(939): Illuminate\\Http\\Response->__construct(Object(Illuminate\\View\\View), 200, Array)
#12 C:\\xampp\\htdocs\\secprog\\SecPro\\FrontEndSec\\vendor\\laravel\\framework\\src\\Illuminate\\Routing\\Router.php(906): Illuminate\\Routing\\Router::toResponse(Object(Illuminate\\Http\\Request), Object(Illuminate\\View\\View))
#13 C:\\xampp\\htdocs\\secprog\\SecPro\\FrontEndSec\\vendor\\laravel\\framework\\src\\Illuminate\\Routing\\Router.php(821): Illuminate\\Routing\\Router->prepareResponse(Object(Illuminate\\Http\\Request), Object(Illuminate\\View\\View))
#14 C:\\xampp\\htdocs\\secprog\\SecPro\\FrontEndSec\\vendor\\laravel\\framework\\src\\Illuminate\\Pipeline\\Pipeline.php(180): Illuminate\\Routing\\Router->Illuminate\\Routing\\{closure}(Object(Illuminate\\Http\\Request))
#15 C:\\xampp\\htdocs\\secprog\\SecPro\\FrontEndSec\\vendor\\laravel\\framework\\src\\Illuminate\\Routing\\Middleware\\SubstituteBindings.php(50): Illuminate\\Pipeline\\Pipeline->Illuminate\\Pipeline\\{closure}(Object(Illuminate\\Http\\Request))
#16 C:\\xampp\\htdocs\\secprog\\SecPro\\FrontEndSec\\vendor\\laravel\\framework\\src\\Illuminate\\Pipeline\\Pipeline.php(219): Illuminate\\Routing\\Middleware\\SubstituteBindings->handle(Object(Illuminate\\Http\\Request), Object(Closure))
#17 C:\\xampp\\htdocs\\secprog\\SecPro\\FrontEndSec\\vendor\\laravel\\framework\\src\\Illuminate\\Foundation\\Http\\Middleware\\VerifyCsrfToken.php(87): Illuminate\\Pipeline\\Pipeline->Illuminate\\Pipeline\\{closure}(Object(Illuminate\\Http\\Request))
#18 C:\\xampp\\htdocs\\secprog\\SecPro\\FrontEndSec\\vendor\\laravel\\framework\\src\\Illuminate\\Pipeline\\Pipeline.php(219): Illuminate\\Foundation\\Http\\Middleware\\VerifyCsrfToken->handle(Object(Illuminate\\Http\\Request), Object(Closure))
#19 C:\\xampp\\htdocs\\secprog\\SecPro\\FrontEndSec\\vendor\\laravel\\framework\\src\\Illuminate\\View\\Middleware\\ShareErrorsFromSession.php(48): Illuminate\\Pipeline\\Pipeline->Illuminate\\Pipeline\\{closure}(Object(Illuminate\\Http\\Request))
#20 C:\\xampp\\htdocs\\secprog\\SecPro\\FrontEndSec\\vendor\\laravel\\framework\\src\\Illuminate\\Pipeline\\Pipeline.php(219): Illuminate\\View\\Middleware\\ShareErrorsFromSession->handle(Object(Illuminate\\Http\\Request), Object(Closure))
#21 C:\\xampp\\htdocs\\secprog\\SecPro\\FrontEndSec\\vendor\\laravel\\framework\\src\\Illuminate\\Session\\Middleware\\StartSession.php(120): Illuminate\\Pipeline\\Pipeline->Illuminate\\Pipeline\\{closure}(Object(Illuminate\\Http\\Request))
#22 C:\\xampp\\htdocs\\secprog\\SecPro\\FrontEndSec\\vendor\\laravel\\framework\\src\\Illuminate\\Session\\Middleware\\StartSession.php(63): Illuminate\\Session\\Middleware\\StartSession->handleStatefulRequest(Object(Illuminate\\Http\\Request), Object(Illuminate\\Session\\Store), Object(Closure))
#23 C:\\xampp\\htdocs\\secprog\\SecPro\\FrontEndSec\\vendor\\laravel\\framework\\src\\Illuminate\\Pipeline\\Pipeline.php(219): Illuminate\\Session\\Middleware\\StartSession->handle(Object(Illuminate\\Http\\Request), Object(Closure))
#24 C:\\xampp\\htdocs\\secprog\\SecPro\\FrontEndSec\\vendor\\laravel\\framework\\src\\Illuminate\\Cookie\\Middleware\\AddQueuedCookiesToResponse.php(36): Illuminate\\Pipeline\\Pipeline->Illuminate\\Pipeline\\{closure}(Object(Illuminate\\Http\\Request))
#25 C:\\xampp\\htdocs\\secprog\\SecPro\\FrontEndSec\\vendor\\laravel\\framework\\src\\Illuminate\\Pipeline\\Pipeline.php(219): Illuminate\\Cookie\\Middleware\\AddQueuedCookiesToResponse->handle(Object(Illuminate\\Http\\Request), Object(Closure))
#26 C:\\xampp\\htdocs\\secprog\\SecPro\\FrontEndSec\\vendor\\laravel\\framework\\src\\Illuminate\\Cookie\\Middleware\\EncryptCookies.php(74): Illuminate\\Pipeline\\Pipeline->Illuminate\\Pipeline\\{closure}(Object(Illuminate\\Http\\Request))
#27 C:\\xampp\\htdocs\\secprog\\SecPro\\FrontEndSec\\vendor\\laravel\\framework\\src\\Illuminate\\Pipeline\\Pipeline.php(219): Illuminate\\Cookie\\Middleware\\EncryptCookies->handle(Object(Illuminate\\Http\\Request), Object(Closure))
#28 C:\\xampp\\htdocs\\secprog\\SecPro\\FrontEndSec\\vendor\\laravel\\framework\\src\\Illuminate\\Pipeline\\Pipeline.php(137): Illuminate\\Pipeline\\Pipeline->Illuminate\\Pipeline\\{closure}(Object(Illuminate\\Http\\Request))
#29 C:\\xampp\\htdocs\\secprog\\SecPro\\FrontEndSec\\vendor\\laravel\\framework\\src\\Illuminate\\Routing\\Router.php(821): Illuminate\\Pipeline\\Pipeline->then(Object(Closure))
#30 C:\\xampp\\htdocs\\secprog\\SecPro\\FrontEndSec\\vendor\\laravel\\framework\\src\\Illuminate\\Routing\\Router.php(800): Illuminate\\Routing\\Router->runRouteWithinStack(Object(Illuminate\\Routing\\Route), Object(Illuminate\\Http\\Request))
#31 C:\\xampp\\htdocs\\secprog\\SecPro\\FrontEndSec\\vendor\\laravel\\framework\\src\\Illuminate\\Routing\\Router.php(764): Illuminate\\Routing\\Router->runRoute(Object(Illuminate\\Http\\Request), Object(Illuminate\\Routing\\Route))
#32 C:\\xampp\\htdocs\\secprog\\SecPro\\FrontEndSec\\vendor\\laravel\\framework\\src\\Illuminate\\Routing\\Router.php(753): Illuminate\\Routing\\Router->dispatchToRoute(Object(Illuminate\\Http\\Request))
#33 C:\\xampp\\htdocs\\secprog\\SecPro\\FrontEndSec\\vendor\\laravel\\framework\\src\\Illuminate\\Foundation\\Http\\Kernel.php(200): Illuminate\\Routing\\Router->dispatch(Object(Illuminate\\Http\\Request))
#34 C:\\xampp\\htdocs\\secprog\\SecPro\\FrontEndSec\\vendor\\laravel\\framework\\src\\Illuminate\\Pipeline\\Pipeline.php(180): Illuminate\\Foundation\\Http\\Kernel->Illuminate\\Foundation\\Http\\{closure}(Object(Illuminate\\Http\\Request))
#35 C:\\xampp\\htdocs\\secprog\\SecPro\\FrontEndSec\\vendor\\laravel\\framework\\src\\Illuminate\\Foundation\\Http\\Middleware\\TransformsRequest.php(21): Illuminate\\Pipeline\\Pipeline->Illuminate\\Pipeline\\{closure}(Object(Illuminate\\Http\\Request))
#36 C:\\xampp\\htdocs\\secprog\\SecPro\\FrontEndSec\\vendor\\laravel\\framework\\src\\Illuminate\\Foundation\\Http\\Middleware\\ConvertEmptyStringsToNull.php(31): Illuminate\\Foundation\\Http\\Middleware\\TransformsRequest->handle(Object(Illuminate\\Http\\Request), Object(Closure))
#37 C:\\xampp\\htdocs\\secprog\\SecPro\\FrontEndSec\\vendor\\laravel\\framework\\src\\Illuminate\\Pipeline\\Pipeline.php(219): Illuminate\\Foundation\\Http\\Middleware\\ConvertEmptyStringsToNull->handle(Object(Illuminate\\Http\\Request), Object(Closure))
#38 C:\\xampp\\htdocs\\secprog\\SecPro\\FrontEndSec\\vendor\\laravel\\framework\\src\\Illuminate\\Foundation\\Http\\Middleware\\TransformsRequest.php(21): Illuminate\\Pipeline\\Pipeline->Illuminate\\Pipeline\\{closure}(Object(Illuminate\\Http\\Request))
#39 C:\\xampp\\htdocs\\secprog\\SecPro\\FrontEndSec\\vendor\\laravel\\framework\\src\\Illuminate\\Foundation\\Http\\Middleware\\TrimStrings.php(51): Illuminate\\Foundation\\Http\\Middleware\\TransformsRequest->handle(Object(Illuminate\\Http\\Request), Object(Closure))
#40 C:\\xampp\\htdocs\\secprog\\SecPro\\FrontEndSec\\vendor\\laravel\\framework\\src\\Illuminate\\Pipeline\\Pipeline.php(219): Illuminate\\Foundation\\Http\\Middleware\\TrimStrings->handle(Object(Illuminate\\Http\\Request), Object(Closure))
#41 C:\\xampp\\htdocs\\secprog\\SecPro\\FrontEndSec\\vendor\\laravel\\framework\\src\\Illuminate\\Http\\Middleware\\ValidatePostSize.php(27): Illuminate\\Pipeline\\Pipeline->Illuminate\\Pipeline\\{closure}(Object(Illuminate\\Http\\Request))
#42 C:\\xampp\\htdocs\\secprog\\SecPro\\FrontEndSec\\vendor\\laravel\\framework\\src\\Illuminate\\Pipeline\\Pipeline.php(219): Illuminate\\Http\\Middleware\\ValidatePostSize->handle(Object(Illuminate\\Http\\Request), Object(Closure))
#43 C:\\xampp\\htdocs\\secprog\\SecPro\\FrontEndSec\\vendor\\laravel\\framework\\src\\Illuminate\\Foundation\\Http\\Middleware\\PreventRequestsDuringMaintenance.php(109): Illuminate\\Pipeline\\Pipeline->Illuminate\\Pipeline\\{closure}(Object(Illuminate\\Http\\Request))
#44 C:\\xampp\\htdocs\\secprog\\SecPro\\FrontEndSec\\vendor\\laravel\\framework\\src\\Illuminate\\Pipeline\\Pipeline.php(219): Illuminate\\Foundation\\Http\\Middleware\\PreventRequestsDuringMaintenance->handle(Object(Illuminate\\Http\\Request), Object(Closure))
#45 C:\\xampp\\htdocs\\secprog\\SecPro\\FrontEndSec\\vendor\\laravel\\framework\\src\\Illuminate\\Http\\Middleware\\HandleCors.php(48): Illuminate\\Pipeline\\Pipeline->Illuminate\\Pipeline\\{closure}(Object(Illuminate\\Http\\Request))
#46 C:\\xampp\\htdocs\\secprog\\SecPro\\FrontEndSec\\vendor\\laravel\\framework\\src\\Illuminate\\Pipeline\\Pipeline.php(219): Illuminate\\Http\\Middleware\\HandleCors->handle(Object(Illuminate\\Http\\Request), Object(Closure))
#47 C:\\xampp\\htdocs\\secprog\\SecPro\\FrontEndSec\\vendor\\laravel\\framework\\src\\Illuminate\\Http\\Middleware\\TrustProxies.php(58): Illuminate\\Pipeline\\Pipeline->Illuminate\\Pipeline\\{closure}(Object(Illuminate\\Http\\Request))
#48 C:\\xampp\\htdocs\\secprog\\SecPro\\FrontEndSec\\vendor\\laravel\\framework\\src\\Illuminate\\Pipeline\\Pipeline.php(219): Illuminate\\Http\\Middleware\\TrustProxies->handle(Object(Illuminate\\Http\\Request), Object(Closure))
#49 C:\\xampp\\htdocs\\secprog\\SecPro\\FrontEndSec\\vendor\\laravel\\framework\\src\\Illuminate\\Foundation\\Http\\Middleware\\InvokeDeferredCallbacks.php(22): Illuminate\\Pipeline\\Pipeline->Illuminate\\Pipeline\\{closure}(Object(Illuminate\\Http\\Request))
#50 C:\\xampp\\htdocs\\secprog\\SecPro\\FrontEndSec\\vendor\\laravel\\framework\\src\\Illuminate\\Pipeline\\Pipeline.php(219): Illuminate\\Foundation\\Http\\Middleware\\InvokeDeferredCallbacks->handle(Object(Illuminate\\Http\\Request), Object(Closure))
#51 C:\\xampp\\htdocs\\secprog\\SecPro\\FrontEndSec\\vendor\\laravel\\framework\\src\\Illuminate\\Http\\Middleware\\ValidatePathEncoding.php(26): Illuminate\\Pipeline\\Pipeline->Illuminate\\Pipeline\\{closure}(Object(Illuminate\\Http\\Request))
#52 C:\\xampp\\htdocs\\secprog\\SecPro\\FrontEndSec\\vendor\\laravel\\framework\\src\\Illuminate\\Pipeline\\Pipeline.php(219): Illuminate\\Http\\Middleware\\ValidatePathEncoding->handle(Object(Illuminate\\Http\\Request), Object(Closure))
#53 C:\\xampp\\htdocs\\secprog\\SecPro\\FrontEndSec\\vendor\\laravel\\framework\\src\\Illuminate\\Pipeline\\Pipeline.php(137): Illuminate\\Pipeline\\Pipeline->Illuminate\\Pipeline\\{closure}(Object(Illuminate\\Http\\Request))
#54 C:\\xampp\\htdocs\\secprog\\SecPro\\FrontEndSec\\vendor\\laravel\\framework\\src\\Illuminate\\Foundation\\Http\\Kernel.php(175): Illuminate\\Pipeline\\Pipeline->then(Object(Closure))
#55 C:\\xampp\\htdocs\\secprog\\SecPro\\FrontEndSec\\vendor\\laravel\\framework\\src\\Illuminate\\Foundation\\Http\\Kernel.php(144): Illuminate\\Foundation\\Http\\Kernel->sendRequestThroughRouter(Object(Illuminate\\Http\\Request))
#56 C:\\xampp\\htdocs\\secprog\\SecPro\\FrontEndSec\\vendor\\laravel\\framework\\src\\Illuminate\\Foundation\\Application.php(1220): Illuminate\\Foundation\\Http\\Kernel->handle(Object(Illuminate\\Http\\Request))
#57 C:\\xampp\\htdocs\\secprog\\SecPro\\FrontEndSec\\public\\index.php(20): Illuminate\\Foundation\\Application->handleRequest(Object(Illuminate\\Http\\Request))
#58 C:\\xampp\\htdocs\\secprog\\SecPro\\FrontEndSec\\vendor\\laravel\\framework\\src\\Illuminate\\Foundation\\resources\\server.php(23): require_once('C:\\\\xampp\\\\htdocs...')
#59 {main}
"} 
